-- phpMyAdmin SQL Dump
-- version 5.2.1
-- https://www.phpmyadmin.net/
--
-- Hôte : localhost
-- Généré le : jeu. 02 jan. 2025 à 12:33
-- Version du serveur : 10.4.28-MariaDB
-- Version de PHP : 8.2.4

SET SQL_MODE = "NO_AUTO_VALUE_ON_ZERO";
START TRANSACTION;
SET time_zone = "+00:00";

CREATE TABLE parrainers (
    id INT AUTO_INCREMENT PRIMARY KEY,
    name VARCHAR(100) NOT NULL,
    phone VARCHAR(20) UNIQUE NOT NULL,
    balance DECIMAL(10,2),
    created_at TIMESTAMP DEFAULT CURRENT_TIMESTAMP
);



CREATE TABLE absences_activity (
    id INT AUTO_INCREMENT PRIMARY KEY,
    activity_id INT NOT NULL,
    session_number INT NULL,
    student_id INT NULL,
    student_ert_id INT NULL,
    absence_date DATETIME NOT NULL DEFAULT CURRENT_TIMESTAMP,
    is_absent BOOLEAN NOT NULL DEFAULT 1,
    FOREIGN KEY (activity_id) REFERENCES activities(id)
);


/*!40101 SET @OLD_CHARACTER_SET_CLIENT=@@CHARACTER_SET_CLIENT */;
/*!40101 SET @OLD_CHARACTER_SET_RESULTS=@@CHARACTER_SET_RESULTS */;
/*!40101 SET @OLD_COLLATION_CONNECTION=@@COLLATION_CONNECTION */;
/*!40101 SET NAMES utf8mb4 */;

--
-- Base de données : `employeeleavedb`
--

-- --------------------------------------------------------

--
-- Structure de la table `absences`
--

CREATE TABLE `absences` (
  `absence_id` int(11) NOT NULL,
  `student_id` int(11) NOT NULL,
  `session_time` varchar(255) NOT NULL,
  `created_at` timestamp NOT NULL DEFAULT current_timestamp()
) ENGINE=InnoDB DEFAULT CHARSET=utf8mb4 COLLATE=utf8mb4_general_ci;

--
-- Déchargement des données de la table `absences`
--

INSERT INTO `absences` (`absence_id`, `student_id`, `session_time`, `created_at`) VALUES
(11, 365, ' مساءً', '2024-11-27 19:53:50'),
(12, 365, ' صباحًا', '2024-11-29 20:40:25'),
(13, 365, ' صباحًا', '2024-11-30 09:18:49'),
(14, 365, ' مساءً', '2024-11-30 09:35:29'),
(15, 279, ' صباحًا', '2024-11-30 11:02:14'),
(16, 334, ' صباحًا', '2024-11-30 11:02:35'),
(17, 349, ' صباحًا', '2024-11-30 11:02:46'),
(18, 180, ' صباحًا', '2024-11-30 11:06:39'),
(20, 204, ' صباحًا', '2024-11-30 11:08:30'),
(21, 201, ' صباحًا', '2024-11-30 11:08:43'),
(23, 429, ' صباحًا', '2024-11-30 11:11:42'),
(26, 651, ' صباحًا', '2024-11-30 11:16:44'),
(27, 667, ' صباحًا', '2024-11-30 11:16:53'),
(28, 668, ' صباحًا', '2024-11-30 11:17:10'),
(29, 596, ' صباحًا', '2024-11-30 11:19:52'),
(30, 621, ' صباحًا', '2024-11-30 11:24:16'),
(31, 612, ' صباحًا', '2024-11-30 11:24:29'),
(32, 608, ' صباحًا', '2024-11-30 11:24:38'),
(33, 598, ' صباحًا', '2024-11-30 11:24:52'),
(34, 596, ' صباحًا', '2024-11-30 11:25:06'),
(36, 504, ' صباحًا', '2024-11-30 11:37:08'),
(37, 557, ' صباحًا', '2024-11-30 11:37:21'),
(38, 503, ' صباحًا', '2024-11-30 11:37:23'),
(39, 556, ' صباحًا', '2024-11-30 11:37:35'),
(40, 500, ' صباحًا', '2024-11-30 11:37:49'),
(42, 526, ' صباحًا', '2024-11-30 11:37:58'),
(43, 499, ' صباحًا', '2024-11-30 11:38:08'),
(44, 488, ' صباحًا', '2024-11-30 11:38:19'),
(45, 477, ' صباحًا', '2024-11-30 11:38:27'),
(46, 463, ' صباحًا', '2024-11-30 11:38:37'),
(47, 453, ' صباحًا', '2024-11-30 11:38:46'),
(48, 575, ' صباحًا', '2024-11-30 11:42:59'),
(49, 564, ' صباحًا', '2024-11-30 11:43:16'),
(50, 555, ' صباحًا', '2024-11-30 11:43:22'),
(52, 521, ' صباحًا', '2024-11-30 11:43:34'),
(53, 434, ' صباحًا', '2024-11-30 11:48:41'),
(54, 428, ' صباحًا', '2024-11-30 11:48:51'),
(55, 427, ' صباحًا', '2024-11-30 11:49:19'),
(56, 425, ' صباحًا', '2024-11-30 11:49:30'),
(57, 421, ' صباحًا', '2024-11-30 11:49:37'),
(58, 415, ' صباحًا', '2024-11-30 11:49:47'),
(59, 410, ' صباحًا', '2024-11-30 11:49:53'),
(60, 403, ' صباحًا', '2024-11-30 11:50:03'),
(61, 400, ' صباحًا', '2024-11-30 11:50:09'),
(62, 397, ' صباحًا', '2024-11-30 11:50:21'),
(63, 393, ' صباحًا', '2024-11-30 11:50:29'),
(64, 390, ' صباحًا', '2024-11-30 11:50:38'),
(65, 387, ' صباحًا', '2024-11-30 11:50:45'),
(66, 386, ' صباحًا', '2024-11-30 11:50:58'),
(68, 636, ' مساءً', '2024-11-30 16:23:18'),
(69, 674, ' مساءً', '2024-11-30 16:27:29'),
(70, 489, ' مساءً', '2024-11-30 16:27:39'),
(71, 492, ' مساءً', '2024-11-30 16:27:48'),
(72, 494, ' مساءً', '2024-11-30 16:27:55'),
(73, 481, ' مساءً', '2024-11-30 16:28:16'),
(75, 527, ' مساءً', '2024-11-30 16:30:00'),
(76, 511, ' مساءً', '2024-11-30 16:30:16'),
(77, 909, ' مساءً', '2024-11-30 16:36:44'),
(78, 837, ' مساءً', '2024-11-30 16:36:59'),
(79, 668, ' مساءً', '2024-11-30 16:37:13'),
(80, 665, ' مساءً', '2024-11-30 16:37:31'),
(81, 654, ' مساءً', '2024-11-30 16:37:51'),
(82, 649, ' مساءً', '2024-11-30 16:38:05'),
(83, 475, ' مساءً', '2024-11-30 16:41:48'),
(85, 797, ' مساءً', '2024-11-30 16:42:43'),
(86, 801, ' مساءً', '2024-11-30 16:42:53'),
(87, 500, ' مساءً', '2024-11-30 16:45:05'),
(88, 412, ' مساءً', '2024-11-30 16:46:57'),
(89, 833, ' مساءً', '2024-11-30 16:47:07'),
(90, 827, ' مساءً', '2024-11-30 16:47:21'),
(91, 180, ' مساءً', '2024-11-30 16:47:24'),
(92, 201, ' مساءً', '2024-11-30 16:47:35'),
(93, 818, ' مساءً', '2024-11-30 16:47:47'),
(94, 206, ' مساءً', '2024-11-30 16:48:03'),
(96, 564, ' مساءً', '2024-11-30 16:50:32'),
(97, 384, ' مساءً', '2024-11-30 16:51:08'),
(98, 338, ' مساءً', '2024-11-30 16:51:18'),
(99, 312, ' مساءً', '2024-11-30 16:51:27'),
(100, 305, ' مساءً', '2024-11-30 16:51:37'),
(101, 650, ' مساءً', '2024-11-30 16:56:05'),
(102, 646, ' مساءً', '2024-11-30 16:56:18'),
(103, 635, ' مساءً', '2024-11-30 16:56:26'),
(104, 631, ' مساءً', '2024-11-30 16:57:14'),
(105, 630, ' مساءً', '2024-11-30 16:57:21'),
(106, 628, ' مساءً', '2024-11-30 16:57:42'),
(107, 623, ' مساءً', '2024-11-30 16:57:49'),
(108, 618, ' مساءً', '2024-11-30 16:57:56'),
(109, 615, ' مساءً', '2024-11-30 16:58:03'),
(110, 608, ' مساءً', '2024-11-30 16:58:10'),
(111, 392, ' مساءً', '2024-11-30 17:02:19'),
(112, 389, ' مساءً', '2024-11-30 17:02:56'),
(113, 356, ' مساءً', '2024-11-30 17:03:23'),
(118, 269, ' مساءً', '2024-11-30 17:05:33'),
(119, 264, ' مساءً', '2024-11-30 17:05:40'),
(120, 263, ' مساءً', '2024-11-30 17:05:46'),
(121, 261, ' مساءً', '2024-11-30 17:05:53'),
(122, 214, ' مساءً', '2024-11-30 17:06:04'),
(123, 202, ' مساءً', '2024-11-30 17:06:19'),
(124, 185, ' مساءً', '2024-11-30 17:06:28'),
(125, 173, ' مساءً', '2024-11-30 17:06:39'),
(126, 387, ' مساءً', '2024-11-30 17:15:21'),
(127, 390, ' مساءً', '2024-11-30 17:15:44'),
(128, 397, ' مساءً', '2024-11-30 17:15:51'),
(129, 400, ' مساءً', '2024-11-30 17:16:13'),
(130, 421, ' مساءً', '2024-11-30 17:16:19'),
(131, 423, ' مساءً', '2024-11-30 17:16:43'),
(132, 428, ' مساءً', '2024-11-30 17:16:50'),
(133, 263, ' صباحًا', '2024-12-01 10:36:38'),
(134, 224, ' صباحًا', '2024-12-01 10:36:51'),
(135, 221, ' صباحًا', '2024-12-01 10:37:41'),
(136, 173, ' صباحًا', '2024-12-01 10:37:51'),
(137, 922, ' صباحًا', '2024-12-01 10:49:52'),
(138, 673, ' صباحًا', '2024-12-01 10:50:05'),
(139, 671, ' صباحًا', '2024-12-01 10:50:17'),
(140, 505, ' صباحًا', '2024-12-01 10:50:29'),
(141, 501, ' صباحًا', '2024-12-01 10:50:48'),
(142, 497, ' صباحًا', '2024-12-01 10:52:14'),
(143, 490, ' صباحًا', '2024-12-01 10:53:24'),
(144, 485, ' صباحًا', '2024-12-01 10:54:06'),
(146, 564, ' صباحًا', '2024-12-01 10:58:25'),
(147, 559, ' صباحًا', '2024-12-01 10:58:47'),
(148, 554, ' صباحًا', '2024-12-01 10:58:55'),
(149, 552, ' صباحًا', '2024-12-01 10:59:01'),
(150, 518, ' صباحًا', '2024-12-01 10:59:08'),
(151, 683, ' صباحًا', '2024-12-01 11:00:49'),
(152, 593, ' صباحًا', '2024-12-01 11:01:00'),
(153, 456, ' صباحًا', '2024-12-01 11:01:40'),
(154, 433, ' صباحًا', '2024-12-01 11:02:21'),
(155, 925, ' صباحًا', '2024-12-01 11:04:12'),
(157, 404, ' صباحًا', '2024-12-01 11:07:33'),
(158, 392, ' صباحًا', '2024-12-01 11:07:49'),
(159, 389, ' صباحًا', '2024-12-01 11:08:17'),
(160, 385, ' صباحًا', '2024-12-01 11:08:38'),
(161, 378, ' صباحًا', '2024-12-01 11:09:02'),
(162, 365, ' صباحًا', '2024-12-01 11:09:22'),
(163, 356, ' صباحًا', '2024-12-01 11:09:45'),
(165, 556, ' صباحًا', '2024-12-01 11:10:43'),
(167, 285, ' صباحًا', '2024-12-01 11:11:42'),
(168, 434, ' صباحًا', '2024-12-01 11:15:31'),
(169, 431, ' صباحًا', '2024-12-01 11:15:59'),
(170, 425, ' صباحًا', '2024-12-01 11:16:25'),
(171, 386, ' صباحًا', '2024-12-01 11:17:08'),
(172, 387, ' صباحًا', '2024-12-01 11:17:36'),
(173, 390, ' صباحًا', '2024-12-01 11:17:55'),
(174, 397, ' صباحًا', '2024-12-01 11:18:30'),
(175, 403, ' صباحًا', '2024-12-01 11:18:42'),
(176, 407, ' صباحًا', '2024-12-01 11:18:58'),
(177, 415, ' صباحًا', '2024-12-01 11:19:05'),
(178, 418, ' صباحًا', '2024-12-01 11:19:15'),
(179, 421, ' صباحًا', '2024-12-01 11:19:38'),
(180, 509, ' صباحًا', '2024-12-01 11:23:38'),
(181, 503, ' صباحًا', '2024-12-01 11:23:48'),
(182, 500, ' صباحًا', '2024-12-01 11:24:04'),
(183, 499, ' صباحًا', '2024-12-01 11:24:22'),
(184, 495, ' صباحًا', '2024-12-01 11:24:28'),
(185, 477, ' صباحًا', '2024-12-01 11:24:34'),
(186, 472, ' صباحًا', '2024-12-01 11:24:46'),
(187, 463, ' صباحًا', '2024-12-01 11:24:52'),
(188, 453, ' صباحًا', '2024-12-01 11:25:04'),
(189, 206, ' صباحًا', '2024-12-01 11:27:01'),
(190, 204, ' صباحًا', '2024-12-01 11:27:11'),
(191, 201, ' صباحًا', '2024-12-01 11:27:24'),
(192, 196, ' صباحًا', '2024-12-01 11:27:45'),
(193, 180, ' صباحًا', '2024-12-01 11:27:55'),
(195, 509, ' مساءً', '2024-12-01 16:22:39'),
(196, 477, ' مساءً', '2024-12-01 16:22:54'),
(197, 472, ' مساءً', '2024-12-01 16:23:38'),
(198, 453, ' مساءً', '2024-12-01 16:23:58'),
(199, 564, ' مساءً', '2024-12-01 16:28:39'),
(200, 552, ' مساءً', '2024-12-01 16:29:41'),
(201, 460, ' مساءً', '2024-12-01 16:30:03'),
(202, 455, ' مساءً', '2024-12-01 16:30:19'),
(203, 210, ' مساءً', '2024-12-01 16:30:26'),
(204, 450, ' مساءً', '2024-12-01 16:32:35'),
(205, 439, ' مساءً', '2024-12-01 16:32:46'),
(206, 437, ' مساءً', '2024-12-01 16:32:53'),
(207, 404, ' مساءً', '2024-12-01 16:36:12'),
(208, 392, ' مساءً', '2024-12-01 16:36:40'),
(209, 378, ' مساءً', '2024-12-01 16:37:04'),
(210, 356, ' مساءً', '2024-12-01 16:37:11'),
(212, 492, ' مساءً', '2024-12-01 16:38:29'),
(213, 387, ' مساءً', '2024-12-01 16:41:40'),
(214, 397, ' مساءً', '2024-12-01 16:41:54'),
(215, 403, ' مساءً', '2024-12-01 16:42:22'),
(216, 418, ' مساءً', '2024-12-01 16:42:52'),
(217, 421, ' مساءً', '2024-12-01 16:43:25'),
(218, 427, ' مساءً', '2024-12-01 16:43:42'),
(219, 805, ' مساءً', '2024-12-01 16:47:25'),
(220, 800, ' مساءً', '2024-12-01 16:47:38'),
(221, 932, ' مساءً', '2024-12-01 16:49:02'),
(222, 668, ' مساءً', '2024-12-01 16:49:12'),
(223, 663, ' مساءً', '2024-12-01 16:49:33'),
(224, 660, ' مساءً', '2024-12-01 16:49:41'),
(225, 657, ' مساءً', '2024-12-01 16:49:49'),
(226, 651, ' مساءً', '2024-12-01 16:49:58'),
(227, 833, ' مساءً', '2024-12-01 16:50:14'),
(228, 590, ' مساءً', '2024-12-01 16:50:22'),
(229, 587, ' مساءً', '2024-12-01 16:50:30'),
(230, 551, ' مساءً', '2024-12-01 16:50:37'),
(231, 515, ' مساءً', '2024-12-01 16:50:45'),
(232, 650, ' مساءً', '2024-12-01 16:52:43'),
(233, 635, ' مساءً', '2024-12-01 16:53:16'),
(234, 630, ' مساءً', '2024-12-01 16:53:43'),
(235, 628, ' مساءً', '2024-12-01 16:54:45'),
(236, 615, ' مساءً', '2024-12-01 16:54:54'),
(237, 312, ' مساءً', '2024-12-01 16:55:01'),
(238, 614, ' مساءً', '2024-12-01 16:55:23'),
(239, 608, ' مساءً', '2024-12-01 16:55:47'),
(240, 705, ' مساءً', '2024-12-01 16:56:49'),
(241, 201, ' مساءً', '2024-12-01 16:58:14'),
(242, 181, ' مساءً', '2024-12-01 16:58:33'),
(243, 180, ' مساءً', '2024-12-01 16:58:40'),
(244, 276, ' مساءً', '2024-12-02 16:20:01'),
(245, 256, ' مساءً', '2024-12-02 16:22:49'),
(246, 564, ' مساءً', '2024-12-02 16:26:06'),
(247, 555, ' مساءً', '2024-12-02 16:26:25'),
(248, 421, ' مساءً', '2024-12-02 16:31:06'),
(249, 922, ' مساءً', '2024-12-02 16:31:23'),
(250, 397, ' مساءً', '2024-12-02 16:31:27'),
(251, 673, ' مساءً', '2024-12-02 16:31:39'),
(252, 387, ' مساءً', '2024-12-02 16:31:47'),
(253, 497, ' مساءً', '2024-12-02 16:31:48'),
(254, 489, ' مساءً', '2024-12-02 16:33:04'),
(256, 375, ' مساءً', '2024-12-02 16:33:32'),
(257, 446, ' مساءً', '2024-12-02 16:33:34'),
(258, 433, ' مساءً', '2024-12-02 16:33:45'),
(259, 660, ' مساءً', '2024-12-02 16:38:31'),
(260, 590, ' مساءً', '2024-12-02 16:38:43'),
(261, 587, ' مساءً', '2024-12-02 16:39:18'),
(262, 537, ' مساءً', '2024-12-02 16:39:26'),
(263, 652, ' مساءً', '2024-12-02 16:41:16'),
(264, 635, ' مساءً', '2024-12-02 16:41:33'),
(265, 615, ' مساءً', '2024-12-02 16:41:51'),
(266, 614, ' مساءً', '2024-12-02 16:42:01'),
(267, 929, ' مساءً', '2024-12-02 16:43:19'),
(268, 404, ' مساءً', '2024-12-02 16:43:28'),
(269, 336, ' مساءً', '2024-12-02 16:43:49'),
(271, 666, ' مساءً', '2024-12-02 16:47:17'),
(272, 509, ' مساءً', '2024-12-02 16:47:30'),
(273, 453, ' مساءً', '2024-12-02 16:47:47'),
(274, 206, ' مساءً', '2024-12-02 16:49:17'),
(275, 183, ' مساءً', '2024-12-02 16:49:27'),
(276, 180, ' مساءً', '2024-12-02 16:49:39'),
(277, 175, ' مساءً', '2024-12-02 16:50:01'),
(278, 167, ' مساءً', '2024-12-02 16:50:18'),
(279, 439, ' مساءً', '2024-12-02 17:33:47'),
(280, 277, ' مساءً', '2024-12-03 16:17:30'),
(281, 276, ' مساءً', '2024-12-03 16:17:51'),
(282, 376, ' مساءً', '2024-12-03 16:19:09'),
(283, 287, ' مساءً', '2024-12-03 16:19:18'),
(284, 190, ' مساءً', '2024-12-03 16:19:35'),
(285, 204, ' مساءً', '2024-12-03 16:24:31'),
(286, 685, ' مساءً', '2024-12-03 16:24:52'),
(287, 186, ' مساءً', '2024-12-03 16:24:52'),
(288, 180, ' مساءً', '2024-12-03 16:25:01'),
(289, 175, ' مساءً', '2024-12-03 16:25:12'),
(290, 929, ' مساءً', '2024-12-03 16:27:46'),
(291, 409, ' مساءً', '2024-12-03 16:28:32'),
(292, 392, ' مساءً', '2024-12-03 16:28:41'),
(294, 343, ' مساءً', '2024-12-03 16:29:05'),
(295, 326, ' مساءً', '2024-12-03 16:29:33'),
(297, 671, ' مساءً', '2024-12-03 16:29:47'),
(298, 673, ' مساءً', '2024-12-03 16:32:06'),
(299, 674, ' مساءً', '2024-12-03 16:32:39'),
(300, 910, ' مساءً', '2024-12-03 16:32:53'),
(301, 922, ' مساءً', '2024-12-03 16:33:01'),
(302, 486, ' مساءً', '2024-12-03 16:34:10'),
(303, 474, ' مساءً', '2024-12-03 16:34:19'),
(304, 462, ' مساءً', '2024-12-03 16:34:25'),
(305, 456, ' مساءً', '2024-12-03 16:34:31'),
(306, 454, ' مساءً', '2024-12-03 16:34:53'),
(307, 450, ' مساءً', '2024-12-03 16:35:02'),
(308, 441, ' مساءً', '2024-12-03 16:35:21'),
(310, 439, ' مساءً', '2024-12-03 16:35:47'),
(311, 433, ' مساءً', '2024-12-03 16:36:04'),
(312, 932, ' مساءً', '2024-12-03 16:37:35'),
(313, 650, ' مساءً', '2024-12-03 16:39:01'),
(314, 195, ' مساءً', '2024-12-03 16:39:02'),
(315, 221, ' مساءً', '2024-12-03 16:39:10'),
(316, 263, ' مساءً', '2024-12-03 16:39:19'),
(317, 735, ' مساءً', '2024-12-03 16:39:30'),
(318, 648, ' مساءً', '2024-12-03 16:39:42'),
(319, 421, ' مساءً', '2024-12-03 16:41:20'),
(320, 420, ' مساءً', '2024-12-03 16:41:56'),
(321, 397, ' مساءً', '2024-12-03 16:42:16'),
(322, 387, ' مساءً', '2024-12-03 16:42:36'),
(323, 666, ' مساءً', '2024-12-03 16:47:08'),
(324, 509, ' مساءً', '2024-12-03 16:47:56'),
(325, 771, ' مساءً', '2024-12-03 16:54:40'),
(326, 833, ' مساءً', '2024-12-03 16:56:23'),
(327, 826, ' مساءً', '2024-12-03 16:58:06'),
(328, 715, ' مساءً', '2024-12-03 17:01:05'),
(329, 703, ' مساءً', '2024-12-03 17:01:15'),
(330, 312, ' مساءً', '2024-12-03 17:03:10'),
(331, 413, ' مساءً', '2024-12-03 17:04:17'),
(332, 368, ' مساءً', '2024-12-03 17:04:23'),
(333, 556, ' مساءً', '2024-12-03 20:50:45'),
(334, 372, ' مساءً', '2024-12-04 16:20:11'),
(335, 371, ' مساءً', '2024-12-04 16:20:24'),
(336, 319, ' مساءً', '2024-12-04 16:20:44'),
(337, 300, ' مساءً', '2024-12-04 16:20:52'),
(338, 277, ' مساءً', '2024-12-04 16:20:59'),
(339, 276, ' مساءً', '2024-12-04 16:21:16'),
(340, 190, ' مساءً', '2024-12-04 16:24:03'),
(341, 404, ' مساءً', '2024-12-04 16:27:15'),
(342, 396, ' مساءً', '2024-12-04 16:27:52'),
(343, 382, ' مساءً', '2024-12-04 16:27:59'),
(344, 356, ' مساءً', '2024-12-04 16:28:05'),
(345, 593, ' مساءً', '2024-12-04 16:28:19'),
(346, 610, ' مساءً', '2024-12-04 16:28:28'),
(347, 352, ' مساءً', '2024-12-04 16:28:30'),
(348, 343, ' مساءً', '2024-12-04 16:28:41'),
(350, 666, ' مساءً', '2024-12-04 16:30:11'),
(351, 495, ' مساءً', '2024-12-04 16:30:49'),
(352, 472, ' مساءً', '2024-12-04 16:30:59'),
(353, 463, ' مساءً', '2024-12-04 16:31:13'),
(355, 671, ' مساءً', '2024-12-04 16:33:29'),
(356, 475, ' مساءً', '2024-12-04 16:34:03'),
(357, 454, ' مساءً', '2024-12-04 16:34:12'),
(358, 501, ' مساءً', '2024-12-04 16:34:22'),
(359, 439, ' مساءً', '2024-12-04 16:34:26'),
(360, 437, ' مساءً', '2024-12-04 16:34:35'),
(361, 436, ' مساءً', '2024-12-04 16:34:42'),
(362, 429, ' مساءً', '2024-12-04 16:34:49'),
(363, 482, ' مساءً', '2024-12-04 16:35:20'),
(364, 481, ' مساءً', '2024-12-04 16:36:03'),
(365, 435, ' مساءً', '2024-12-04 16:39:46'),
(366, 428, ' مساءً', '2024-12-04 16:39:57'),
(367, 427, ' مساءً', '2024-12-04 16:40:28'),
(368, 556, ' مساءً', '2024-12-04 16:40:41'),
(369, 424, ' مساءً', '2024-12-04 16:40:53'),
(370, 422, ' مساءً', '2024-12-04 16:40:59'),
(371, 421, ' مساءً', '2024-12-04 16:41:05'),
(372, 548, ' مساءً', '2024-12-04 16:41:10'),
(373, 542, ' مساءً', '2024-12-04 16:41:17'),
(374, 420, ' مساءً', '2024-12-04 16:41:19'),
(375, 417, ' مساءً', '2024-12-04 16:41:27'),
(376, 516, ' مساءً', '2024-12-04 16:41:36'),
(377, 403, ' مساءً', '2024-12-04 16:41:39'),
(378, 397, ' مساءً', '2024-12-04 16:41:49'),
(379, 387, ' مساءً', '2024-12-04 16:42:04'),
(380, 230, ' مساءً', '2024-12-04 16:43:30'),
(381, 932, ' مساءً', '2024-12-04 16:44:39'),
(382, 657, ' مساءً', '2024-12-04 16:44:51'),
(383, 645, ' مساءً', '2024-12-04 16:44:59'),
(384, 634, ' مساءً', '2024-12-04 16:45:36'),
(385, 587, ' مساءً', '2024-12-04 16:45:46'),
(386, 650, ' مساءً', '2024-12-04 16:46:53'),
(387, 640, ' مساءً', '2024-12-04 16:47:21'),
(388, 630, ' مساءً', '2024-12-04 16:47:26'),
(389, 628, ' مساءً', '2024-12-04 16:47:37'),
(390, 602, ' مساءً', '2024-12-04 16:47:58'),
(391, 600, ' مساءً', '2024-12-04 16:48:07'),
(392, 216, ' مساءً', '2024-12-04 16:54:29'),
(393, 206, ' مساءً', '2024-12-04 16:54:37'),
(394, 177, ' مساءً', '2024-12-04 16:54:45'),
(395, 175, ' مساءً', '2024-12-04 16:54:53'),
(396, 857, ' مساءً', '2024-12-04 17:03:27'),
(397, 855, ' مساءً', '2024-12-04 17:03:38'),
(398, 853, ' مساءً', '2024-12-04 17:03:45'),
(399, 848, ' مساءً', '2024-12-04 17:03:54'),
(400, 847, ' مساءً', '2024-12-04 17:04:00'),
(401, 775, ' مساءً', '2024-12-04 17:04:06'),
(402, 592, ' مساءً', '2024-12-04 17:04:12'),
(403, 306, ' مساءً', '2024-12-04 17:04:17'),
(404, 383, ' مساءً', '2024-12-04 17:18:05'),
(405, 337, ' مساءً', '2024-12-04 17:18:13'),
(408, 325, ' مساءً', '2024-12-04 17:18:40'),
(409, 323, ' مساءً', '2024-12-04 17:18:45'),
(410, 317, ' مساءً', '2024-12-04 17:18:51'),
(411, 313, ' مساءً', '2024-12-04 17:18:58'),
(412, 311, ' مساءً', '2024-12-04 17:19:05'),
(413, 308, ' مساءً', '2024-12-04 17:19:09'),
(414, 301, ' مساءً', '2024-12-04 17:19:17'),
(415, 231, ' مساءً', '2024-12-04 17:19:23'),
(416, 197, ' مساءً', '2024-12-04 17:19:30'),
(417, 194, ' مساءً', '2024-12-04 17:19:38'),
(418, 493, ' مساءً', '2024-12-04 17:21:45'),
(419, 546, ' مساءً', '2024-12-04 17:21:52'),
(420, 565, ' مساءً', '2024-12-04 17:21:58'),
(421, 550, ' مساءً', '2024-12-04 17:22:02'),
(422, 700, ' مساءً', '2024-12-04 17:23:42'),
(423, 696, ' مساءً', '2024-12-04 17:23:49'),
(424, 611, ' مساءً', '2024-12-04 17:23:54'),
(425, 677, ' مساءً', '2024-12-04 17:23:58'),
(426, 604, ' مساءً', '2024-12-04 17:24:05'),
(427, 578, ' مساءً', '2024-12-04 17:24:11'),
(428, 245, ' مساءً', '2024-12-04 17:24:16'),
(429, 763, ' مساءً', '2024-12-04 17:25:36'),
(430, 760, ' مساءً', '2024-12-04 17:25:42'),
(431, 679, ' مساءً', '2024-12-04 17:25:49'),
(432, 924, ' مساءً', '2024-12-04 17:33:13'),
(433, 923, ' مساءً', '2024-12-04 17:33:23'),
(434, 574, ' مساءً', '2024-12-04 17:33:33'),
(435, 564, ' مساءً', '2024-12-04 17:33:40'),
(436, 836, ' مساءً', '2024-12-04 17:35:34'),
(437, 819, ' مساءً', '2024-12-04 17:35:43'),
(438, 814, ' مساءً', '2024-12-04 17:35:48'),
(439, 742, ' مساءً', '2024-12-04 17:37:35'),
(440, 736, ' مساءً', '2024-12-04 17:37:41'),
(441, 721, ' مساءً', '2024-12-04 17:37:48'),
(442, 705, ' مساءً', '2024-12-04 17:37:55'),
(443, 404, ' صباحًا', '2024-12-07 10:23:25'),
(444, 399, ' صباحًا', '2024-12-07 10:24:02'),
(445, 396, ' صباحًا', '2024-12-07 10:24:28'),
(446, 392, ' صباحًا', '2024-12-07 10:24:41'),
(447, 389, ' صباحًا', '2024-12-07 10:24:49'),
(448, 378, ' صباحًا', '2024-12-07 10:25:07'),
(449, 369, ' صباحًا', '2024-12-07 10:25:19'),
(450, 365, ' صباحًا', '2024-12-07 10:25:31'),
(451, 356, ' صباحًا', '2024-12-07 10:26:13'),
(452, 352, ' صباحًا', '2024-12-07 10:26:28'),
(453, 343, ' صباحًا', '2024-12-07 10:26:41'),
(454, 336, ' صباحًا', '2024-12-07 10:26:52'),
(455, 303, ' صباحًا', '2024-12-07 10:26:58'),
(457, 292, ' صباحًا', '2024-12-07 10:27:16'),
(458, 285, ' صباحًا', '2024-12-07 10:27:22'),
(459, 610, ' صباحًا', '2024-12-07 10:43:34'),
(460, 655, ' صباحًا', '2024-12-07 10:43:43'),
(461, 683, ' صباحًا', '2024-12-07 10:44:01'),
(462, 934, ' صباحًا', '2024-12-07 10:46:29'),
(463, 927, ' صباحًا', '2024-12-07 10:46:43'),
(464, 923, ' صباحًا', '2024-12-07 10:46:53'),
(465, 575, ' صباحًا', '2024-12-07 10:47:09'),
(466, 572, ' صباحًا', '2024-12-07 10:47:19'),
(467, 570, ' صباحًا', '2024-12-07 10:47:29'),
(468, 567, ' صباحًا', '2024-12-07 10:47:39'),
(469, 564, ' صباحًا', '2024-12-07 10:47:47'),
(470, 563, ' صباحًا', '2024-12-07 10:48:01'),
(471, 552, ' صباحًا', '2024-12-07 10:48:09'),
(472, 521, ' صباحًا', '2024-12-07 10:48:38'),
(473, 519, ' صباحًا', '2024-12-07 10:48:48'),
(474, 518, ' صباحًا', '2024-12-07 10:48:56'),
(475, 210, ' صباحًا', '2024-12-07 10:49:15'),
(476, 922, ' صباحًا', '2024-12-07 10:50:40'),
(477, 674, ' صباحًا', '2024-12-07 10:50:47'),
(478, 673, ' صباحًا', '2024-12-07 10:50:55'),
(479, 671, ' صباحًا', '2024-12-07 10:51:03'),
(480, 588, ' صباحًا', '2024-12-07 10:51:11'),
(481, 512, ' صباحًا', '2024-12-07 10:51:17'),
(482, 505, ' صباحًا', '2024-12-07 10:51:25'),
(483, 501, ' صباحًا', '2024-12-07 10:51:31'),
(484, 494, ' صباحًا', '2024-12-07 10:51:37'),
(485, 492, ' صباحًا', '2024-12-07 10:51:46'),
(486, 490, ' صباحًا', '2024-12-07 10:51:54'),
(487, 489, ' صباحًا', '2024-12-07 10:52:08'),
(488, 456, ' صباحًا', '2024-12-07 10:52:10'),
(489, 485, ' صباحًا', '2024-12-07 10:52:25'),
(490, 482, ' صباحًا', '2024-12-07 10:52:31'),
(491, 902, ' صباحًا', '2024-12-07 10:53:47'),
(492, 898, ' صباحًا', '2024-12-07 10:53:57'),
(493, 837, ' صباحًا', '2024-12-07 10:54:05'),
(494, 668, ' صباحًا', '2024-12-07 10:54:14'),
(495, 587, ' صباحًا', '2024-12-07 10:54:36'),
(496, 537, ' صباحًا', '2024-12-07 10:54:44'),
(497, 631, ' صباحًا', '2024-12-07 10:55:37'),
(498, 621, ' صباحًا', '2024-12-07 10:55:48'),
(499, 569, ' صباحًا', '2024-12-07 10:56:14'),
(500, 935, ' صباحًا', '2024-12-07 10:57:28'),
(501, 434, ' صباحًا', '2024-12-07 10:57:38'),
(502, 432, ' صباحًا', '2024-12-07 10:57:45'),
(503, 562, ' صباحًا', '2024-12-07 10:57:52'),
(504, 425, ' صباحًا', '2024-12-07 10:57:58'),
(505, 558, ' صباحًا', '2024-12-07 10:57:59'),
(506, 548, ' صباحًا', '2024-12-07 10:58:05'),
(507, 421, ' صباحًا', '2024-12-07 10:58:10'),
(509, 542, ' صباحًا', '2024-12-07 10:58:16'),
(510, 310, ' صباحًا', '2024-12-07 10:58:22'),
(511, 417, ' صباحًا', '2024-12-07 10:58:24'),
(512, 415, ' صباحًا', '2024-12-07 10:58:35'),
(513, 403, ' صباحًا', '2024-12-07 10:58:45'),
(514, 397, ' صباحًا', '2024-12-07 10:59:10'),
(515, 394, ' صباحًا', '2024-12-07 10:59:18'),
(516, 387, ' صباحًا', '2024-12-07 10:59:24'),
(517, 386, ' صباحًا', '2024-12-07 10:59:31'),
(518, 666, ' صباحًا', '2024-12-07 11:01:43'),
(519, 735, ' صباحًا', '2024-12-07 11:02:03'),
(520, 503, ' صباحًا', '2024-12-07 11:02:18'),
(521, 500, ' صباحًا', '2024-12-07 11:02:27'),
(522, 499, ' صباحًا', '2024-12-07 11:03:14'),
(523, 488, ' صباحًا', '2024-12-07 11:03:32'),
(524, 267, ' صباحًا', '2024-12-07 11:03:49'),
(525, 472, ' صباحًا', '2024-12-07 11:03:54'),
(526, 263, ' صباحًا', '2024-12-07 11:03:55'),
(527, 243, ' صباحًا', '2024-12-07 11:04:02'),
(528, 229, ' صباحًا', '2024-12-07 11:04:07'),
(529, 463, ' صباحًا', '2024-12-07 11:04:10'),
(530, 224, ' صباحًا', '2024-12-07 11:04:14'),
(531, 221, ' صباحًا', '2024-12-07 11:04:19'),
(532, 449, ' صباحًا', '2024-12-07 11:04:21'),
(533, 209, ' صباحًا', '2024-12-07 11:04:26'),
(534, 195, ' صباحًا', '2024-12-07 11:04:31'),
(535, 445, ' صباحًا', '2024-12-07 11:04:34'),
(536, 173, ' صباحًا', '2024-12-07 11:04:38'),
(537, 166, ' صباحًا', '2024-12-07 11:04:47'),
(538, 162, ' صباحًا', '2024-12-07 11:04:53'),
(539, 928, ' صباحًا', '2024-12-07 11:06:00'),
(540, 167, ' صباحًا', '2024-12-07 11:06:36'),
(541, 171, ' صباحًا', '2024-12-07 11:06:44'),
(542, 183, ' صباحًا', '2024-12-07 11:06:53'),
(543, 192, ' صباحًا', '2024-12-07 11:07:03'),
(544, 193, ' صباحًا', '2024-12-07 11:07:10'),
(545, 201, ' صباحًا', '2024-12-07 11:07:17'),
(546, 784, ' صباحًا', '2024-12-07 11:07:19'),
(547, 213, ' صباحًا', '2024-12-07 11:07:28'),
(548, 783, ' صباحًا', '2024-12-07 11:07:31'),
(549, 780, ' صباحًا', '2024-12-07 11:07:41'),
(550, 779, ' صباحًا', '2024-12-07 11:07:56'),
(551, 928, ' صباحًا', '2024-12-07 11:07:57'),
(552, 777, ' صباحًا', '2024-12-07 11:08:05'),
(553, 771, ' صباحًا', '2024-12-07 11:08:07'),
(554, 713, ' صباحًا', '2024-12-07 11:08:15'),
(555, 338, ' صباحًا', '2024-12-07 11:08:21'),
(556, 808, ' صباحًا', '2024-12-07 11:10:00'),
(557, 805, ' صباحًا', '2024-12-07 11:10:06'),
(558, 804, ' صباحًا', '2024-12-07 11:10:16'),
(559, 800, ' صباحًا', '2024-12-07 11:10:26'),
(560, 794, ' صباحًا', '2024-12-07 11:10:37'),
(561, 826, ' صباحًا', '2024-12-07 11:12:30'),
(562, 818, ' صباحًا', '2024-12-07 11:12:37'),
(563, 712, ' صباحًا', '2024-12-07 11:12:43'),
(564, 742, ' صباحًا', '2024-12-07 11:16:35'),
(565, 736, ' صباحًا', '2024-12-07 11:16:43'),
(566, 721, ' صباحًا', '2024-12-07 11:16:48'),
(567, 719, ' صباحًا', '2024-12-07 11:16:57'),
(568, 717, ' صباحًا', '2024-12-07 11:17:02'),
(569, 705, ' صباحًا', '2024-12-07 11:17:14'),
(570, 265, ' صباحًا', '2024-12-07 11:17:20'),
(571, 931, ' صباحًا', '2024-12-07 11:24:18'),
(572, 913, ' صباحًا', '2024-12-07 11:24:44'),
(573, 291, ' صباحًا', '2024-12-07 11:25:06'),
(574, 254, ' صباحًا', '2024-12-07 11:25:15'),
(575, 233, ' صباحًا', '2024-12-07 11:25:21'),
(576, 226, ' صباحًا', '2024-12-07 11:25:26'),
(577, 163, ' صباحًا', '2024-12-07 11:25:32'),
(578, 148, ' صباحًا', '2024-12-07 11:25:38'),
(579, 930, ' صباحًا', '2024-12-07 11:27:47'),
(580, 870, ' صباحًا', '2024-12-07 11:27:58'),
(581, 743, ' صباحًا', '2024-12-07 11:28:03'),
(582, 740, ' صباحًا', '2024-12-07 11:28:11'),
(583, 727, ' صباحًا', '2024-12-07 11:28:17'),
(584, 722, ' صباحًا', '2024-12-07 11:28:23'),
(585, 711, ' صباحًا', '2024-12-07 11:28:29'),
(586, 584, ' صباحًا', '2024-12-07 11:28:34'),
(587, 347, ' صباحًا', '2024-12-07 11:28:40'),
(588, 248, ' صباحًا', '2024-12-07 11:28:45'),
(589, 247, ' صباحًا', '2024-12-07 11:28:50'),
(590, 155, ' صباحًا', '2024-12-07 11:28:55'),
(591, 152, ' صباحًا', '2024-12-07 11:29:00'),
(592, 581, ' صباحًا', '2024-12-07 11:30:36'),
(593, 550, ' صباحًا', '2024-12-07 11:30:58'),
(594, 529, ' صباحًا', '2024-12-07 11:31:13'),
(595, 493, ' صباحًا', '2024-12-07 11:31:18'),
(596, 361, ' صباحًا', '2024-12-07 11:31:24'),
(597, 904, ' صباحًا', '2024-12-07 11:53:22'),
(598, 699, ' صباحًا', '2024-12-07 11:53:30'),
(599, 696, ' صباحًا', '2024-12-07 11:53:47'),
(600, 695, ' صباحًا', '2024-12-07 11:53:53'),
(601, 693, ' صباحًا', '2024-12-07 11:53:58'),
(602, 684, ' صباحًا', '2024-12-07 11:54:04'),
(603, 692, ' صباحًا', '2024-12-07 11:54:09'),
(604, 680, ' صباحًا', '2024-12-07 11:54:14'),
(605, 678, ' صباحًا', '2024-12-07 11:54:19'),
(606, 677, ' صباحًا', '2024-12-07 11:54:24'),
(607, 633, ' صباحًا', '2024-12-07 11:54:29'),
(608, 611, ' صباحًا', '2024-12-07 11:54:33'),
(609, 609, ' صباحًا', '2024-12-07 11:54:37'),
(610, 604, ' صباحًا', '2024-12-07 11:54:41'),
(611, 578, ' صباحًا', '2024-12-07 11:54:49'),
(612, 283, ' صباحًا', '2024-12-07 11:54:53'),
(613, 245, ' صباحًا', '2024-12-07 11:54:57'),
(614, 242, ' صباحًا', '2024-12-07 11:55:02'),
(615, 145, ' صباحًا', '2024-12-07 11:55:08'),
(616, 922, ' مساءً', '2024-12-07 16:28:26'),
(617, 349, ' مساءً', '2024-12-07 16:28:26'),
(618, 910, ' مساءً', '2024-12-07 16:28:49'),
(619, 300, ' مساءً', '2024-12-07 16:28:54'),
(620, 279, ' مساءً', '2024-12-07 16:29:10'),
(622, 277, ' مساءً', '2024-12-07 16:29:20'),
(623, 674, ' مساءً', '2024-12-07 16:30:11'),
(624, 489, ' مساءً', '2024-12-07 16:30:28'),
(625, 485, ' مساءً', '2024-12-07 16:31:14'),
(626, 376, ' مساءً', '2024-12-07 16:31:44'),
(627, 287, ' مساءً', '2024-12-07 16:31:57'),
(628, 562, ' مساءً', '2024-12-07 16:33:11'),
(629, 548, ' مساءً', '2024-12-07 16:33:34'),
(631, 542, ' مساءً', '2024-12-07 16:34:03'),
(632, 229, ' مساءً', '2024-12-07 16:36:29'),
(633, 929, ' مساءً', '2024-12-07 16:36:31'),
(634, 399, ' مساءً', '2024-12-07 16:36:53'),
(635, 373, ' مساءً', '2024-12-07 16:37:06'),
(636, 356, ' مساءً', '2024-12-07 16:37:16'),
(637, 343, ' مساءً', '2024-12-07 16:37:24'),
(638, 195, ' مساءً', '2024-12-07 16:37:25'),
(639, 650, ' مساءً', '2024-12-07 16:40:06'),
(640, 640, ' مساءً', '2024-12-07 16:40:58'),
(641, 635, ' مساءً', '2024-12-07 16:41:08'),
(642, 630, ' مساءً', '2024-12-07 16:41:17'),
(643, 628, ' مساءً', '2024-12-07 16:41:28'),
(644, 621, ' مساءً', '2024-12-07 16:41:37'),
(645, 615, ' مساءً', '2024-12-07 16:42:15'),
(646, 902, ' مساءً', '2024-12-07 16:43:49'),
(647, 898, ' مساءً', '2024-12-07 16:44:24'),
(648, 872, ' مساءً', '2024-12-07 16:44:34'),
(649, 668, ' مساءً', '2024-12-07 16:44:59'),
(650, 662, ' مساءً', '2024-12-07 16:45:16'),
(651, 657, ' مساءً', '2024-12-07 16:45:24'),
(652, 645, ' مساءً', '2024-12-07 16:45:32'),
(653, 587, ' مساءً', '2024-12-07 16:45:56'),
(654, 535, ' مساءً', '2024-12-07 16:46:06'),
(655, 940, ' مساءً', '2024-12-07 16:48:52'),
(656, 928, ' مساءً', '2024-12-07 16:49:17'),
(657, 213, ' مساءً', '2024-12-07 16:49:29'),
(658, 193, ' مساءً', '2024-12-07 16:49:43'),
(659, 192, ' مساءً', '2024-12-07 16:50:00'),
(660, 180, ' مساءً', '2024-12-07 16:50:20'),
(661, 175, ' مساءً', '2024-12-07 16:50:38'),
(662, 809, ' مساءً', '2024-12-07 16:50:46'),
(663, 316, ' مساءً', '2024-12-07 16:51:21'),
(664, 503, ' مساءً', '2024-12-07 16:51:50'),
(665, 495, ' مساءً', '2024-12-07 16:52:04'),
(666, 472, ' مساءً', '2024-12-07 16:52:30'),
(667, 779, ' مساءً', '2024-12-07 16:53:02'),
(668, 381, ' مساءً', '2024-12-07 16:53:24'),
(669, 338, ' مساءً', '2024-12-07 16:53:46'),
(670, 503, ' مساءً', '2024-12-07 17:03:23'),
(671, 495, ' مساءً', '2024-12-07 17:03:44'),
(672, 472, ' مساءً', '2024-12-07 17:03:59'),
(673, 570, ' مساءً', '2024-12-07 17:05:48'),
(674, 555, ' مساءً', '2024-12-07 17:06:00'),
(675, 460, ' مساءً', '2024-12-07 17:06:16'),
(676, 210, ' مساءً', '2024-12-07 17:06:37'),
(677, 992, ' مساءً', '2024-12-07 17:09:14'),
(678, 421, ' مساءً', '2024-12-07 17:10:00'),
(679, 417, ' مساءً', '2024-12-07 17:10:21'),
(680, 410, ' مساءً', '2024-12-07 17:10:34'),
(681, 403, ' مساءً', '2024-12-07 17:10:39'),
(682, 397, ' مساءً', '2024-12-07 17:10:49'),
(683, 387, ' مساءً', '2024-12-07 17:10:56'),
(684, 800, ' مساءً', '2024-12-07 17:12:51'),
(685, 804, ' مساءً', '2024-12-07 17:13:00'),
(686, 805, ' مساءً', '2024-12-07 17:13:44'),
(687, 808, ' مساءً', '2024-12-07 17:14:03'),
(688, 712, ' مساءً', '2024-12-07 17:15:37'),
(689, 826, ' مساءً', '2024-12-07 17:15:59'),
(690, 835, ' مساءً', '2024-12-07 17:16:13'),
(691, 265, ' مساءً', '2024-12-07 17:17:42'),
(692, 705, ' مساءً', '2024-12-07 17:18:09'),
(693, 736, ' مساءً', '2024-12-07 17:18:16'),
(694, 742, ' مساءً', '2024-12-07 17:18:30'),
(695, 305, ' مساءً', '2024-12-07 17:21:24'),
(696, 312, ' مساءً', '2024-12-07 17:22:25'),
(697, 346, ' مساءً', '2024-12-07 17:22:54'),
(698, 406, ' مساءً', '2024-12-07 17:23:07'),
(699, 306, ' مساءً', '2024-12-07 17:25:29'),
(700, 775, ' مساءً', '2024-12-07 17:25:39'),
(701, 847, ' مساءً', '2024-12-07 17:25:53'),
(702, 848, ' مساءً', '2024-12-07 17:26:01'),
(703, 849, ' مساءً', '2024-12-07 17:26:07'),
(704, 852, ' مساءً', '2024-12-07 17:27:00'),
(705, 860, ' مساءً', '2024-12-07 17:27:09'),
(706, 942, ' مساءً', '2024-12-07 17:27:17'),
(707, 249, ' مساءً', '2024-12-07 17:30:49'),
(708, 151, ' مساءً', '2024-12-07 17:31:06'),
(709, 254, ' مساءً', '2024-12-07 17:31:13'),
(710, 233, ' مساءً', '2024-12-07 17:32:29'),
(711, 931, ' مساءً', '2024-12-07 17:32:37'),
(712, 347, ' مساءً', '2024-12-07 17:34:19'),
(713, 711, ' مساءً', '2024-12-07 17:34:35'),
(714, 870, ' مساءً', '2024-12-07 17:35:26'),
(715, 317, ' مساءً', '2024-12-07 17:38:50'),
(716, 325, ' مساءً', '2024-12-07 17:39:11'),
(717, 323, ' مساءً', '2024-12-07 17:39:23'),
(720, 337, ' مساءً', '2024-12-07 17:40:28'),
(721, 345, ' مساءً', '2024-12-07 17:40:40'),
(722, 360, ' مساءً', '2024-12-07 17:41:21'),
(723, 576, ' مساءً', '2024-12-07 17:43:42'),
(724, 578, ' مساءً', '2024-12-07 17:44:09'),
(725, 604, ' مساءً', '2024-12-07 17:44:37'),
(726, 633, ' مساءً', '2024-12-07 17:44:49'),
(727, 677, ' مساءً', '2024-12-07 17:45:25'),
(728, 678, ' مساءً', '2024-12-07 17:46:56'),
(729, 680, ' مساءً', '2024-12-07 17:47:13'),
(730, 700, ' مساءً', '2024-12-07 17:47:34'),
(731, 756, ' مساءً', '2024-12-07 17:48:49'),
(732, 273, ' صباحًا', '2024-12-08 10:22:15'),
(733, 372, ' صباحًا', '2024-12-08 10:25:48'),
(734, 349, ' صباحًا', '2024-12-08 10:26:34'),
(735, 279, ' صباحًا', '2024-12-08 10:26:54'),
(736, 287, ' صباحًا', '2024-12-08 10:28:53'),
(737, 227, ' صباحًا', '2024-12-08 10:29:04'),
(738, 190, ' صباحًا', '2024-12-08 10:29:11'),
(739, 144, ' صباحًا', '2024-12-08 10:29:48'),
(740, 404, ' صباحًا', '2024-12-08 10:32:17'),
(741, 399, ' صباحًا', '2024-12-08 10:32:54'),
(742, 392, ' صباحًا', '2024-12-08 10:33:26'),
(743, 389, ' صباحًا', '2024-12-08 10:33:38'),
(744, 385, ' صباحًا', '2024-12-08 10:34:35'),
(745, 365, ' صباحًا', '2024-12-08 10:34:42'),
(746, 343, ' صباحًا', '2024-12-08 10:35:05'),
(747, 326, ' صباحًا', '2024-12-08 10:35:24'),
(748, 285, ' صباحًا', '2024-12-08 10:35:30'),
(749, 932, ' صباحًا', '2024-12-08 10:39:30'),
(750, 909, ' صباحًا', '2024-12-08 10:40:04'),
(751, 837, ' صباحًا', '2024-12-08 10:40:10'),
(752, 658, ' صباحًا', '2024-12-08 10:40:17'),
(753, 657, ' صباحًا', '2024-12-08 10:40:27'),
(754, 654, ' صباحًا', '2024-12-08 10:40:34'),
(755, 587, ' صباحًا', '2024-12-08 10:40:42'),
(756, 551, ' صباحًا', '2024-12-08 10:40:49'),
(757, 968, ' صباحًا', '2024-12-08 10:43:51'),
(758, 468, ' صباحًا', '2024-12-08 10:44:04'),
(759, 447, ' صباحًا', '2024-12-08 10:44:15'),
(760, 443, ' صباحًا', '2024-12-08 10:44:22'),
(761, 441, ' صباحًا', '2024-12-08 10:44:31'),
(762, 436, ' صباحًا', '2024-12-08 10:44:45'),
(763, 433, ' صباحًا', '2024-12-08 10:45:26'),
(764, 928, ' صباحًا', '2024-12-08 10:48:36'),
(765, 180, ' صباحًا', '2024-12-08 10:48:44'),
(766, 167, ' صباحًا', '2024-12-08 10:48:55'),
(767, 995, ' صباحًا', '2024-12-08 10:52:28'),
(768, 621, ' صباحًا', '2024-12-08 10:52:55'),
(769, 612, ' صباحًا', '2024-12-08 10:53:23'),
(770, 607, ' صباحًا', '2024-12-08 10:53:32'),
(771, 598, ' صباحًا', '2024-12-08 10:54:01'),
(772, 596, ' صباحًا', '2024-12-08 10:54:18'),
(773, 316, ' صباحًا', '2024-12-08 10:55:02'),
(774, 402, ' صباحًا', '2024-12-08 10:55:21'),
(775, 591, ' صباحًا', '2024-12-08 10:56:12'),
(776, 593, ' صباحًا', '2024-12-08 10:56:18'),
(777, 605, ' صباحًا', '2024-12-08 10:56:24'),
(778, 935, ' صباحًا', '2024-12-08 10:56:26'),
(779, 669, ' صباحًا', '2024-12-08 10:56:30'),
(780, 435, ' صباحًا', '2024-12-08 10:56:34'),
(781, 418, ' صباحًا', '2024-12-08 10:56:41'),
(782, 434, ' صباحًا', '2024-12-08 10:56:56'),
(783, 431, ' صباحًا', '2024-12-08 10:57:33'),
(784, 425, ' صباحًا', '2024-12-08 10:57:58'),
(785, 424, ' صباحًا', '2024-12-08 10:58:08'),
(786, 421, ' صباحًا', '2024-12-08 10:58:20'),
(787, 415, ' صباحًا', '2024-12-08 10:58:37'),
(788, 407, ' صباحًا', '2024-12-08 10:58:45'),
(790, 403, ' صباحًا', '2024-12-08 10:58:54'),
(791, 481, ' صباحًا', '2024-12-08 10:59:15'),
(792, 397, ' صباحًا', '2024-12-08 10:59:19'),
(793, 387, ' صباحًا', '2024-12-08 10:59:26'),
(794, 386, ' صباحًا', '2024-12-08 10:59:32'),
(795, 485, ' صباحًا', '2024-12-08 10:59:56'),
(796, 489, ' صباحًا', '2024-12-08 11:00:17'),
(797, 490, ' صباحًا', '2024-12-08 11:00:33'),
(798, 497, ' صباحًا', '2024-12-08 11:01:36'),
(799, 501, ' صباحًا', '2024-12-08 11:02:17'),
(800, 505, ' صباحًا', '2024-12-08 11:02:57'),
(801, 671, ' صباحًا', '2024-12-08 11:03:42'),
(802, 673, ' صباحًا', '2024-12-08 11:03:50'),
(804, 922, ' صباحًا', '2024-12-08 11:04:56'),
(805, 542, ' صباحًا', '2024-12-08 11:06:27'),
(806, 548, ' صباحًا', '2024-12-08 11:06:42'),
(807, 556, ' صباحًا', '2024-12-08 11:06:58'),
(808, 562, ' صباحًا', '2024-12-08 11:07:49'),
(809, 221, ' صباحًا', '2024-12-08 11:10:08'),
(810, 229, ' صباحًا', '2024-12-08 11:10:38'),
(811, 237, ' صباحًا', '2024-12-08 11:10:59'),
(812, 263, ' صباحًا', '2024-12-08 11:11:06'),
(813, 338, ' صباحًا', '2024-12-08 11:16:52'),
(814, 780, ' صباحًا', '2024-12-08 11:17:07'),
(815, 808, ' صباحًا', '2024-12-08 11:19:00'),
(816, 265, ' صباحًا', '2024-12-08 11:21:45'),
(817, 705, ' صباحًا', '2024-12-08 11:22:01'),
(818, 717, ' صباحًا', '2024-12-08 11:22:11'),
(819, 719, ' صباحًا', '2024-12-08 11:22:30'),
(820, 721, ' صباحًا', '2024-12-08 11:22:48'),
(821, 723, ' صباحًا', '2024-12-08 11:24:54'),
(822, 725, ' صباحًا', '2024-12-08 11:25:01'),
(823, 734, ' صباحًا', '2024-12-08 11:25:20'),
(824, 742, ' صباحًا', '2024-12-08 11:25:28'),
(825, 736, ' صباحًا', '2024-12-08 11:26:13'),
(826, 745, ' صباحًا', '2024-12-08 11:26:21'),
(827, 312, ' صباحًا', '2024-12-08 11:30:10'),
(828, 324, ' صباحًا', '2024-12-08 11:30:48'),
(829, 362, ' صباحًا', '2024-12-08 11:30:55'),
(830, 398, ' صباحًا', '2024-12-08 11:31:07'),
(831, 401, ' صباحًا', '2024-12-08 11:31:22'),
(832, 406, ' صباحًا', '2024-12-08 11:32:16'),
(833, 716, ' صباحًا', '2024-12-08 11:32:30'),
(834, 380, ' مساءً', '2024-12-08 16:07:02'),
(835, 372, ' مساءً', '2024-12-08 16:07:19'),
(836, 349, ' مساءً', '2024-12-08 16:07:32'),
(837, 279, ' مساءً', '2024-12-08 16:07:45'),
(838, 277, ' مساءً', '2024-12-08 16:07:51'),
(839, 276, ' مساءً', '2024-12-08 16:08:08'),
(840, 287, ' مساءً', '2024-12-08 16:10:00'),
(841, 144, ' مساءً', '2024-12-08 16:11:06'),
(842, 929, ' مساءً', '2024-12-08 16:15:32'),
(843, 404, ' مساءً', '2024-12-08 16:16:15'),
(844, 399, ' مساءً', '2024-12-08 16:16:37'),
(845, 378, ' مساءً', '2024-12-08 16:16:43'),
(846, 343, ' مساءً', '2024-12-08 16:17:20'),
(847, 340, ' مساءً', '2024-12-08 16:17:44'),
(848, 336, ' مساءً', '2024-12-08 16:17:52'),
(849, 650, ' مساءً', '2024-12-08 16:20:33'),
(850, 648, ' مساءً', '2024-12-08 16:21:02'),
(851, 640, ' مساءً', '2024-12-08 16:21:08'),
(852, 623, ' مساءً', '2024-12-08 16:21:17'),
(853, 618, ' مساءً', '2024-12-08 16:21:43'),
(854, 602, ' مساءً', '2024-12-08 16:21:48'),
(855, 600, ' مساءً', '2024-12-08 16:21:56'),
(856, 994, ' مساءً', '2024-12-08 16:24:33'),
(857, 928, ' مساءً', '2024-12-08 16:24:46'),
(858, 180, ' مساءً', '2024-12-08 16:24:52'),
(859, 175, ' مساءً', '2024-12-08 16:25:03'),
(860, 167, ' مساءً', '2024-12-08 16:25:09'),
(861, 472, ' مساءً', '2024-12-08 16:28:05'),
(862, 559, ' مساءً', '2024-12-08 16:29:41'),
(863, 506, ' مساءً', '2024-12-08 16:29:55'),
(864, 460, ' مساءً', '2024-12-08 16:30:02'),
(865, 210, ' مساءً', '2024-12-08 16:30:13'),
(866, 486, ' مساءً', '2024-12-08 16:32:22'),
(867, 456, ' مساءً', '2024-12-08 16:32:33'),
(868, 452, ' مساءً', '2024-12-08 16:32:45'),
(869, 441, ' مساءً', '2024-12-08 16:32:50'),
(870, 439, ' مساءً', '2024-12-08 16:32:59'),
(871, 436, ' مساءً', '2024-12-08 16:33:23'),
(872, 501, ' مساءً', '2024-12-08 16:36:23'),
(873, 673, ' مساءً', '2024-12-08 16:36:34'),
(875, 922, ' مساءً', '2024-12-08 16:37:31'),
(876, 195, ' مساءً', '2024-12-08 16:38:47'),
(877, 229, ' مساءً', '2024-12-08 16:38:54'),
(878, 306, ' مساءً', '2024-12-08 16:46:00'),
(879, 860, ' مساءً', '2024-12-08 16:46:14'),
(880, 233, ' مساءً', '2024-12-08 16:48:03'),
(881, 251, ' مساءً', '2024-12-08 16:48:16'),
(882, 931, ' مساءً', '2024-12-08 16:48:23'),
(883, 711, ' مساءً', '2024-12-08 16:49:35'),
(884, 727, ' مساءً', '2024-12-08 16:51:23'),
(885, 870, ' مساءً', '2024-12-08 16:51:42'),
(886, 337, ' مساءً', '2024-12-08 16:53:42'),
(887, 360, ' مساءً', '2024-12-08 16:54:11'),
(888, 235, ' مساءً', '2024-12-08 16:56:04'),
(889, 493, ' مساءً', '2024-12-08 16:56:26'),
(890, 550, ' مساءً', '2024-12-08 16:56:45'),
(891, 633, ' مساءً', '2024-12-08 16:58:44'),
(892, 677, ' مساءً', '2024-12-08 16:59:08'),
(893, 678, ' مساءً', '2024-12-08 16:59:26'),
(894, 680, ' مساءً', '2024-12-08 16:59:32'),
(895, 700, ' مساءً', '2024-12-08 16:59:38'),
(896, 766, ' مساءً', '2024-12-08 17:01:19'),
(897, 767, ' مساءً', '2024-12-08 17:01:28'),
(898, 265, ' مساءً', '2024-12-08 17:04:01'),
(899, 705, ' مساءً', '2024-12-08 17:04:17'),
(900, 717, ' مساءً', '2024-12-08 17:04:45'),
(901, 719, ' مساءً', '2024-12-08 17:05:01'),
(902, 721, ' مساءً', '2024-12-08 17:05:06'),
(903, 742, ' مساءً', '2024-12-08 17:05:28'),
(904, 926, ' مساءً', '2024-12-08 17:53:15'),
(905, 804, ' صباحًا', '2024-12-09 11:45:11'),
(906, 195, ' صباحًا', '2024-12-09 11:46:39'),
(907, 932, ' مساءً', '2024-12-09 16:29:22'),
(908, 316, ' مساءً', '2024-12-09 16:29:36'),
(909, 593, ' مساءً', '2024-12-09 16:29:55'),
(910, 661, ' مساءً', '2024-12-09 16:30:04'),
(911, 660, ' مساءً', '2024-12-09 16:30:47'),
(912, 657, ' مساءً', '2024-12-09 16:30:54'),
(913, 605, ' مساءً', '2024-12-09 16:30:57'),
(914, 656, ' مساءً', '2024-12-09 16:31:00'),
(915, 654, ' مساءً', '2024-12-09 16:31:09'),
(916, 651, ' مساءً', '2024-12-09 16:31:16'),
(917, 587, ' مساءً', '2024-12-09 16:31:39'),
(918, 535, ' مساءً', '2024-12-09 16:31:45'),
(919, 501, ' مساءً', '2024-12-09 16:32:57'),
(920, 998, ' مساءً', '2024-12-09 16:33:41'),
(921, 673, ' مساءً', '2024-12-09 16:33:49'),
(922, 992, ' مساءً', '2024-12-09 16:33:50'),
(923, 935, ' مساءً', '2024-12-09 16:34:23'),
(924, 421, ' مساءً', '2024-12-09 16:34:30'),
(925, 417, ' مساءً', '2024-12-09 16:34:47'),
(926, 403, ' مساءً', '2024-12-09 16:34:59'),
(927, 397, ' مساءً', '2024-12-09 16:35:09'),
(928, 387, ' مساءً', '2024-12-09 16:35:17'),
(929, 671, ' مساءً', '2024-12-09 16:35:31'),
(930, 674, ' مساءً', '2024-12-09 16:35:40'),
(932, 910, ' مساءً', '2024-12-09 16:35:53'),
(933, 922, ' مساءً', '2024-12-09 16:36:01'),
(934, 929, ' مساءً', '2024-12-09 16:36:32'),
(935, 404, ' مساءً', '2024-12-09 16:37:15'),
(936, 392, ' مساءً', '2024-12-09 16:37:35'),
(937, 389, ' مساءً', '2024-12-09 16:37:45'),
(938, 343, ' مساءً', '2024-12-09 16:37:53'),
(939, 303, ' مساءً', '2024-12-09 16:38:09'),
(940, 542, ' مساءً', '2024-12-09 16:38:50'),
(941, 548, ' مساءً', '2024-12-09 16:38:56'),
(942, 556, ' مساءً', '2024-12-09 16:39:09'),
(943, 640, ' مساءً', '2024-12-09 16:39:10'),
(944, 635, ' مساءً', '2024-12-09 16:39:29'),
(945, 569, ' مساءً', '2024-12-09 16:40:08'),
(946, 173, ' مساءً', '2024-12-09 16:41:26'),
(947, 191, ' مساءً', '2024-12-09 16:41:31'),
(948, 195, ' مساءً', '2024-12-09 16:41:41'),
(949, 229, ' مساءً', '2024-12-09 16:41:49'),
(950, 509, ' مساءً', '2024-12-09 16:42:48'),
(951, 500, ' مساءً', '2024-12-09 16:43:16'),
(952, 156, ' مساءً', '2024-12-09 16:43:30'),
(953, 338, ' مساءً', '2024-12-09 16:43:41'),
(954, 713, ' مساءً', '2024-12-09 16:43:53'),
(955, 780, ' مساءً', '2024-12-09 16:43:57'),
(956, 928, ' مساءً', '2024-12-09 16:44:36'),
(957, 200, ' مساءً', '2024-12-09 16:44:45'),
(958, 175, ' مساءً', '2024-12-09 16:45:12'),
(959, 167, ' مساءً', '2024-12-09 16:45:21'),
(960, 803, ' مساءً', '2024-12-09 16:45:59'),
(961, 559, ' مساءً', '2024-12-09 16:46:40'),
(962, 210, ' مساءً', '2024-12-09 16:46:48'),
(963, 335, ' مساءً', '2024-12-09 16:46:49'),
(964, 265, ' مساءً', '2024-12-09 16:49:10'),
(965, 705, ' مساءً', '2024-12-09 16:49:21'),
(966, 968, ' مساءً', '2024-12-09 16:49:55'),
(967, 721, ' مساءً', '2024-12-09 16:51:21'),
(968, 723, ' مساءً', '2024-12-09 16:51:34'),
(969, 725, ' مساءً', '2024-12-09 16:51:42'),
(970, 742, ' مساءً', '2024-12-09 16:51:50'),
(971, 475, ' مساءً', '2024-12-09 16:52:53'),
(972, 447, ' مساءً', '2024-12-09 16:53:36'),
(973, 442, ' مساءً', '2024-12-09 16:53:42'),
(974, 441, ' مساءً', '2024-12-09 16:53:49'),
(975, 439, ' مساءً', '2024-12-09 16:53:58'),
(976, 437, ' مساءً', '2024-12-09 16:54:13'),
(977, 436, ' مساءً', '2024-12-09 16:54:19'),
(978, 326, ' مساءً', '2024-12-09 17:01:34'),
(979, 847, ' مساءً', '2024-12-09 17:11:35'),
(980, 148, ' مساءً', '2024-12-09 17:13:21'),
(981, 155, ' مساءً', '2024-12-09 17:20:05'),
(982, 711, ' مساءً', '2024-12-09 17:20:22'),
(983, 727, ' مساءً', '2024-12-09 17:20:41'),
(984, 870, ' مساءً', '2024-12-09 17:20:54'),
(985, 604, ' مساءً', '2024-12-09 17:23:19'),
(986, 609, ' مساءً', '2024-12-09 17:23:32'),
(987, 611, ' مساءً', '2024-12-09 17:23:38'),
(988, 677, ' مساءً', '2024-12-09 17:23:54'),
(989, 617, ' مساءً', '2024-12-09 17:25:23'),
(990, 678, ' مساءً', '2024-12-09 17:25:37'),
(991, 680, ' مساءً', '2024-12-09 17:25:51'),
(992, 686, ' مساءً', '2024-12-09 17:26:11'),
(993, 700, ' مساءً', '2024-12-09 17:26:20'),
(994, 379, ' مساءً', '2024-12-09 17:27:50'),
(995, 749, ' مساءً', '2024-12-09 17:27:58'),
(996, 679, ' مساءً', '2024-12-09 17:28:04'),
(997, 752, ' مساءً', '2024-12-09 17:28:27'),
(998, 765, ' مساءً', '2024-12-09 17:28:37'),
(999, 354, ' مساءً', '2024-12-10 15:58:26'),
(1000, 333, ' مساءً', '2024-12-10 15:58:34'),
(1001, 284, ' مساءً', '2024-12-10 15:58:43'),
(1002, 277, ' مساءً', '2024-12-10 15:59:03'),
(1003, 276, ' مساءً', '2024-12-10 15:59:18'),
(1004, 287, ' مساءً', '2024-12-10 16:00:45'),
(1005, 212, ' مساءً', '2024-12-10 16:01:03'),
(1006, 203, ' مساءً', '2024-12-10 16:01:12'),
(1007, 149, ' مساءً', '2024-12-10 16:01:22'),
(1008, 141, ' مساءً', '2024-12-10 16:01:29'),
(1009, 256, ' مساءً', '2024-12-10 16:03:02'),
(1010, 929, ' مساءً', '2024-12-10 16:11:05'),
(1011, 404, ' مساءً', '2024-12-10 16:11:57'),
(1012, 378, ' مساءً', '2024-12-10 16:12:57'),
(1013, 343, ' مساءً', '2024-12-10 16:13:17'),
(1014, 326, ' مساءً', '2024-12-10 16:13:34'),
(1015, 285, ' مساءً', '2024-12-10 16:14:07'),
(1016, 872, ' مساءً', '2024-12-10 16:17:33'),
(1017, 837, ' مساءً', '2024-12-10 16:17:57'),
(1018, 661, ' مساءً', '2024-12-10 16:18:31'),
(1019, 657, ' مساءً', '2024-12-10 16:18:39'),
(1020, 590, ' مساءً', '2024-12-10 16:18:48'),
(1021, 537, ' مساءً', '2024-12-10 16:19:20'),
(1022, 535, ' مساءً', '2024-12-10 16:19:31'),
(1023, 998, ' مساءً', '2024-12-10 16:25:41'),
(1024, 610, ' مساءً', '2024-12-10 16:26:10'),
(1025, 739, ' مساءً', '2024-12-10 16:26:21'),
(1026, 809, ' مساءً', '2024-12-10 16:26:29'),
(1027, 992, ' مساءً', '2024-12-10 16:27:08'),
(1028, 427, ' مساءً', '2024-12-10 16:27:48'),
(1029, 421, ' مساءً', '2024-12-10 16:27:59'),
(1030, 420, ' مساءً', '2024-12-10 16:28:21'),
(1031, 397, ' مساءً', '2024-12-10 16:28:29'),
(1032, 501, ' مساءً', '2024-12-10 16:29:15'),
(1033, 673, ' مساءً', '2024-12-10 16:29:25'),
(1034, 674, ' مساءً', '2024-12-10 16:29:34'),
(1035, 910, ' مساءً', '2024-12-10 16:29:56'),
(1036, 922, ' مساءً', '2024-12-10 16:30:03'),
(1037, 548, ' مساءً', '2024-12-10 16:31:16'),
(1038, 928, ' مساءً', '2024-12-10 16:31:34'),
(1039, 204, ' مساءً', '2024-12-10 16:31:45'),
(1040, 180, ' مساءً', '2024-12-10 16:32:06'),
(1041, 175, ' مساءً', '2024-12-10 16:32:20'),
(1042, 167, ' مساءً', '2024-12-10 16:32:57'),
(1043, 229, ' مساءً', '2024-12-10 16:33:12'),
(1044, 261, ' مساءً', '2024-12-10 16:33:38'),
(1045, 263, ' مساءً', '2024-12-10 16:34:02'),
(1046, 559, ' مساءً', '2024-12-10 16:34:57'),
(1047, 555, ' مساءً', '2024-12-10 16:35:16'),
(1048, 504, ' مساءً', '2024-12-10 16:37:50'),
(1049, 488, ' مساءً', '2024-12-10 16:38:39'),
(1050, 445, ' مساءً', '2024-12-10 16:39:04'),
(1051, 486, ' مساءً', '2024-12-10 16:44:40'),
(1052, 475, ' مساءً', '2024-12-10 16:45:01'),
(1053, 467, ' مساءً', '2024-12-10 16:45:10'),
(1054, 456, ' مساءً', '2024-12-10 16:45:25'),
(1055, 454, ' مساءً', '2024-12-10 16:45:32'),
(1056, 442, ' مساءً', '2024-12-10 16:45:50'),
(1057, 441, ' مساءً', '2024-12-10 16:45:58'),
(1058, 439, ' مساءً', '2024-12-10 16:46:13'),
(1059, 306, ' مساءً', '2024-12-10 16:46:21'),
(1060, 437, ' مساءً', '2024-12-10 16:46:30'),
(1061, 847, ' مساءً', '2024-12-10 16:46:34'),
(1062, 436, ' مساءً', '2024-12-10 16:46:43'),
(1063, 849, ' مساءً', '2024-12-10 16:47:04'),
(1064, 853, ' مساءً', '2024-12-10 16:47:10'),
(1065, 863, ' مساءً', '2024-12-10 16:47:20'),
(1066, 865, ' مساءً', '2024-12-10 16:47:28'),
(1067, 867, ' مساءً', '2024-12-10 16:47:43'),
(1068, 347, ' مساءً', '2024-12-10 16:52:20'),
(1069, 711, ' مساءً', '2024-12-10 16:52:40'),
(1070, 718, ' مساءً', '2024-12-10 16:52:56'),
(1071, 722, ' مساءً', '2024-12-10 16:53:09'),
(1072, 727, ' مساءً', '2024-12-10 16:53:20'),
(1073, 743, ' مساءً', '2024-12-10 16:53:37'),
(1074, 311, ' مساءً', '2024-12-10 16:55:52'),
(1075, 339, ' مساءً', '2024-12-10 16:57:24'),
(1076, 749, ' مساءً', '2024-12-10 16:57:31'),
(1077, 755, ' مساءً', '2024-12-10 16:58:12'),
(1078, 757, ' مساءً', '2024-12-10 16:58:21'),
(1079, 713, ' مساءً', '2024-12-10 17:27:05'),
(1080, 780, ' مساءً', '2024-12-10 17:27:28'),
(1081, 784, ' مساءً', '2024-12-10 17:27:52'),
(1082, 802, ' مساءً', '2024-12-10 17:28:48'),
(1083, 808, ' مساءً', '2024-12-10 17:29:13'),
(1084, 335, ' مساءً', '2024-12-10 17:30:06'),
(1085, 712, ' مساءً', '2024-12-10 17:30:37'),
(1086, 813, ' مساءً', '2024-12-10 17:30:45'),
(1087, 694, ' مساءً', '2024-12-10 17:32:06'),
(1088, 705, ' مساءً', '2024-12-10 17:32:20'),
(1089, 398, ' مساءً', '2024-12-10 17:34:06'),
(1090, 413, ' مساءً', '2024-12-10 17:34:12'),
(1091, 933, ' مساءً', '2024-12-10 17:34:22'),
(1092, 538, ' صباحًا', '2024-12-11 10:20:14'),
(1093, 365, ' صباحًا', '2024-12-11 10:24:25'),
(1094, 368, ' صباحًا', '2024-12-11 10:42:11'),
(1095, 560, ' صباحًا', '2024-12-11 10:47:54'),
(1096, 565, ' صباحًا', '2024-12-11 10:48:54'),
(1097, 493, ' صباحًا', '2024-12-11 10:49:24'),
(1098, 538, ' صباحًا', '2024-12-11 10:56:25'),
(1099, 565, ' صباحًا', '2024-12-11 11:01:06'),
(1100, 366, ' مساءً', '2024-12-11 16:04:50'),
(1101, 349, ' مساءً', '2024-12-11 16:05:16'),
(1102, 277, ' مساءً', '2024-12-11 16:05:24'),
(1103, 276, ' مساءً', '2024-12-11 16:06:24'),
(1104, 287, ' مساءً', '2024-12-11 16:07:47'),
(1105, 212, ' مساءً', '2024-12-11 16:07:56'),
(1106, 149, ' مساءً', '2024-12-11 16:08:08'),
(1107, 997, ' مساءً', '2024-12-11 16:14:04'),
(1108, 929, ' مساءً', '2024-12-11 16:14:22'),
(1109, 404, ' مساءً', '2024-12-11 16:15:03'),
(1110, 396, ' مساءً', '2024-12-11 16:15:42'),
(1111, 356, ' مساءً', '2024-12-11 16:16:01'),
(1112, 352, ' مساءً', '2024-12-11 16:16:07'),
(1113, 343, ' مساءً', '2024-12-11 16:16:18'),
(1114, 932, ' مساءً', '2024-12-11 16:22:06'),
(1115, 872, ' مساءً', '2024-12-11 16:22:30'),
(1116, 837, ' مساءً', '2024-12-11 16:22:38'),
(1117, 658, ' مساءً', '2024-12-11 16:22:48'),
(1118, 657, ' مساءً', '2024-12-11 16:23:04'),
(1119, 656, ' مساءً', '2024-12-11 16:23:18'),
(1120, 654, ' مساءً', '2024-12-11 16:23:31'),
(1121, 651, ' مساءً', '2024-12-11 16:23:38'),
(1122, 590, ' مساءً', '2024-12-11 16:23:50'),
(1123, 587, ' مساءً', '2024-12-11 16:23:57'),
(1124, 580, ' مساءً', '2024-12-11 16:24:05'),
(1125, 537, ' مساءً', '2024-12-11 16:24:13'),
(1126, 535, ' مساءً', '2024-12-11 16:24:22'),
(1127, 531, ' مساءً', '2024-12-11 16:24:35'),
(1128, 593, ' مساءً', '2024-12-11 16:27:20'),
(1129, 610, ' مساءً', '2024-12-11 16:27:54'),
(1130, 632, ' مساءً', '2024-12-11 16:28:21'),
(1131, 995, ' مساءً', '2024-12-11 16:29:14'),
(1132, 646, ' مساءً', '2024-12-11 16:29:37'),
(1133, 640, ' مساءً', '2024-12-11 16:29:45'),
(1134, 635, ' مساءً', '2024-12-11 16:29:55'),
(1135, 630, ' مساءً', '2024-12-11 16:30:16'),
(1136, 626, ' مساءً', '2024-12-11 16:30:32'),
(1137, 491, ' مساءً', '2024-12-11 16:31:14'),
(1138, 492, ' مساءً', '2024-12-11 16:31:24'),
(1139, 501, ' مساءً', '2024-12-11 16:31:39'),
(1140, 588, ' مساءً', '2024-12-11 16:33:50'),
(1141, 994, ' مساءً', '2024-12-11 16:34:27'),
(1142, 671, ' مساءً', '2024-12-11 16:34:38'),
(1143, 928, ' مساءً', '2024-12-11 16:34:40'),
(1144, 673, ' مساءً', '2024-12-11 16:34:44'),
(1145, 910, ' مساءً', '2024-12-11 16:34:53'),
(1146, 206, ' مساءً', '2024-12-11 16:35:21'),
(1147, 188, ' مساءً', '2024-12-11 16:35:29'),
(1148, 922, ' مساءً', '2024-12-11 16:35:46'),
(1149, 181, ' مساءً', '2024-12-11 16:35:53'),
(1150, 180, ' مساءً', '2024-12-11 16:36:10'),
(1151, 175, ' مساءً', '2024-12-11 16:36:18'),
(1152, 556, ' مساءً', '2024-12-11 16:36:39'),
(1153, 998, ' مساءً', '2024-12-11 16:39:00'),
(1154, 992, ' مساءً', '2024-12-11 16:39:32'),
(1155, 421, ' مساءً', '2024-12-11 16:39:52'),
(1156, 420, ' مساءً', '2024-12-11 16:40:10'),
(1157, 417, ' مساءً', '2024-12-11 16:40:18'),
(1158, 397, ' مساءً', '2024-12-11 16:40:25'),
(1159, 665, ' مساءً', '2024-12-11 16:45:47'),
(1160, 500, ' مساءً', '2024-12-11 16:47:02'),
(1161, 495, ' مساءً', '2024-12-11 16:47:47'),
(1162, 472, ' مساءً', '2024-12-11 16:48:07'),
(1163, 592, ' مساءً', '2024-12-11 16:51:22'),
(1164, 848, ' مساءً', '2024-12-11 16:52:09'),
(1165, 564, ' مساءً', '2024-12-11 16:52:20'),
(1166, 849, ' مساءً', '2024-12-11 16:52:28'),
(1167, 559, ' مساءً', '2024-12-11 16:52:53'),
(1168, 853, ' مساءً', '2024-12-11 16:52:58'),
(1169, 555, ' مساءً', '2024-12-11 16:53:05'),
(1170, 854, ' مساءً', '2024-12-11 16:53:18'),
(1171, 552, ' مساءً', '2024-12-11 16:53:20'),
(1172, 863, ' مساءً', '2024-12-11 16:54:35'),
(1173, 867, ' مساءً', '2024-12-11 16:55:15'),
(1174, 476, ' مساءً', '2024-12-11 16:56:08'),
(1175, 475, ' مساءً', '2024-12-11 16:56:18'),
(1176, 466, ' مساءً', '2024-12-11 16:56:27'),
(1177, 462, ' مساءً', '2024-12-11 16:56:59'),
(1178, 456, ' مساءً', '2024-12-11 16:57:10'),
(1179, 454, ' مساءً', '2024-12-11 16:57:33'),
(1180, 159, ' مساءً', '2024-12-11 16:57:38'),
(1181, 452, ' مساءً', '2024-12-11 16:57:58'),
(1182, 450, ' مساءً', '2024-12-11 16:58:05'),
(1183, 163, ' مساءً', '2024-12-11 16:58:33'),
(1184, 447, ' مساءً', '2024-12-11 16:58:34'),
(1185, 178, ' مساءً', '2024-12-11 16:58:47'),
(1186, 446, ' مساءً', '2024-12-11 16:58:52'),
(1187, 246, ' مساءً', '2024-12-11 16:58:54'),
(1188, 249, ' مساءً', '2024-12-11 16:59:02'),
(1189, 443, ' مساءً', '2024-12-11 16:59:03'),
(1190, 251, ' مساءً', '2024-12-11 16:59:14'),
(1191, 441, ' مساءً', '2024-12-11 16:59:21'),
(1192, 291, ' مساءً', '2024-12-11 16:59:23'),
(1193, 439, ' مساءً', '2024-12-11 16:59:31'),
(1194, 912, ' مساءً', '2024-12-11 16:59:36'),
(1195, 931, ' مساءً', '2024-12-11 16:59:44'),
(1196, 437, ' مساءً', '2024-12-11 16:59:46'),
(1197, 436, ' مساءً', '2024-12-11 16:59:57'),
(1198, 433, ' مساءً', '2024-12-11 17:00:05');
INSERT INTO `absences` (`absence_id`, `student_id`, `session_time`, `created_at`) VALUES
(1199, 400, ' مساءً', '2024-12-11 17:00:16'),
(1200, 347, ' مساءً', '2024-12-11 17:05:39'),
(1201, 711, ' مساءً', '2024-12-11 17:06:09'),
(1202, 737, ' مساءً', '2024-12-11 17:06:25'),
(1203, 743, ' مساءً', '2024-12-11 17:06:32'),
(1204, 174, ' مساءً', '2024-12-11 17:10:07'),
(1205, 493, ' مساءً', '2024-12-11 17:10:14'),
(1206, 538, ' مساءً', '2024-12-11 17:10:22'),
(1207, 539, ' مساءً', '2024-12-11 17:10:31'),
(1208, 546, ' مساءً', '2024-12-11 17:10:46'),
(1209, 550, ' مساءً', '2024-12-11 17:11:48'),
(1210, 565, ' مساءً', '2024-12-11 17:12:01'),
(1211, 419, ' مساءً', '2024-12-11 17:17:44'),
(1212, 998, ' مساءً', '2024-12-11 17:22:21'),
(1213, 604, ' مساءً', '2024-12-11 17:27:46'),
(1214, 609, ' مساءً', '2024-12-11 17:27:53'),
(1215, 677, ' مساءً', '2024-12-11 17:28:02'),
(1216, 678, ' مساءً', '2024-12-11 17:28:10'),
(1217, 680, ' مساءً', '2024-12-11 17:28:18'),
(1218, 686, ' مساءً', '2024-12-11 17:28:24'),
(1219, 696, ' مساءً', '2024-12-11 17:28:31'),
(1220, 750, ' مساءً', '2024-12-11 17:29:38'),
(1221, 752, ' مساءً', '2024-12-11 17:29:51'),
(1222, 769, ' مساءً', '2024-12-11 17:34:12'),
(1223, 780, ' مساءً', '2024-12-11 17:34:38'),
(1224, 777, ' مساءً', '2024-12-11 17:34:52'),
(1225, 783, ' مساءً', '2024-12-11 17:35:06'),
(1226, 784, ' مساءً', '2024-12-11 17:35:14'),
(1227, 808, ' مساءً', '2024-12-11 17:36:44'),
(1228, 1000, ' مساءً', '2024-12-11 17:38:11'),
(1229, 1000, ' مساءً', '2024-12-11 17:40:15'),
(1230, 265, ' مساءً', '2024-12-11 17:41:59'),
(1231, 721, ' مساءً', '2024-12-11 17:42:14'),
(1232, 736, ' مساءً', '2024-12-11 17:42:25'),
(1233, 742, ' مساءً', '2024-12-11 17:42:43'),
(1234, 903, ' مساءً', '2024-12-11 17:42:53'),
(1235, 359, ' مساءً', '2024-12-11 17:44:02'),
(1236, 327, ' مساءً', '2024-12-11 17:44:27'),
(1237, 398, ' مساءً', '2024-12-11 17:44:43'),
(1238, 413, ' مساءً', '2024-12-11 17:45:24'),
(1239, 933, ' مساءً', '2024-12-11 17:45:55'),
(1240, 413, ' مساءً', '2024-12-11 17:47:04');

-- --------------------------------------------------------

--
-- Structure de la table `academic_years`
--

CREATE TABLE `academic_years` (
  `year_id` int(11) NOT NULL,
  `year_name` varchar(20) NOT NULL,
  `start_date` date NOT NULL,
  `end_date` date NOT NULL
) ENGINE=InnoDB DEFAULT CHARSET=utf8mb4 COLLATE=utf8mb4_general_ci;

--
-- Déchargement des données de la table `academic_years`
--

INSERT INTO `academic_years` (`year_id`, `year_name`, `start_date`, `end_date`) VALUES
(12, '2024-2025', '2024-10-28', '2025-10-25'),
(13, '2024-2025', '2024-09-30', '2025-09-30');

-- --------------------------------------------------------

--
-- Structure de la table `activities`
--

CREATE TABLE `activities` (
  `id` int(11) NOT NULL,
  `activity_name` varchar(255) NOT NULL,
  `start_date` date NOT NULL,
  `end_date` date NOT NULL,
  `price` decimal(10,2) NOT NULL,
  `student_id` int(11) DEFAULT NULL,
  `status` enum('Ongoing','Ended') DEFAULT 'Ongoing'
) ENGINE=InnoDB DEFAULT CHARSET=utf8mb4 COLLATE=utf8mb4_general_ci;

-- --------------------------------------------------------

--
-- Structure de la table `activities_payments`
--

CREATE TABLE `activities_payments` (
  `id` int(11) NOT NULL,
  `student_activity_id` int(11) NOT NULL,
  `activitie_id` int(11) NOT NULL,
  `payment_date` date NOT NULL,
  `paid_amount` decimal(10,2) NOT NULL,
  `payment_method` varchar(50) NOT NULL,
  `bank_id` int(11) DEFAULT NULL
) ENGINE=InnoDB DEFAULT CHARSET=utf8mb4 COLLATE=utf8mb4_general_ci;

-- --------------------------------------------------------

--
-- Structure de la table `agents`
--

CREATE TABLE `agents` (
  `agent_id` int(11) NOT NULL,
  `phone` varchar(8) NOT NULL,
  `agent_name` varchar(255) NOT NULL,
  `phone_2` varchar(8) DEFAULT NULL,
  `profession` varchar(255) DEFAULT NULL,
  `whatsapp_phone` varchar(8) NOT NULL
) ENGINE=InnoDB DEFAULT CHARSET=utf8mb4 COLLATE=utf8mb4_general_ci;

--
-- Déchargement des données de la table `agents`
--

INSERT INTO `agents` (`agent_id`, `phone`, `agent_name`, `phone_2`, `profession`, `whatsapp_phone`) VALUES
(24, '22386181', 'سيد محمد محفوظ', '22386181', '', '22386181'),
(25, '46016212', 'ميجه هنون', '46016212', '', '46016212'),
(26, '46124806', 'الزاوي ', '46124806', '', '46124806'),
(27, '26234325', 'البتول', '26234325', '', '36640669'),
(28, '46292996', 'صالح سيد الخير', '46292996', '', '46292996'),
(29, '36354096', 'محمد  المختار محمد سيدي', '22354096', '', '22354096'),
(30, '46807131', 'مريم سيدي', '46807131', '', '46807131'),
(31, '20202300', 'محمد إدوم', '20202300', '', '20202300'),
(32, '47474004', 'النوها حمودي', '47474004', '', '47474004'),
(33, '46774062', 'المختار محمد عبد الله ', '47150304', '', '46774062'),
(34, '34328399', 'نفيسة عالي', '27803740', '', '27803740'),
(35, '33205200', 'خدجة أحمدو', '33205200', '', '33205200'),
(36, '22229058', 'مريم أحمد', '22352410', '', '22229058'),
(37, '31218280', 'إسلكها الداه', '31218280', '', '31218280'),
(38, '37107170', 'زينب الدمين', '37107170', '', '37107170'),
(39, '22524064', 'أم الخيري', '22524064', '', '22524064'),
(40, '22207148', 'أم كلثوم محمد يحظيه', '41949010', '', '22207148'),
(41, '47232267', 'السلطان عبد الرحمن ', '26283870', '', '47232267'),
(42, '22629626', 'زبيدة الداه ', '46629626', '', '22629626'),
(43, '46438090', 'المختار مولود', '46438090', '', '46438090'),
(44, '42029519', 'فاطمة اخليفة ', '27500745', '', '42029519'),
(45, '22468303', 'اشريفة /محمدو', '22468303', '', '22468303'),
(46, '26141330', 'خولة محمد', '26141330', '', '26141330'),
(47, '48744029', 'زينب محمد الأمين ', '44910966', '', '48744029'),
(48, '22093642', 'نفيسة يد', '22093642', '', '22093642'),
(49, '36396639', 'عائشة الناه', '36396639', '', '46959517'),
(50, '20617113', 'أسماء دحيد ', '41553348', '', '20617113'),
(51, '22222670', 'جمال العالم ', '30423833', '', '22222670'),
(52, '36001632', 'السالمة', '36001632', '', '36001632'),
(53, '22407718', 'خولة باب ', '37309477', '', '37309477'),
(54, '37220200', 'آمنة عبد الرحمن ', '36454444', '', '37220200'),
(55, '27570574', 'ديدة سيد محمد ', '43081699', '', '27570574'),
(56, '47178656', 'آمنة المصطفى', '47178656', '', '47178656'),
(57, '22273944', 'فاطمة سيدي محمد', '22273944', '', '22273944'),
(58, '41141423', 'مريم العيد', '41141423', '', '41141423'),
(59, '22316646', 'أحمد عالي ', '22316646', '', '22316646'),
(60, '48701030', 'فاطمة أبى المعالي', '49294810', '', '48701030'),
(61, '33706163', 'عيشة البكاي', '33706163', '', '33706163'),
(62, '43236733', 'توت الحاج', '43236733', '', '43236733'),
(63, '46450850', 'عبد الله أحمد سالم ', '47277725', 'مهندس', '47277725'),
(64, '43101015', 'التقية هنون ', '43101015', '', '43101015'),
(65, '36224375', 'مريم نفيسة احميدة ', '36224375', '', '36224375'),
(66, '36650058', 'اغلانه اطفيل', '36650058', '', '36650058'),
(67, '44184460', 'حاجة سيدي ', '44184460', '', '44184460'),
(68, '33818102', 'محمد ديديا ', '33818102', '', '33818102'),
(69, '22950790', 'فاطمة فرحان', '22950790', '', '22950790'),
(70, '36269886', 'السالكة امحيميد ', '36269886', '', '36269886'),
(71, '28692010', 'محمد الأمين بلال ', '28692010', '', '28692010'),
(72, '36282951', 'فاطمة عبد الرحمن', '36282951', '', '36282951'),
(73, '32628381', 'ادوم محمد باب ', '37640661', '', '32628381'),
(74, '22954633', 'إسماعيل', '22954633', '', '22954633'),
(75, '37377575', 'عائشة سيد محمد', '37377575', '', '37377575'),
(76, '42606530', 'المختار حسن ', '42606530', '', '42606530'),
(77, '22073585', 'محمد سالم اليدالي ', '37616254', '', '22073585'),
(78, '26762139', 'النعمة الحضرام', '26762139', '', '26762139'),
(79, '22747722', 'لمات محمد الأمين مولاي ', '22747722', '', '22747722'),
(80, '26303653', 'نفيسة عالى ', '26303653', '', '26303653'),
(81, '46510870', 'بوبه السالك ', '46510870', '', '46510870'),
(82, '22629626', 'زبيده الداه', '46629626', '', '22629626'),
(83, '33886000', 'كبل أحمد دولة ', '33804848', '', '33886000'),
(84, '22327418', 'محمد أحيد محمد محمود', '36327418', '', '22327418'),
(85, '32036825', 'الغيثة محمدن ', '22337174', '', '22337174'),
(86, '42909609', 'رقية محمد الأمين ', '42909609', '', '42909609'),
(87, '26333946', 'سيدي محمد الداهي', '26333946', '', '26333946'),
(88, '46712017', 'جملة شيخنا أحمد زيدان ', '43720701', '', '43720701'),
(89, '36511652', 'امناة محمد بوكاك', '36511652', '', '46511652'),
(90, '36323081', 'رقية حمود ', '22323081', '', '22323081'),
(91, '31043332', 'مليكة   الحضر ', '31043332', '', '31043332'),
(92, '32329080', 'عيشة بوبالي', '36898936', '', '32329080'),
(93, '36850012', 'سلم أعمر ', '36850013', '', '36850012'),
(94, '36002131', 'عزيز ', '36002131', '', '36002131'),
(96, '22406468', 'إدوم عبد الله ', '22406468', '', '22406468'),
(97, '31773800', 'آمنة عبد الدايم', '31773800', '  ', '27777380'),
(98, '46764520', 'المصطغى التقي ', '32105518', '', '46764520'),
(99, '36905656', 'عيشة ', '36905656', '', '36905656'),
(100, '41869896', 'إنجيه آمين', '43198279', '', '41869896'),
(101, '26754444', 'محمد المختار', '26754444', '', '26754444'),
(102, '22155591', 'فاطمة ادوم', '22155591', '', '22155591'),
(103, '36380561', 'التالية السيد', '36380561', '', '36380561'),
(104, '26998768', 'عمرانه بيده', '26998768', '', '26998768'),
(105, '34445534', 'عبد الفتاح', '34445534', '', '34445534'),
(106, '42051215', 'مونى محمد محمود', '42051215', '', '42051215'),
(107, '34445534', 'عبد الفتاح', '34445534', '', '34445534'),
(108, '36696991', 'السالك أمد', '36696991', '', '36696991'),
(109, '46555598', 'وكيل محمد الطالب', '46555598', '', '46555598'),
(110, '34274720', 'سيدي ابراهيم السالك', '34274720', '', '34274720'),
(111, '20116759', 'فاكمة البكاي', '22390607', '', '20116759'),
(112, '43271227', 'مريم عبد الرحمن', '43271227', '', '43271227'),
(113, '49813282', 'السالمة إدوم', '49813282', '', '49813282'),
(114, '22460335', 'السالك فال', '22460335', '', '20305400'),
(115, '20203277', 'السالك امبارك', '20203277', '', '20203277'),
(116, '22418457', 'سيد محمد الهادي ', '22418457', 'محاسب', '22418457'),
(117, '42323330', 'خديجة الكوري ', '42323330', '', '27523995'),
(118, '49813282', 'السالمة إدوم', '49813282', '', '49813282'),
(119, '44739172', 'فاطمة ', '44739172', '', '44739172'),
(120, '20377277', 'عائشة محمد فال ', '32116167', '', '20377277'),
(121, '49006525', 'أحمدنا ', '22416910', '', '49006525'),
(122, '22366717', 'مريم الحسن ', '43535973', '', '22366717'),
(123, '46498439', 'خداجة أحمد', '46498439', '', '46498439'),
(124, '46498439', 'خداجة أحمد', '46498439', '', '46498439'),
(125, '46377979', 'مريم سيدي محمد', '46377979', '', '46377979'),
(126, '34343702', 'النوها محمد سالم', '34343702', ' ', '34343702'),
(127, '46853752', 'سيد محمد المامي', '46853752', '', '46853752'),
(128, '36700880', 'سيدي لتراد', '36700880', '', '36700880'),
(129, '36700880', 'سيدي لتراد', '36700880', '', '36700880'),
(130, '26900864', 'حفصة أحمد جدو', '26900864', '', '26900864'),
(131, '42437115', 'مريم سيد عالي ', '42437115', ' ', '42437115'),
(132, '36604706', 'محمد الامين السالم', '36604706', '', '36604706'),
(133, '49375958', 'زينب يعقوب', '32703088', '', '49375958'),
(134, '48689688', 'فاطمة إدوم', '48689688', '', '48689688'),
(135, '43202009', 'عزوها المحجوب ', '34272005', '', '43202009'),
(136, '33145120', 'خيرة محمد ', '33145120', '', '33145120'),
(137, '36338736', 'الشيخ بادي', '36338736', '', '36338736'),
(138, '43099191', 'يعقوب ياه', '43099191', '', '43099191'),
(139, '49516382', 'أحمدو عبد القادر', '46474267', '  ', '22027169'),
(141, '38781818', 'عزيزة هنون', '46541759', '', '38781818'),
(142, '20175543', 'الشيخ أحمد', '20620411', '', '20175543'),
(143, '36316036', 'محمد الأمين محمد', '41014005', 'م', '41014005'),
(144, '36611219', 'فاطمة بمب ', '36611219', '', '36611219'),
(145, '43438034', 'عمر حيبات', '47171963', '', '43438034'),
(146, '36551959', 'مريم محمد الامين', '32381088', '', '36551959'),
(147, '36121273', 'محمد نافع محمد عبد الله', '36212136', '', '36121273'),
(148, '42453509', 'لمرابط أحمذي', '37375229', '', '42453509'),
(149, '46559336', 'منينة سيدي عالي ', '41083081', '', '46559336'),
(150, '43783397', 'عبد الله الولي ', '43783397', '', '43783397'),
(151, '34567616', 'يحي بون', '31055326', '', '34567616'),
(152, '26853173', 'محمد الطيب', '26853173', '', '26853173'),
(153, '22001489', 'مريم ', '22001489', '', '22001489'),
(154, '48431201', 'لمانه أحمد', '42888801', '', '48431201'),
(155, '22319731', 'أم الفضل', '22075100', '', '22319731'),
(156, '48174343', 'مليكة ماء العينين ', '48174343', '', '48174343'),
(157, '46240428', 'الخليل ', '46240428', '', '46240428'),
(158, '27282126', 'آمنة', '27282126', '', '27282126'),
(159, '38232425', 'أحمد حمود', '47673345', '', '38232425'),
(160, '36131319', 'عمرانه', '44131319', '', '36131319'),
(161, '44223466', 'خديجة احمد ', '33212121', '', '44223466'),
(162, '22811195', 'الإمام', '22811195', '', '22811195'),
(163, '26500069', 'فاطمة بيب ', '26500069', '', '26500069'),
(164, '22445499', 'الخليفة بادي', '22445499', '', '22445499'),
(165, '37083713', 'تحي الحاج أعمر', '41157824', '', '41157824'),
(166, '20600484', 'فاطمة ماء العينين ', '20600484', '', '20600484'),
(167, '48500606', 'فاطمة  عبد الله', '48500606', '', '48500606'),
(168, '36346818', 'بوكه الخليفة ', '31319067', '', '36346818'),
(169, '22402240', 'الشيخ الصافي', '46584800', '', '46584800'),
(170, '26922653', 'حسينة ابراهيم ', '49668162', '', '26922653'),
(171, '22466292', 'داهي الشيخ', '27205063', '', '22466292'),
(172, '42018319', 'صلاح المصطفى', '42018319', '', '42018319'),
(173, '31313909', 'صاديا جيدو ', '41863131', '', '31313909'),
(174, '31666085', 'لعزوز لبات ', '31666085', '', '31666085'),
(175, '22660484', 'اشريفة الشيخ', '22660484', '', '22660484'),
(176, '44334499', 'منى عباد', '44334490', '', '44334499'),
(177, '22077629', 'محمد بون', '22077629', '', '22077629'),
(178, '22595911', 'محمد المختار الصيد ', '22595911', '', '22595911'),
(179, '34411718', 'حداه', '34411718', '0', '46801840'),
(180, '43321212', 'كابرعبد الله', '43321212', '', '43321212'),
(181, '32611677', 'آمنة محمد عالي', '32611677', '', '32611677'),
(182, '49791112', 'فاطمة محمد عبد الله ', '49791112', '', '49791112'),
(183, '46802221', 'آمنة باب', '46555378', '', '46802221'),
(184, '43830011', 'مريم محمد أحمد ', '42700005', '', '43830011'),
(185, '32101267', 'خدي المامي ', '32101267', 'ن', '32101267'),
(186, '47211517', 'يم النعمة', '47211517', '', '47211517'),
(187, '26056959', 'امحمد امباله', '26056959', '', '26056959'),
(188, '26056959', 'امحمد امباله', '26056959', '', '26056959'),
(189, '30404212', 'سمية شداد ', '20404217', '', '30404212'),
(190, '27981173', 'سيدي النون', '27981173', '', '27981173'),
(191, '36694907', 'محمد سيدي فال', '36694907', '', '36694907'),
(192, '46259566', 'أحمدو أبو الفضل ', '46259566', '', '46259566'),
(193, '42262631', 'محمد سالم العارف ', '42262631', '', '42262631'),
(194, '33887882', 'محمذن السماني', '33887882', '', '33887882'),
(195, '47557596', 'فاطمة أعمر', '47557596', '', '47557596'),
(196, '22138433', 'زيدلن محمد ', '22138433', '', '42318664'),
(197, '46400909', 'لمرابط عبد ', '46400909', '', '46400909'),
(198, '22940447', 'محمد المصطفى الحسن', '22940447', '  ', '38308934'),
(199, '22162300', 'ميمات سيدي  محمود', '22162300', '', '22162300'),
(200, '26475032', 'إسلكها احميتي', '26475032', '', '26475032'),
(201, '36414150', 'الداه  لقلال ', '36414150', '', '36414150'),
(202, '22068586', 'سعدنا سيدي عبد الرحمن', '22083545', '  ', '22068586'),
(203, '33336806', 'لمات بنت محمذن فال', '33336806', '', '33336806'),
(204, '36301729', 'المصطفى سيدن', '36301729', '', '36301729'),
(205, '22641416', 'موني محمد ', '22121416', '', '22121416'),
(206, '22323081', 'رقية ميمين', '36323081', '', '22323081'),
(207, '47490249', 'آمنة محمد المصفى ', '47490249', '  ', '48893072'),
(208, '42124104', 'جمبلة سيدي', '42124104', '', '42124104'),
(209, '22213726', 'عيشة أحمد', '42416203', 'ط', '22213726'),
(210, '26801234', 'مريم العاقب ', '41274126', 'ت', '36801234'),
(211, '32808002', 'أعلي الشيخ لمليح', '36346818', '  ', '38280000'),
(212, '27671905', 'لمات الداهيه', '27671905', '', '22677407'),
(213, '26420001', 'الحسن الصوفي', '26400004', '', '26400004'),
(214, '46575238', 'فاطمة باب ', '46575238', '', '46575238'),
(215, '22038424', 'عبد الله خطاري ', '33038424', '', '22038424'),
(216, '22381997', 'عبد الودود ', '22381997', 'طبيب', '42381997'),
(217, '44010103', 'فاطمة سليمان ', '44010103', '', '44010103'),
(218, '22433992', 'أحمدو الندى', '22433992', '', '22433992'),
(219, '22656530', 'سارة أم العيد ', '22656530', '', '22272634'),
(220, '32648389', 'محمد محمود الغوث', '22307120', '', '32648389'),
(221, '36386181', 'منة محمد', '36386181', '', '36386181'),
(222, '42116355', 'محمد الشيخ النعمة', '42116355', '', '42116355'),
(223, '31045256', 'خدجة الندى', '31045256', ' ', '31045256'),
(224, '22115581', 'فاطمة محمد محمود', '22115581', '', '22115581'),
(225, '46547371', 'اسلمها ', '46547371', '', '46547371'),
(226, '26989004', 'اسحاق خطاري ', '33385695', '', '33385695'),
(227, '30597763', 'أم كلثوم الحسن ', '30597763', '', '30597763'),
(228, '33638255', 'أمنة لحبيب', '33638255', '', '33638255'),
(229, '22133613', 'خديجة لمانة ', '22133613', '', '22133613'),
(230, '22094058', 'محمد يحي ', '22094058', '', '22094058'),
(231, '41102099', 'أم الخيرات مختارن', '38381976', '', '41102099'),
(232, '22315612', 'حمود ', '22315612', '', '22315612'),
(233, '22066030', 'السالمة محمد المختار', '22351705', '  ', '49994990'),
(234, '33038788', 'خدي ', '36520909', '', '33038788'),
(235, '26590720', 'فتيحة', '26590720', '', '26590720'),
(236, '22413569', 'آمنة المصطفى', '20526040', '', '22413569'),
(237, '49587910', 'الوالده الشيخ ', '49587910', '', '49587910'),
(238, '31310130', 'فاطمة السالم', '44310130', '', '31310130'),
(239, '22731238', 'شيماء محفوظ', '22731238', '', '22731238'),
(240, '37368100', 'دفاع الجيد', '37368100', '', '37368100'),
(241, '34175616', 'بشرى البشير ', '34175616', '', '34175616'),
(242, '33527686', 'لعروص اسماعيل ', '34852428', '', '33527686'),
(243, '41509338', 'محجوبة', '41509338', '', '41509338'),
(244, '33381997', 'هدى الداه', '22381997', '', '33381997'),
(245, '32224420', 'عواطف', '32224420', '', '32224420'),
(246, '43308320', 'فوكهم سيد محمد', '43308320', '', '43308320'),
(247, '26600484', 'فاطمة ماء العينين ', '26600484', '', '26600484'),
(248, '36464747', 'فاطمة محمد ', '36464747', '', '36464747'),
(249, '22386627', 'سكتو بي ', '22386627', '', '22386627'),
(250, '36618730', 'بادي عابدين بادي', '36618730', '', '36618730'),
(251, '---', '----', '----', ' ', '---'),
(252, '41577277', 'أم الخيري صالح', '41577277', '', '41577277'),
(253, '32637464', 'وكيلة السالمة ', '22632963', '', '32637464'),
(254, '46570103', 'البشير زين ', '46570103', '', '46570103'),
(255, '36158586', 'مولاي صالح ', '36158586', '', '36158586'),
(256, '47945328', 'الخليفة احمان ', '47945328', '', '47945328'),
(257, '22148872', 'النينة', '22148872', '', '22148872'),
(258, '37047284', 'فيروز ', '37047284', '', '37047284'),
(259, '42634058', 'محمد عبد الله  الإمام ', '26213181', '0', '44021444'),
(260, '36393478', 'باب فال ', '37315794', '', '36393478'),
(261, '32305858', 'إبركها سيدي مولود', '22862927', '...', '22862927'),
(262, '22287361', 'مريامو محمد ', '32535359', '', '22287361'),
(263, '44020056', 'باسمة محمد الامين', '44020056', '', '44020056'),
(264, '37150646', 'الحسين مولاي الحسن ', '37150646', '', '37150646'),
(265, '46789370', 'محمدن المختار', '38742040', '', '46789370'),
(266, '31064181', 'خديجة محمد عبد الله ', '31064181', '  ', '31064181'),
(267, '22183883', 'نفيسة الدد بادي', '22183883', '00', '26245478'),
(268, '48930177', 'فاطمة  المعزوز', '48930177', '', '48930177'),
(269, '22131358', 'محمد الدد', '22131358', '', '22131358'),
(270, '20951549', 'عبد القادر', '20951549', '', '20951549'),
(271, '33335243', 'ياسر الكيحل', '33335243', '', '33335243'),
(272, '43839515', 'فاطمة أحمدو الداه', '43839515', '', '43839515'),
(273, '36302446', 'لارباس عبد الجليل ', '30715922', '', '36302446'),
(274, '46630075', 'فاطمة محمد', '46630075', '', '46630075'),
(275, '22064658', 'سيدي الداه ', '44777799', '', '22064658'),
(276, '22326778', 'المختار مياره', '22401570', '', '22326778'),
(277, '22209020', 'إخليهنا ا أحمد', '22209020', '', '22209020'),
(278, '46630075', 'فاطمة محمد', '46630075', '', '46630075'),
(279, '27814481', 'مريم عبد الله', '22862296', '', '27814481'),
(280, '44220325', 'المختار السالم السناد ', '26056959', '', '44220325'),
(281, '22417530', 'الحسن احمد حبيب ', '22417530', '', '22417530'),
(282, '22126550', 'عائشة بون', '22126550', '', '22126550'),
(283, '26443309', 'عيشة ابوك', '46443309', '', '26443309'),
(284, '46739768', 'فاطمة خطري', '46739768', '', '46739768'),
(285, '27503129', 'محمد يحي أبهم ', '48626908', '', '27503129'),
(286, '46004029', 'آمنة عابدين', '36142423', '', '46004029'),
(287, '46003667', 'ربيعة ', '46003667', '', '46003667'),
(288, '22490037', 'مريم عبد الفتاح', '22490037', '', '22490037'),
(289, '46739768', 'فاطمة خطري', '46739768', '', '46739768'),
(290, '27814481', 'مريم عبد الله', '22862296', '', '27814481'),
(291, '36631000', 'فريده بد', '36608339', '', '36631000'),
(292, '33460645', 'ابراهيم ', '33460645', '', '33460645'),
(293, '30527471', 'فاطمة السيد', '22003701', '', '30527471'),
(294, '31262518', 'مريم شغالي', '31262518', '', '31262518'),
(295, '26562925', 'محمدو سالم فال ', '26676767', '', '30446050'),
(296, '36137162', 'السالمة حمود ', '36137162', '', '36137162'),
(297, '26005076', 'عبد المالك أن ', '36345350', '', '26005076'),
(298, '48474692', 'سيدي محمد محمد السالك ', '22085379', '', '48474692'),
(299, '22041030', 'مريم مختارو', '22041030', '', '22041030'),
(300, '26250503', 'عيشة الجيد', '26250503', '', '26250503'),
(301, '22360255', 'محمدن محمد ', '46363738', '', '46363738'),
(302, '36149797', 'رجاء أحمد زيدان ', '36149797', '', '36149797'),
(303, '36622008', 'خدجة عبد الله', '36622008', '', '36622008'),
(304, '22391775', 'المصطفى ابراهيم', '22082565', '', '22391775'),
(305, '42707240', 'مريم سيدي حامد ', '42707240', ' ', '42707240'),
(306, '47144762', 'ميمونة  سيد المصطف ', '47144762', '', '47144762'),
(307, '33367784', 'مريم أحمد', '33367784', '', '33367784'),
(308, '42515550', 'بلال محمد ', '42515550', '', '42515550'),
(309, '22141963', 'اكويكانه', '22141963', '', '22141963'),
(310, '27181911', 'محمد عبد الله عبد الوهاب ', '47181911', '', '27181911'),
(311, '41415839', 'السالكة سيدي حامد', '41415839', '', '41415839'),
(312, '36345850', 'سيدي محمد', '36345850', '', '36345850'),
(313, '37135125', 'محمد عبد الرحمن ', '26386089', '', '37135125'),
(314, '26895098', 'فاطمة بنت مالك', '26895098', '', '26895098'),
(315, '33089960', 'محمدو القاسم ', '33089960', '0', '33089960'),
(316, '26264411', 'رجاء ', '26264411', '', '26264411'),
(317, '49669990', 'النوه طالب عبد الله', '49669990', '', '49669990'),
(318, '49030564', 'روقه', '49030564', '', '49030564'),
(319, '26373837', 'محمد سالم الخضر', '26373837', '', '26373837'),
(320, '22315770', 'مريم مولاي عبد الرحمن', '31466666', '', '22315770'),
(321, '27346412', 'نوره سيديا', '27346412', '', '27346412'),
(322, '47358703', 'مهند ابن طلعت المصري ', '47358703', '', '47358703'),
(323, '34121212', 'محمد الراجل', '34121212', '', '34121212'),
(324, '42081310', 'خديجة البشير الحضرامي ', '48206248', '', '42081310'),
(325, '26643481', 'أم كلثوم الحسين ', '26643481', '', '26643481'),
(326, '26535335', 'بثين الطاهر', '26535335', '', '26535335'),
(327, '46559396', 'منينه سيدي عالي', '46559396', '', '46559396'),
(328, '22024334', 'رقية', '22024334', '', '22024334'),
(329, '49398926', 'سلم سيدي محمد', '49398926', '', '49398926'),
(330, '26059263', 'أم سلمة يحي ', '26059263', '  ', '26059263'),
(331, '46586117', 'زينب محمد', '36565387', '', '46586117'),
(332, '20075959', 'زينب عبد الله ', '20075959', '', '20075959'),
(333, '36969623', 'شوقي سعيد ', '36969623', '', '36969623'),
(334, '47611577', 'توت الحاج', '47611577', '', '47611577'),
(335, '36232340', 'سيدي محمد يحي', '36232340', '', '36232340'),
(336, '22462606', 'فال احمتو', '22462606', '', '22462606'),
(337, '49731517', 'مريم لحبيب ', '49731517', '', '49731517'),
(338, '22380369', 'الغظفة ', '22380369', '', '22380369'),
(339, '36166554', 'ميمونة  محمد سالم', '36166554', '', '36166554'),
(340, '36603480', 'سيدي محمد محودي ', '22107670', '', '36603480'),
(341, '20000653', 'الطالب محمد فال ', '20000653', '', '20000653'),
(342, '22347501', 'ليلى  أسند ', '22347501', '', '22347501'),
(343, '41707072', 'أقيلة محمد الأمين ', '20908222', '', '41707072'),
(344, '22150439', 'لبات محمد محمود ', '22082005', '', '22150439'),
(345, '22114221', 'توت محمدن ', '22114221', '', '22114221'),
(347, '47108225', 'عمر', '47108225', '', '47108225'),
(348, '46465552', 'عيشة اليدالي', '46465552', '', '46465552'),
(349, '46544020', 'عبدو', '46544020', '', '46544020'),
(350, '42868863', 'أم النصر', '42868863', '', '42868863'),
(351, '41515130', 'الشيخ', '41515130', '', '41515130'),
(352, '41340247', 'فاطمة مولاي ', '41340247', '', '41340247'),
(353, '33200070', 'مريم محمد ناجي ', '20007041', '', '20007041'),
(354, '38278050', 'فاطمة باب ', '38278050', '', '38278050'),
(355, '47677464', 'عائشة أحمدو الحسن', '26541010', '', '47677464'),
(356, '36244871', 'فاطمة محمد عبد الله', '36244871', '', '36244871'),
(357, '41074698', 'البخاري ', '41074698', '', '41074698'),
(358, '22329217', 'آمنة اعل طالب', '22329217', '', '22329217'),
(359, '49482000', 'منة أعمر ', '49482000', '', '49482000'),
(360, '43628184', 'أبو المعالي ', '43628184', '', '27810502'),
(361, '46427160', 'محمذ فال سيدي', '46427160', '', '46427160'),
(362, '44385060', 'أم كلثوم أعمر ', '44385060', '', '44385060'),
(363, '37110033', 'رقية الشيخ سيدي محمد', '20101422', '', '37110033'),
(364, '33291460', 'فاطمة لعبيد ', '33291460', '', '33291460'),
(365, '22334500', 'سيد أحمد عبدي', '22334500', '', '22334500'),
(366, '48281509', 'رملة عبد الكريم ', '48281509', '', '48281509'),
(367, '27253499', 'هدى باله ', '31109751', '', '31109751'),
(368, '42724016', 'أمانه أعمر', '46446865', '', '42724016'),
(369, '38118990', 'النوه الشيخ أحمد ', '47537562', '', '47537562'),
(370, '46076926', 'عبد الرحمن سيدي', '46595820', '', '46076926'),
(371, '46076926', 'عبد الرحمن سيدي', '46595820', '', '46076926'),
(372, '36941596', 'عمر السالك ', '36941596', '', '36941596'),
(373, '22048485', 'محمد عبد الله برك الله', '32048485', '', '22048485'),
(374, '42555915', 'السالمة حمود', '46879505', '', '42555915'),
(375, '31301150', 'محمد سالم محمد مسعود', '46636161', '', '46636161'),
(376, '38300009', 'بابي أعمر', '36305311', '', '38300009'),
(377, '30484465', 'داده السالم ', '30484465', '', '30484465'),
(378, '42191961', 'عزة المصطفى السالك', '26191961', '', '42191961'),
(379, '22270967', 'المصطفى ', '22270967', '', '22270967'),
(380, '43135418', 'زينب سيد محمد ', '43135418', '', '43135418'),
(381, '22731314', 'محمد الحسن محمد', '22731314', '', '22731314'),
(382, '32995441', 'بادي  يسلم ', '30559902', '', '30559902'),
(383, '46097414', 'محمد البخاري', '46097414', '', '46097414'),
(384, '22107607', 'سيدي محمد محمودي', '36603480', '', '22107607'),
(385, '34515103', 'السالم ', '34515103', '', '34515103'),
(386, '22360452', 'محمد المصطفى الداهي', '22360452', '', '22360452'),
(387, '32250505', 'فاطمة سيدي', '32250505', '', '32250505'),
(388, '46300448', 'فاطمة عالي ', '46300448', '', '46300448'),
(389, '48060042', 'صدفي الحسن', '48060042', '', '48060042'),
(390, '48129812', 'بنينه شيخنا', '36233294', '', '48129812'),
(391, '26688300', 'خديجة أحمدو سالم', '26688300', '', '26688300'),
(392, '26984036', 'أم كلثوم إبراهيم', '26984036', '', '26984036'),
(393, '43484938', 'مريم محمد فال', '43484938', '', '43484938'),
(394, '36141330', 'نسيبة مولاي', '36141330', '', '36141330'),
(395, '38604039', 'مريم عبد الرحمن', '38604039', '', '38604039'),
(396, '46548513', 'أمنة العباس', '46548513', '', '46548513'),
(397, '31749772', 'اكليثيمة أحمد ميني', '31749772', '', '31749772'),
(398, '47601212', 'ميمونة داود ', '47601212', '', '47601212'),
(399, '46470763', 'زينب بدو', '22470763', '', '46470763'),
(400, '36445499', 'الخليفة بادي', '22445499', '', '36445499'),
(401, '38066692', 'بنين ', '38066692', '', '38066692'),
(402, '49059896', 'فاطمة بدو', '49059896', '', '49059896'),
(403, '37803420', 'غلة محمد الأمين ', '37803420', '', '37803420'),
(404, '37399946', 'رمت الدد', '22295870', '', '37399946'),
(405, '26379768', 'المكبولة القطب', '26379768', '', '48481114'),
(406, '33666333', 'محمد الأمين افاه ', '49940216', '', '33666333'),
(407, '22279600', 'اطول عمر أب ', '22279600', '', '22279600'),
(408, '22030300', 'محفوظ سيد محمد', '22030300', '', '22030300'),
(409, '49997522', 'منة السني ', '49997522', '', '49997522'),
(410, '20301727', 'عائشة محمد الأمين ', '20301727', '', '20301727'),
(411, '32924092', 'فاطمة النمين ', '32924092', '', '32924092'),
(412, '27165050', 'مريم', '27165050', '', '27165050'),
(413, '22770404', 'محفوظ لزغم ', '22770404', '', '22770404'),
(414, '47601372', 'زينب سيدي ', '47601372', '', '47601372'),
(415, '47069090', 'الولي ', '47069090', '', '47069090'),
(416, '33335156', 'آمنة محمد ', '33335156', '', '33335156'),
(417, '38752009', 'ميمونة ', '38752009', '', '38752009'),
(418, '38177617', '38177617', '20204049', '', '38177617'),
(419, '48774638', 'احمد ولد سيدي', '36827939', '', '48774638'),
(420, '47238474', 'وكيل السعد أحمدو', '47238474', '', '47238474'),
(421, '20826654', 'منى محمد الأمين حمود', '20826654', '', '20826654'),
(422, '47049328', 'خالد يسلم ميابة ', '22444059', '', '47049328'),
(423, '41413341', 'مريم محمد الحسن ', '41413341', '', '41413341'),
(425, '42109680', 'زينب أحمد', '41937209', '', '42109680'),
(426, '47849363', 'محمد محمود الفاللي ', '37422394', '', '47849363'),
(427, '47231070', 'فاطمة اعل', '44342288', '', '47231070'),
(428, '48865900', 'عزيزة محمد جدو', '48865900', '', '48865900'),
(430, '27620000', 'محمد فال الشيخ', '27620000', '', '27620000'),
(431, '38459991', 'تمنه محمد محمود', '26653612', '', '38459991'),
(432, '46851859', 'السيد', '46851859', '', '46851859'),
(433, '46821184', 'تربة القاظي ', '47685473', '', '46821184'),
(434, '22087084', 'محمد سالم', '41758575', '', '22087084'),
(435, '36241211', 'ابرهيم حذفية ', '33772301', '', '36241211'),
(436, '22412671', 'سدينا محمدو', '46412671', '', '22412671'),
(437, '36434380', 'أم الخيري الحسن ', '49741614', '', '36434380'),
(438, '33097152', 'اعزيزة', '33097152', '', '43727804'),
(439, '44901875', 'ربيعة', '44901875', '', '44901875'),
(440, '36657510', 'محمدو حامد ', '36639281', 'تاجر ', '46657510'),
(441, '33002293', 'محمد المهد باني ', '26424393', '', '33002293'),
(442, '48440296', 'محفوظ', '48440296', '', '48440296'),
(443, '47922222', 'أميلة القاسم ', '47457439', '', '22007447'),
(444, '22394116', 'عائشة', '22394116', '', '22394116'),
(445, '36123000', 'المصطفى ولد ايب', '36123000', '', '36123000'),
(446, '49021444', 'محمد عبد الله', '22470341', '', '49021444'),
(447, '34104236', 'فطمة داداه', '22674790', '', '34104236'),
(448, '46622725', 'خداجه سيدي عبد الله ', '46622725', ' ', '46622725'),
(449, '22802796', 'محمد ولد سيدي ', '22802796', ' ', '22802796'),
(450, '22045250', 'محمد سالم أعمر ', '43009135', '', '22045250'),
(451, '46150316', 'طالب أخيار ', '46150316', '', '46150316'),
(452, '42542060', 'ويده بنت احمد السالم ', '42542060', '', '42542060'),
(453, '42828181', 'احمد ببانه ', '36600212', '', '36600212'),
(454, '22239594', 'أم لخوت أحمد زغمان ', '46590103', '', '22239594'),
(455, '22278040', 'سهلة أعل ', '38223421', '', '38223421'),
(456, '22448381', 'السالمة', '22448381', '', '22448381'),
(457, '33346452', 'مريم لحبيب', '41404107', '', '33346452'),
(458, '22321164', 'زيدان', '44357787', '', '22321164'),
(459, '46871287', 'شهاب الدين أبوه ', '46871287', 'أستاذ للتاريخ', '46871287'),
(460, '32123579', 'مريم محفوظ', '30464146', '', '27953767'),
(461, '41952549', 'مينه', '41952549', '', '41952549'),
(462, '22852635', 'مريم محمد الحسن', '22852635', ' ', '22852635'),
(463, '46668012', 'يحييه الفتى', '46668012', '', '46668012'),
(464, '47076357', 'لالة عابدين ', '47076357', '', '27844870'),
(465, '41166246', 'خديجة سيدي محمد ', '41166246', '', '41166246'),
(466, '34395555', 'فاطمة محمد سالم ', '34395555', ' ', '34395555'),
(467, '42699891', 'خديجه النعمة', '42699891', '-', '42699891');

-- --------------------------------------------------------

--
-- Structure de la table `attendance`
--

CREATE TABLE `attendance` (
  `event_id` int(11) NOT NULL,
  `student_id` int(11) NOT NULL,
  `date` date NOT NULL,
  `amount` decimal(10,2) NOT NULL,
  `absence` int(11) DEFAULT 0,
  `increase` decimal(10,2) DEFAULT 0.00
) ENGINE=InnoDB DEFAULT CHARSET=utf8mb4 COLLATE=utf8mb4_general_ci;

-- --------------------------------------------------------

--
-- Structure de la table `bank_accounts`
--

CREATE TABLE `bank_accounts` (
  `account_id` int(11) NOT NULL,
  `account_number` varchar(50) NOT NULL,
  `bank_name` varchar(255) NOT NULL,
  `balance` decimal(10,2) NOT NULL
) ENGINE=InnoDB DEFAULT CHARSET=utf8mb4 COLLATE=utf8mb4_general_ci;

--
-- Déchargement des données de la table `bank_accounts`
--

INSERT INTO `bank_accounts` (`account_id`, `account_number`, `bank_name`, `balance`) VALUES
(1, '5501', 'بنكيلي', 30453.00),
(2, '5502', 'السداد', 8700.00),
(3, '5503', 'مصرفي', 9200.00),
(4, '5504', 'بيم بانك', 7600.00),
(5, '5505', 'باميس', 4000.00),
(6, '5506', 'أمانتي', 0.00);

-- --------------------------------------------------------

--
-- Structure de la table `branches`
--

CREATE TABLE `branches` (
  `branch_id` int(11) NOT NULL,
  `branch_name` varchar(255) NOT NULL
) ENGINE=InnoDB DEFAULT CHARSET=utf8mb4 COLLATE=utf8mb4_general_ci;

--
-- Déchargement des données de la table `branches`
--

INSERT INTO `branches` (`branch_id`, `branch_name`) VALUES
(17, 'فرع البنات'),
(18, 'مقر الوقف'),
(19, 'المركزي'),
(20, 'البنين'),
(21, 'التهجي'),
(22, 'مقرأة المنارة والرباط للتعليم عن بعد '),
(25, 'ss');

-- --------------------------------------------------------

--
-- Structure de la table `classes`
--

CREATE TABLE `classes` (
  `class_id` int(11) NOT NULL,
  `branch_id` int(11) NOT NULL,
  `class_name` varchar(255) NOT NULL,
  `Price` int(11) NOT NULL
) ENGINE=InnoDB DEFAULT CHARSET=utf8mb4 COLLATE=utf8mb4_general_ci;

--
-- Déchargement des données de la table `classes`
--

INSERT INTO `classes` (`class_id`, `branch_id`, `class_name`, `Price`) VALUES
(17, 18, 'النخبة', 0),
(18, 18, 'القسام', 0),
(19, 18, 'قراء الغد', 0),
(20, 17, 'تيجان النور', 0),
(21, 17, 'نساء متميزات', 0),
(22, 17, 'حفيدات عائشة', 0),
(23, 17, 'ينابيع الهدى', 0),
(24, 19, 'الذاكرة الخارقة', 0),
(25, 19, 'الإجازة', 0),
(26, 19, 'السفرة', 0),
(27, 19, 'الصفوة', 0),
(28, 20, 'العباقرة', 0),
(29, 20, 'تاج الوقار', 0),
(30, 20, 'صدى القراء', 0),
(31, 20, 'السنوار', 0),
(32, 20, 'الفتح المبين', 0),
(33, 20, 'محراب الترتيل', 0),
(34, 21, 'بدر الدجى', 0),
(35, 21, 'النجباء', 0),
(36, 17, 'العفاف', 0),
(37, 21, 'الرواد', 0),
(38, 21, 'خير الخلق', 0),
(39, 17, 'نساء الأقصى', 0),
(40, 21, 'فتيات رائدات', 0),
(41, 17, 'قارئات ماهرات', 0),
(42, 17, 'نساء على الدرب', 0),
(43, 20, 'المتميزون', 0),
(44, 22, 'حلقة البنات -1', 0),
(45, 22, 'حلقة الرجال -1', 0);

-- --------------------------------------------------------

--
-- Structure de la table `combined_transactions`
--

CREATE TABLE `combined_transactions` (
  `id` int(11) NOT NULL,
  `student_id` int(11) DEFAULT NULL,
  `agent_id` int(11) DEFAULT NULL,
  `month` varchar(255) DEFAULT NULL,
  `due_amount` decimal(10,2) DEFAULT 0.00,
  `paid_amount` decimal(10,2) DEFAULT 0.00,
  `remaining_amount` decimal(10,2) DEFAULT 0.00,
  `date` datetime DEFAULT current_timestamp(),
  `payment_method` varchar(50) DEFAULT NULL,
  `description` varchar(255) DEFAULT NULL,
  `type` varchar(50) DEFAULT NULL,
  `fund_id` int(11) DEFAULT NULL,
  `bank_id` int(11) DEFAULT NULL,
  `user_id` int(11) DEFAULT NULL,
  `employee_id` int(11) DEFAULT NULL
) ENGINE=InnoDB DEFAULT CHARSET=utf8mb4 COLLATE=utf8mb4_general_ci;

--
-- Déchargement des données de la table `combined_transactions`
--

INSERT INTO `combined_transactions` (`id`, `student_id`, `agent_id`, `month`, `due_amount`, `paid_amount`, `remaining_amount`, `date`, `payment_method`, `description`, `type`, `fund_id`, `bank_id`, `user_id`, `employee_id`) VALUES
(172, 597, 187, 'نوفمبر', 1500.00, 1500.00, 0.00, '2024-11-20 21:40:42', 'نقدي', NULL, 'plus', NULL, NULL, 17, NULL),
(173, 677, 356, 'نوفمبر', 1200.00, 1200.00, 0.00, '2024-11-20 23:48:13', 'نقدي', NULL, 'plus', NULL, NULL, 17, NULL),
(174, 678, 356, 'نوفمبر', 1000.00, 1000.00, 0.00, '2024-11-20 23:52:22', 'نقدي', NULL, 'plus', NULL, NULL, 17, NULL),
(175, 679, 356, 'نوفمبر', 1200.00, 1200.00, 0.00, '2024-11-20 23:52:39', 'نقدي', NULL, 'plus', NULL, NULL, 17, NULL),
(176, 680, 356, 'نوفمبر', 1000.00, 1000.00, 0.00, '2024-11-20 23:52:56', 'نقدي', NULL, 'plus', NULL, NULL, 17, NULL),
(177, 837, NULL, NULL, 0.00, 500.00, 0.00, '2024-11-21 03:31:18', 'نقدي', 'مقدم من رسوم شهر 12-2024', 'plus', 1, NULL, 1, NULL),
(178, 570, 315, 'نوفمبر', 1200.00, 1200.00, 0.00, '2024-11-21 04:18:38', 'بنكي', NULL, 'plus', NULL, 1, 17, NULL),
(179, 845, NULL, 'ديسمبر', 500.00, 500.00, 0.00, '2024-11-21 04:43:37', 'بنكي', NULL, 'plus', NULL, 3, 1, NULL),
(180, 808, NULL, 'نوفمبر', 1000.00, 1000.00, 0.00, '2024-11-21 05:26:42', 'بنكي', NULL, 'plus', NULL, 1, 17, NULL),
(181, 439, NULL, 'ديسمبر', 1200.00, 1200.00, 0.00, '2024-11-21 05:29:15', 'بنكي', NULL, 'plus', NULL, 4, 14, NULL),
(182, NULL, NULL, NULL, 0.00, 200.00, 0.00, '2024-11-21 06:47:12', 'نقدي', '%D9%85%D8%AD%D9%85%D8%AF+%D8%A7%D9%84%D8%B4%D9%8A%D8%AE+%D8%A3%D8%AD%D9%85%D8%AF+%D9%81%D8%A7%D9%84 : محمد الشيخ أحمد فال \" مقدم شهر 11-2024', 'minus', 1, NULL, 14, NULL),
(183, 373, 194, 'ديسمبر', 800.00, 800.00, 0.00, '2024-11-21 07:09:23', 'بنكي', NULL, 'plus', NULL, 1, 14, NULL),
(185, 381, 194, 'ديسمبر', 700.00, 700.00, 0.00, '2024-11-21 07:09:38', 'بنكي', NULL, 'plus', NULL, NULL, 14, NULL),
(186, 581, 194, 'ديسمبر', 700.00, 700.00, 0.00, '2024-11-21 07:09:53', 'بنكي', NULL, 'plus', NULL, NULL, 14, NULL),
(187, 756, 194, 'ديسمبر', 800.00, 800.00, 0.00, '2024-11-21 07:10:25', 'بنكي', NULL, 'plus', NULL, 1, 14, NULL),
(188, NULL, NULL, NULL, 0.00, 500.00, 0.00, '2024-11-21 07:21:11', 'نقدي', '%D9%85%D8%AD%D9%85%D8%AF+%D8%A7%D9%84%D8%AD%D8%B3%D9%86+%D9%85%D8%AD%D9%81%D9%88%D8%B8 : بنكيلي الحاج', 'minus', 1, NULL, 17, NULL),
(189, NULL, NULL, NULL, 0.00, 500.00, 0.00, '2024-11-21 07:21:22', 'نقدي', '%D9%85%D8%AD%D9%85%D8%AF+%D8%A7%D9%84%D8%AD%D8%B3%D9%86+%D9%85%D8%AD%D9%81%D9%88%D8%B8 : بنكيلي الحاج', 'minus', 1, NULL, 17, NULL),
(190, NULL, NULL, NULL, 0.00, 500.00, 0.00, '2024-11-23 07:26:04', 'نقدي', '%D9%85%D8%AD%D9%85%D8%AF+%D8%A7%D9%84%D8%AD%D8%B3%D9%86+%D9%85%D8%AD%D9%81%D9%88%D8%B8 : نزع مبلغ سجل بالغلط ', 'plus', 1, NULL, 17, NULL),
(191, 677, 356, 'نوفمبر', 1200.00, 1200.00, 0.00, '2024-11-23 07:37:20', 'نقدي', NULL, 'plus', NULL, NULL, 17, NULL),
(192, 678, 356, 'نوفمبر', 1000.00, 1000.00, 0.00, '2024-11-23 07:38:36', 'نقدي', NULL, 'plus', NULL, NULL, 17, NULL),
(193, 679, 356, 'نوفمبر', 1200.00, 1200.00, 0.00, '2024-11-23 07:38:55', 'نقدي', NULL, 'plus', NULL, NULL, 17, NULL),
(194, 680, 356, 'نوفمبر', 1000.00, 1000.00, 0.00, '2024-11-23 07:39:10', 'نقدي', NULL, 'plus', NULL, NULL, 17, NULL),
(195, NULL, NULL, NULL, 0.00, 1500.00, 0.00, '2024-11-23 07:44:02', NULL, 'حساب : محل يام يام  -_- نزع من فاتورة 16---20', 'minus', 1, NULL, 17, NULL),
(196, NULL, NULL, NULL, 0.00, 340.00, 0.00, '2024-11-23 07:44:25', NULL, 'حساب : المشتريات  -_- الشعرية ', 'minus', 1, NULL, 17, NULL),
(197, NULL, NULL, NULL, 0.00, 500.00, 0.00, '2024-11-23 07:49:20', 'نقدي', 'Unknown : بنكيلي الحاج', 'minus', 1, NULL, 17, NULL),
(198, NULL, NULL, NULL, 0.00, 200.00, 0.00, '2024-11-23 07:49:41', 'نقدي', 'Unknown : بنكيلي الحاج', 'minus', 1, NULL, 17, NULL),
(199, NULL, NULL, NULL, 0.00, 1500.00, 0.00, '2024-11-23 07:50:06', 'نقدي', 'Unknown : بنكيلي الحاج', 'minus', 1, NULL, 17, NULL),
(200, 870, 433, 'ديسمبر', 1000.00, 1000.00, -1000.00, '2024-11-23 20:38:03', 'بنكي', NULL, 'plus', NULL, 2, 17, NULL),
(201, 871, 433, 'ديسمبر', 1000.00, 1000.00, 0.00, '2024-11-23 20:39:37', 'بنكي', NULL, 'plus', NULL, 2, 17, NULL),
(202, 872, NULL, NULL, 0.00, 1000.00, 0.00, '2024-11-24 10:13:01', 'نقدي', 'مقدم من رسوم شهر 12-2024', 'plus', 1, NULL, 14, NULL),
(203, 872, NULL, 'ديسمبر', 1000.00, 1000.00, 0.00, '2024-11-24 10:13:02', 'نقدي', NULL, 'plus', 1, NULL, 14, NULL),
(204, NULL, NULL, NULL, 0.00, 500.00, 0.00, '2024-11-24 10:16:46', 'نقدي', '%D8%B9%D9%85%D8%B1+%D8%A3%D9%86+%D9%85%D8%AD%D9%85%D9%88%D8%AF : عمر أن محمود | مقدم شهر 11-2024', 'minus', 1, NULL, 14, NULL),
(205, NULL, NULL, NULL, 0.00, 400.00, 0.00, '2024-11-24 10:18:11', 'نقدي', '%D9%85%D8%AD%D9%85%D8%AF+%D8%B9%D8%A8%D8%AF%D9%88+ : محمد عبدو | مقدم شهر 11-2024', 'minus', 1, NULL, 14, NULL),
(206, NULL, NULL, NULL, 0.00, 400.00, 0.00, '2024-11-24 10:24:00', 'نقدي', '%D9%8A%D8%AD%D9%8A%D9%89+%D8%A7%D9%84%D8%B4%D9%8A%D8%AE+%D8%A7%D9%84%D8%AE%D9%84%D9%8A%D9%81%D8%A9 : يحيى الشيخ الخليفة | شهر 11/2024', 'minus', 1, NULL, 14, NULL),
(207, 837, NULL, NULL, 0.00, 500.00, 0.00, '2024-11-24 18:35:55', 'نقدي', 'تكملة رسوم 12/2024', 'plus', 1, NULL, 14, NULL),
(208, NULL, NULL, NULL, 0.00, 1500.00, 0.00, '2024-11-24 18:41:27', NULL, 'حساب : محل يام يام  -_- بنكيلي الحاج /  تكملة مصاريف أسبوع 16-20', 'minus', 1, NULL, 17, NULL),
(209, NULL, NULL, NULL, 0.00, 6810.00, 0.00, '2024-11-24 18:42:21', NULL, 'حساب : المشتريات  -_- بنكيلي الحاج - 20من طرف المدير العام النفقة ', 'minus', 1, NULL, 17, NULL),
(210, NULL, NULL, NULL, 0.00, 1000.00, 0.00, '2024-11-24 20:08:32', NULL, 'حساب : الكهرباء -_- كهرباء المركزي', 'minus', NULL, 1, 1, NULL),
(211, NULL, NULL, NULL, 0.00, 1000.00, 0.00, '2024-11-24 20:08:40', NULL, 'حساب : الكهرباء -_- كهرباء المركزي', 'minus', NULL, 1, 1, NULL),
(212, NULL, NULL, NULL, 0.00, 1000.00, 0.00, '2024-11-24 20:08:52', NULL, 'حساب : الكهرباء -_- كهرباء المركزي', 'minus', NULL, 1, 1, NULL),
(213, 179, NULL, 'نوفمبر', 1400.00, 1400.00, 0.00, '2024-11-25 08:33:49', 'بنكي', NULL, 'plus', NULL, 2, 17, NULL),
(214, 358, NULL, 'نوفمبر', 1000.00, 1000.00, 0.00, '2024-11-25 08:34:06', 'نقدي', NULL, 'plus', 1, NULL, 17, NULL),
(215, 873, 319, NULL, 0.00, 1000.00, 0.00, '2024-11-25 09:41:31', 'نقدي', 'محمد سالم الخضررسوم اكتوبر', 'plus', NULL, NULL, 17, NULL),
(216, 873, 319, 'نوفمبر', 1000.00, 1000.00, 0.00, '2024-11-25 09:41:31', 'نقدي', NULL, 'plus', NULL, NULL, 17, NULL),
(217, 874, 319, NULL, 0.00, 1000.00, 0.00, '2024-11-25 09:43:57', 'نقدي', 'محمد محمد سالم رسوم اكتوبر', 'plus', NULL, NULL, 17, NULL),
(218, 874, 319, 'نوفمبر', 1000.00, 1000.00, 0.00, '2024-11-25 09:43:57', 'نقدي', NULL, 'plus', NULL, NULL, 17, NULL),
(219, 279, 131, 'نوفمبر', 1200.00, 1200.00, 0.00, '2024-11-25 09:53:47', 'نقدي', NULL, 'plus', NULL, NULL, 17, NULL),
(220, 280, 131, 'نوفمبر', 1200.00, 1200.00, 0.00, '2024-11-25 09:55:25', 'نقدي', NULL, 'plus', NULL, NULL, 17, NULL),
(221, 471, 252, 'ديسمبر', 1000.00, 1000.00, 0.00, '2024-11-25 11:52:30', 'نقدي', NULL, 'plus', NULL, NULL, 17, NULL),
(222, 483, 252, 'ديسمبر', 1300.00, 1300.00, 0.00, '2024-11-25 11:53:50', 'نقدي', NULL, 'plus', NULL, NULL, 17, NULL),
(223, 639, 252, 'ديسمبر', 1000.00, 1000.00, 0.00, '2024-11-25 11:56:04', 'نقدي', NULL, 'plus', NULL, NULL, 17, NULL),
(224, 189, 60, 'نوفمبر', 1200.00, 1200.00, 0.00, '2024-11-25 17:55:49', 'بنكي', NULL, 'plus', NULL, 1, 17, NULL),
(225, 194, 60, 'نوفمبر', 1200.00, 1200.00, 0.00, '2024-11-25 17:57:56', 'بنكي', NULL, 'plus', NULL, 1, 17, NULL),
(226, 197, 60, 'نوفمبر', 1200.00, 1200.00, -1200.00, '2024-11-25 17:58:13', 'بنكي', NULL, 'plus', NULL, 1, 17, NULL),
(227, NULL, NULL, NULL, 0.00, 200.00, 0.00, '2024-11-25 18:20:15', NULL, 'حساب : الصيانة و التنظيف -_- 2-امبول ليد 50', 'minus', 1, NULL, 14, NULL),
(228, NULL, NULL, NULL, 0.00, 300.00, 0.00, '2024-11-25 18:21:30', 'نقدي', 'Unknown : عبد الودود أحمد باب | مقدم شهر 11-2024', 'minus', 1, NULL, 14, NULL),
(229, 205, 60, 'نوفمبر', 1200.00, 1200.00, 0.00, '2024-11-25 18:35:32', 'بنكي', NULL, 'plus', NULL, 1, 17, NULL),
(230, 505, 60, 'نوفمبر', 1500.00, 1500.00, 0.00, '2024-11-25 18:37:25', 'بنكي', NULL, 'plus', NULL, 1, 17, NULL),
(231, 554, 60, 'نوفمبر', 1200.00, 1200.00, 0.00, '2024-11-25 18:38:56', 'بنكي', NULL, 'plus', NULL, 1, 17, NULL),
(232, 396, 26, 'نوفمبر', 1000.00, 1000.00, 0.00, '2024-11-25 18:52:34', 'نقدي', NULL, 'plus', NULL, NULL, 17, NULL),
(233, 585, 26, 'نوفمبر', 1000.00, 1000.00, 0.00, '2024-11-25 18:53:34', 'نقدي', NULL, 'plus', NULL, NULL, 17, NULL),
(234, 586, 26, 'نوفمبر', 1000.00, 1000.00, 0.00, '2024-11-25 18:53:49', 'نقدي', NULL, 'plus', NULL, NULL, 17, NULL),
(235, 699, 26, 'نوفمبر', 1000.00, 1000.00, 0.00, '2024-11-25 18:54:01', 'نقدي', NULL, 'plus', NULL, NULL, 17, NULL),
(236, 700, 26, 'نوفمبر', 1000.00, 1000.00, 0.00, '2024-11-25 18:54:40', 'نقدي', NULL, 'plus', NULL, NULL, 17, NULL),
(237, 702, 26, 'نوفمبر', 1000.00, 1000.00, 0.00, '2024-11-25 18:54:50', 'نقدي', NULL, 'plus', NULL, NULL, 17, NULL),
(238, 869, 26, 'نوفمبر', 1000.00, 1000.00, -1000.00, '2024-11-25 18:55:00', 'نقدي', NULL, 'plus', NULL, NULL, 17, NULL),
(239, NULL, NULL, NULL, 0.00, 300.00, 0.00, '2024-11-25 19:19:28', 'نقدي', '%D9%85%D8%AD%D9%85%D8%AF+%D8%A7%D9%84%D8%B4%D9%8A%D8%AE+%D8%A3%D8%AD%D9%85%D8%AF+%D9%81%D8%A7%D9%84 : محمد الشيخ أحمد فال | مقدم شهر 11/2024', 'minus', 1, NULL, 14, NULL),
(240, 226, 84, NULL, 0.00, 680.00, 0.00, '2024-11-25 19:52:11', 'نقدي', 'حساب 17 يوم وحول إلي يوم 1', 'plus', NULL, NULL, 17, NULL),
(241, 231, 84, NULL, 0.00, 680.00, 0.00, '2024-11-25 19:52:38', 'نقدي', 'حساب 17 يوم وحول إلي يوم 1', 'plus', NULL, NULL, 17, NULL),
(242, NULL, NULL, NULL, 0.00, 200.00, 0.00, '2024-11-25 20:02:50', NULL, 'حساب : الانترنت و الإتصالات -_- رصيد هات المراقب', 'minus', 1, NULL, 14, NULL),
(243, 275, NULL, 'نوفمبر', 1200.00, 1200.00, 0.00, '2024-11-25 20:06:04', 'نقدي', NULL, 'plus', 1, NULL, 14, NULL),
(244, 898, NULL, 'ديسمبر', 1200.00, 1200.00, 0.00, '2024-11-25 20:11:52', 'بنكي', NULL, 'plus', NULL, 1, 14, NULL),
(245, 902, NULL, 'ديسمبر', 1200.00, 1200.00, 0.00, '2024-11-25 20:19:56', 'بنكي', NULL, 'plus', NULL, 1, 14, NULL),
(246, 479, 255, 'نوفمبر', 1200.00, 1200.00, 0.00, '2024-11-26 09:47:16', 'بنكي', NULL, 'plus', NULL, 1, 17, NULL),
(247, 868, 255, 'نوفمبر', 1000.00, 1200.00, 0.00, '2024-11-26 09:47:36', 'بنكي', NULL, 'plus', NULL, 1, 17, NULL),
(248, 868, 255, 'نوفمبر', 1000.00, 1200.00, 0.00, '2024-11-26 09:47:40', 'بنكي', NULL, 'plus', NULL, 1, 17, NULL),
(249, 497, 209, 'ديسمبر', 1000.00, 1000.00, 0.00, '2024-11-26 11:23:17', 'نقدي', NULL, 'plus', NULL, NULL, 17, NULL),
(250, 765, 209, 'ديسمبر', 1000.00, 1000.00, 0.00, '2024-11-26 11:23:27', 'نقدي', NULL, 'plus', NULL, NULL, 17, NULL),
(251, 399, 209, 'ديسمبر', 1000.00, 1000.00, 0.00, '2024-11-26 11:23:34', 'نقدي', NULL, 'plus', NULL, NULL, 17, NULL),
(252, NULL, NULL, NULL, 0.00, 50.00, 0.00, '2024-11-26 11:46:02', NULL, 'حساب : القمامة - والمنظفات -_- القمامة ', 'minus', 1, NULL, 14, NULL),
(253, NULL, NULL, NULL, 0.00, 150.00, 0.00, '2024-11-26 11:46:46', NULL, 'حساب : الصيانة و التنظيف -_- مطولة 5متر ', 'minus', 1, NULL, 14, NULL),
(254, 214, 77, 'نوفمبر', 1200.00, 1200.00, 0.00, '2024-11-27 09:56:42', 'بنكي', NULL, 'plus', NULL, 4, 17, NULL),
(255, 850, 77, 'نوفمبر', 1200.00, 1200.00, 0.00, '2024-11-27 10:19:41', 'بنكي', NULL, 'plus', NULL, 4, 17, NULL),
(256, 251, 103, NULL, 0.00, 1000.00, 0.00, '2024-11-27 10:29:45', 'بنكي', 'اكتوبر', 'plus', NULL, 1, 17, NULL),
(257, 533, NULL, 'نوفمبر', 4000.00, 4000.00, -4000.00, '2024-11-27 10:47:09', 'بنكي', NULL, 'plus', NULL, 3, 17, NULL),
(258, 239, NULL, 'نوفمبر', 1000.00, 1000.00, 0.00, '2024-11-27 13:10:45', 'بنكي', NULL, 'plus', NULL, 1, 14, NULL),
(259, 353, 178, 'نوفمبر', 1000.00, 1000.00, 0.00, '2024-11-27 13:16:59', 'بنكي', NULL, 'plus', NULL, 1, 14, NULL),
(260, 354, 178, 'نوفمبر', 1000.00, 1000.00, 0.00, '2024-11-27 13:17:46', 'بنكي', NULL, 'plus', NULL, 1, 14, NULL),
(261, 668, NULL, 'ديسمبر', 1000.00, 1000.00, 0.00, '2024-11-27 13:28:09', 'بنكي', NULL, 'plus', NULL, 1, 14, NULL),
(262, 490, NULL, NULL, 0.00, 2000.00, 0.00, '2024-11-27 13:40:51', 'بنكي', 'أحمد محمد ابيمين - رسوم اكتوبر 2024', 'plus', NULL, 1, 14, NULL),
(263, 520, NULL, 'ديسمبر', 3500.00, 3500.00, 0.00, '2024-11-27 13:44:09', 'بنكي', NULL, 'plus', NULL, 1, 14, NULL),
(264, 428, 229, NULL, 0.00, 500.00, 0.00, '2024-11-27 13:54:28', 'بنكي', 'شهر 9-2024  | شهر  10-2024', 'plus', NULL, 1, 14, NULL),
(265, 477, 229, NULL, 0.00, 1000.00, 0.00, '2024-11-27 13:55:03', 'بنكي', 'شهر 9-2024  | شهر  10-2024', 'plus', NULL, 1, 14, NULL),
(266, 575, 229, NULL, 0.00, 1000.00, 0.00, '2024-11-27 13:55:30', 'بنكي', 'شهر 9-2024  | شهر  10-2024', 'plus', NULL, 1, 14, NULL),
(267, 428, 229, NULL, 0.00, 1000.00, 0.00, '2024-11-27 14:21:15', 'بنكي', 'شهر 9-2024  | شهر  10-2024', 'plus', NULL, 1, 14, NULL),
(268, 256, NULL, NULL, 0.00, 1000.00, 0.00, '2024-11-27 15:45:59', 'نقدي', 'السالك سيدي ابراهيم |  رسوم 11/2024', 'plus', 1, NULL, 14, NULL),
(269, 904, NULL, 'ديسمبر', 1500.00, 1500.00, -1500.00, '2024-11-27 16:38:45', 'بنكي', NULL, 'plus', NULL, 1, 17, NULL),
(270, 905, NULL, 'ديسمبر', 1000.00, 1000.00, 0.00, '2024-11-27 16:49:04', 'بنكي', NULL, 'plus', NULL, 1, 17, NULL),
(271, 150, NULL, NULL, 0.00, 1000.00, 0.00, '2024-11-27 17:10:37', 'نقدي', 'ش10 2024', 'plus', 1, NULL, 17, NULL),
(272, 150, NULL, 'نوفمبر', 1200.00, 1000.00, 200.00, '2024-11-27 17:10:37', 'نقدي', NULL, 'plus', 1, NULL, 17, NULL),
(273, 631, 336, 'نوفمبر', 1000.00, 1000.00, 0.00, '2024-11-27 21:34:49', 'بنكي', NULL, 'plus', NULL, 1, 14, NULL),
(274, 762, 336, NULL, 0.00, 1000.00, 0.00, '2024-11-27 21:35:33', 'بنكي', 'محمد الامين العالم رسوم - 11/2024', 'plus', NULL, 1, 14, NULL),
(275, 906, 336, NULL, 0.00, 1000.00, 0.00, '2024-11-27 21:35:51', 'بنكي', 'محمد الامين العالم رسوم - 11/2024', 'plus', NULL, 1, 14, NULL),
(276, 906, 336, NULL, 0.00, 1000.00, 0.00, '2024-11-27 21:36:05', 'بنكي', 'محمد الامين العالم رسوم - 11/2024', 'plus', NULL, 1, 14, NULL),
(277, 906, 336, 'نوفمبر', 1000.00, 1000.00, 0.00, '2024-11-27 21:36:05', 'بنكي', NULL, 'plus', NULL, 1, 14, NULL),
(278, 522, 275, 'ديسمبر', 4000.00, 4000.00, 0.00, '2024-11-27 08:17:41', 'نقدي', NULL, 'plus', NULL, NULL, 17, NULL),
(279, 907, 440, 'ديسمبر', 3500.00, 3500.00, 0.00, '2024-11-30 09:02:58', 'بنكي', NULL, 'plus', NULL, 1, 17, NULL),
(280, 908, 440, 'ديسمبر', 3500.00, 3500.00, 0.00, '2024-11-30 09:04:38', 'بنكي', NULL, 'plus', NULL, 1, 17, NULL),
(281, 909, NULL, 'ديسمبر', 1200.00, 1200.00, 0.00, '2024-11-30 09:22:23', 'بنكي', NULL, 'plus', NULL, 1, 14, NULL),
(282, 900, 436, 'ديسمبر', 4000.00, 4000.00, 0.00, '2024-11-30 09:27:26', 'بنكي', NULL, 'plus', NULL, 1, 17, NULL),
(283, 203, 69, 'نوفمبر', 900.00, 900.00, 0.00, '2024-11-30 09:29:40', 'نقدي', NULL, 'plus', NULL, NULL, 14, NULL),
(284, 203, 69, 'ديسمبر', 900.00, 900.00, 0.00, '2024-11-30 09:29:40', 'نقدي', NULL, 'plus', 1, NULL, 14, NULL),
(285, 351, 69, 'نوفمبر', 900.00, 900.00, 0.00, '2024-11-30 09:31:15', 'نقدي', NULL, 'plus', NULL, NULL, 14, NULL),
(286, 351, 69, 'ديسمبر', 900.00, 900.00, 0.00, '2024-11-30 09:31:15', 'نقدي', NULL, 'plus', 1, NULL, 14, NULL),
(287, 501, 266, 'ديسمبر', 1500.00, 1500.00, 0.00, '2024-11-30 09:48:52', 'نقدي', NULL, 'plus', NULL, NULL, 17, NULL),
(288, NULL, NULL, NULL, 0.00, 200.00, 0.00, '2024-11-30 09:50:02', 'نقدي', '%D8%B9%D9%85%D8%B1+%D8%A3%D9%86+%D9%85%D8%AD%D9%85%D9%88%D8%AF : عمر أن محمود  |  مقدم شهر 11-2024', 'minus', 1, NULL, 14, NULL),
(289, NULL, NULL, NULL, 0.00, 200.00, 0.00, '2024-11-30 09:50:51', 'نقدي', '%D9%85%D8%AD%D9%85%D8%AF+%D8%A7%D9%84%D8%B4%D9%8A%D8%AE+%D8%A3%D8%AD%D9%85%D8%AF+%D9%81%D8%A7%D9%84 : محمد الشيخ أحمد فال  | شهر 11-2024', 'minus', 1, NULL, 14, NULL),
(290, NULL, NULL, NULL, 0.00, 400.00, 0.00, '2024-11-30 09:51:35', 'نقدي', '%D8%B9%D8%A8%D8%AF+%D8%A7%D9%84%D9%88%D8%AF%D9%88%D8%AF+%D8%A3%D8%AD%D9%85%D8%AF+%D8%A8%D8%A7%D8%A8 : عبد الودود أحمد باب | شهر 11-2024', 'minus', 1, NULL, 14, NULL),
(291, NULL, NULL, NULL, 0.00, 500.00, 0.00, '2024-11-30 09:52:08', 'نقدي', '%D8%B9%D8%A8%D8%AF+%D8%A7%D9%84%D8%AD%D9%85%D9%8A%D8%AF+%D8%A8%D8%B1%D9%83%D9%87 : عبد الحميد بركه | شهر 11-2024', 'minus', 1, NULL, 14, NULL),
(292, NULL, NULL, NULL, 0.00, 200.00, 0.00, '2024-11-30 09:53:18', 'نقدي', '%D9%85%D8%AD%D9%85%D8%AF+%D8%B9%D8%A8%D8%AF%D9%88+ : محمد عبدو | شهر 11-2024', 'minus', 1, NULL, 14, NULL),
(293, NULL, NULL, NULL, 0.00, 1000.00, 0.00, '2024-11-30 09:54:13', 'نقدي', '%D9%85%D8%AD%D9%85%D8%AF+%D9%88%D9%84%D8%AF+%D8%B9%D8%A8%D8%AF+%D8%A7%D9%84%D9%82%D8%A7%D8%AF%D8%B1 : محمد ولد عبد القادر  |  شهر 11-2024', 'minus', 1, NULL, 14, NULL),
(294, NULL, NULL, NULL, 0.00, 1350.00, 0.00, '2024-11-30 09:55:12', 'نقدي', '%D8%A7%D9%85%D8%AD%D9%85%D8%AF+%D8%A3%D8%AD%D9%85%D8%AF%D9%88+%D8%A7%D9%85%D8%A8%D8%A7%D9%84%D9%87 : امحمد أحمدو امباله |  نقدي ', 'minus', 1, NULL, 14, NULL),
(295, NULL, NULL, NULL, 0.00, 100.00, 0.00, '2024-11-30 09:56:19', NULL, 'حساب : المشتريات  -_- مشروبات لصالح المهندسين ', 'minus', 1, NULL, 14, NULL),
(296, 506, 266, 'ديسمبر', 700.00, 700.00, 0.00, '2024-11-30 10:03:06', 'نقدي', NULL, 'plus', NULL, NULL, 17, NULL),
(297, 507, 266, 'ديسمبر', 600.00, 600.00, 0.00, '2024-11-30 10:05:56', 'نقدي', NULL, 'plus', NULL, NULL, 17, NULL),
(298, 618, 266, 'ديسمبر', 800.00, 800.00, 0.00, '2024-11-30 10:06:21', 'نقدي', NULL, 'plus', NULL, NULL, 17, NULL),
(299, 691, 266, 'ديسمبر', 700.00, 700.00, 0.00, '2024-11-30 10:07:33', 'نقدي', NULL, 'plus', NULL, NULL, 17, NULL),
(300, 548, 301, 'نوفمبر', 1800.00, 1800.00, 0.00, '2024-11-30 10:25:06', 'بنكي', NULL, 'plus', NULL, 1, 17, NULL),
(301, 718, 301, 'نوفمبر', 1200.00, 1200.00, 0.00, '2024-11-30 10:25:23', 'بنكي', NULL, 'plus', NULL, 1, 17, NULL),
(302, 390, NULL, 'ديسمبر', 1500.00, 1500.00, 0.00, '2024-11-30 11:41:58', 'بنكي', NULL, 'plus', NULL, 3, 17, NULL),
(303, NULL, NULL, NULL, 0.00, 1000.00, 0.00, '2024-11-30 12:03:14', 'نقدي', '%D9%85%D8%AD%D9%85%D8%AF+%D8%B9%D8%A8%D8%AF%D9%88+ : محمد عبدو | مقدم شهر 11-2024', 'minus', 1, NULL, 14, NULL),
(304, NULL, NULL, NULL, 0.00, 150.00, 0.00, '2024-11-30 12:04:57', NULL, 'حساب : القمامة - والتنظيف -_- نقل قمامة المركزي - والبنات ', 'minus', 1, NULL, 14, NULL),
(305, 304, 148, 'نوفمبر', 1200.00, 1200.00, 0.00, '2024-11-27 08:22:22', 'بنكي', NULL, 'plus', NULL, 1, 17, NULL),
(306, 306, 148, 'نوفمبر', 1000.00, 1000.00, 0.00, '2024-11-27 08:26:24', 'بنكي', NULL, 'plus', NULL, 1, 17, NULL),
(307, 450, 148, 'نوفمبر', 1200.00, 1200.00, 0.00, '2024-11-27 09:28:29', 'بنكي', NULL, 'plus', NULL, 1, 17, NULL),
(308, 324, 161, 'ديسمبر', 1000.00, 1000.00, 0.00, '2024-11-30 16:27:39', 'نقدي', NULL, 'plus', NULL, NULL, 1, NULL),
(309, 600, 161, 'ديسمبر', 1200.00, 1200.00, 0.00, '2024-11-30 16:28:02', 'نقدي', NULL, 'plus', NULL, NULL, 1, NULL),
(310, 602, 161, 'ديسمبر', 1200.00, 1200.00, 0.00, '2024-11-30 16:28:54', 'نقدي', NULL, 'plus', NULL, NULL, 1, NULL),
(311, 232, NULL, 'ديسمبر', 1200.00, 1200.00, 0.00, '2024-11-30 16:35:23', 'بنكي', NULL, 'plus', NULL, 1, 17, NULL),
(312, 912, NULL, 'ديسمبر', 1200.00, 1200.00, 0.00, '2024-11-30 17:06:01', 'نقدي', NULL, 'plus', 1, NULL, 17, NULL),
(313, 910, 441, 'ديسمبر', 1000.00, 1000.00, 0.00, '2024-11-30 17:47:41', 'نقدي', NULL, 'plus', NULL, NULL, 1, NULL),
(314, 915, 441, 'ديسمبر', 1000.00, 1000.00, 0.00, '2024-11-30 17:47:57', 'نقدي', NULL, 'plus', NULL, NULL, 1, NULL),
(315, NULL, NULL, NULL, 0.00, 200.00, 0.00, '2024-11-30 21:05:35', 'نقدي', '%D9%85%D8%AD%D9%85%D8%AF+%D8%A7%D9%84%D8%B4%D9%8A%D8%AE+%D8%A3%D8%AD%D9%85%D8%AF+%D9%81%D8%A7%D9%84 : محمد الشيخ أحمد فال  | مقدم شهر 11-2024', 'minus', 1, NULL, 14, NULL),
(316, NULL, NULL, NULL, 0.00, 500.00, 0.00, '2024-11-30 21:06:21', 'نقدي', '%D8%B9%D8%A8%D8%AF+%D8%A7%D9%84%D8%AD%D9%85%D9%8A%D8%AF+%D8%A8%D8%B1%D9%83%D9%87 : عبد الحميد بركه  |  شهر 11-2024', 'minus', 1, NULL, 14, NULL),
(317, NULL, NULL, NULL, 0.00, 1200.00, 0.00, '2024-11-30 21:09:17', 'bank_account', 'نقل الأموال من حساب الصندوق الى حساب بنكيلي { صافي يومية  30-11-2024 }', 'plus', NULL, 1, 14, NULL),
(318, NULL, NULL, NULL, 0.00, 50.00, 0.00, '2024-11-30 21:26:26', NULL, 'حساب : المصاريف اليومية و النقل -_- نقل عبد الحميد  - ', 'minus', 1, NULL, 14, NULL),
(319, NULL, NULL, NULL, 0.00, 1250.00, 0.00, '2024-11-30 21:29:49', 'بنكي', '%D8%A7%D9%85%D8%AD%D9%85%D8%AF+%D8%A3%D8%AD%D9%85%D8%AF%D9%88+%D8%A7%D9%85%D8%A8%D8%A7%D9%84%D9%87 : امحمد أحمدو امباله | بنكيلي صافي اليومية 30-11-2024', 'minus', NULL, 1, 14, NULL),
(320, NULL, NULL, NULL, 0.00, 500.00, 0.00, '2024-11-30 21:46:47', 'نقدي', '%D9%8A%D8%AD%D9%8A%D9%89+%D8%A7%D9%84%D8%B4%D9%8A%D8%AE+%D8%A7%D9%84%D8%AE%D9%84%D9%8A%D9%81%D8%A9 : يحيى الشيخ الخليفة | شهر 11-2024', 'minus', 1, NULL, 14, NULL),
(321, 457, 242, 'ديسمبر', 1000.00, 1000.00, 0.00, '2024-11-30 22:49:45', 'بنكي', NULL, 'plus', NULL, 1, 17, NULL),
(322, 724, 242, 'ديسمبر', 1000.00, 1000.00, 0.00, '2024-11-30 22:50:15', 'بنكي', NULL, 'plus', NULL, 1, 17, NULL),
(323, 169, 50, 'ديسمبر', 3000.00, 3000.00, 0.00, '2024-11-30 23:52:22', 'بنكي', NULL, 'plus', NULL, 1, 17, NULL),
(324, 320, 157, 'ديسمبر', 3000.00, 3000.00, 0.00, '2024-12-01 09:46:22', 'بنكي', NULL, 'plus', NULL, 1, 17, NULL),
(325, 322, 157, 'ديسمبر', 3000.00, 3000.00, 0.00, '2024-12-01 09:50:34', 'بنكي', NULL, 'plus', NULL, 1, 17, NULL),
(326, 819, NULL, 'ديسمبر', 1000.00, 1000.00, -1000.00, '2024-12-01 10:20:57', 'بنكي', NULL, 'plus', NULL, 1, 17, NULL),
(327, 459, NULL, 'ديسمبر', 1200.00, 1200.00, 0.00, '2024-12-01 11:31:23', 'نقدي', NULL, 'plus', 1, NULL, 14, NULL),
(328, 934, 448, 'يناير', 1200.00, 1000.00, 200.00, '2024-12-01 16:10:32', 'بنكي', NULL, 'plus', NULL, 1, 14, NULL),
(329, 935, 448, 'يناير', 1200.00, 1000.00, 200.00, '2024-12-01 16:10:49', 'بنكي', NULL, 'plus', NULL, 1, 14, NULL),
(330, 660, 345, 'ديسمبر', 1200.00, 1200.00, 0.00, '2024-12-01 16:33:25', 'بنكي', NULL, 'plus', NULL, 1, 14, NULL),
(331, 425, 225, 'ديسمبر', 1500.00, 1500.00, 0.00, '2024-12-01 16:34:49', 'بنكي', NULL, 'plus', NULL, 1, 17, NULL),
(332, 652, 225, 'ديسمبر', 1500.00, 1500.00, 0.00, '2024-12-01 16:35:14', 'بنكي', NULL, 'plus', NULL, 1, 17, NULL),
(333, 859, 225, 'ديسمبر', 1000.00, 1000.00, 0.00, '2024-12-01 16:37:24', 'بنكي', NULL, 'plus', NULL, 1, 17, NULL),
(334, 936, 449, 'ديسمبر', 1000.00, 1000.00, 0.00, '2024-12-01 16:43:10', 'بنكي', NULL, 'plus', NULL, 1, 14, NULL),
(335, 338, NULL, 'ديسمبر', 1000.00, 1000.00, 0.00, '2024-12-01 16:45:54', 'بنكي', NULL, 'plus', NULL, 1, 17, NULL),
(336, 389, 204, 'ديسمبر', 1000.00, 1000.00, 0.00, '2024-12-01 16:46:42', 'بنكي', NULL, 'plus', NULL, 1, 14, NULL),
(337, 392, 204, 'ديسمبر', 1000.00, 1000.00, 0.00, '2024-12-01 16:46:58', 'بنكي', NULL, 'plus', NULL, 1, 14, NULL),
(338, 500, 204, 'ديسمبر', 1000.00, 1000.00, 0.00, '2024-12-01 16:49:01', 'بنكي', NULL, 'plus', NULL, 1, 14, NULL),
(339, 709, NULL, 'ديسمبر', 1200.00, 1200.00, 0.00, '2024-12-01 16:58:59', 'بنكي', NULL, 'plus', NULL, 1, 17, NULL),
(340, 359, NULL, 'نوفمبر', 1000.00, 1000.00, 0.00, '2024-12-01 17:06:26', 'بنكي', NULL, 'plus', NULL, 1, 17, NULL),
(341, 682, NULL, 'ديسمبر', 2000.00, 2000.00, 0.00, '2024-12-01 17:09:52', 'بنكي', NULL, 'plus', NULL, 4, 17, NULL),
(342, 509, 450, 'نوفمبر', 1000.00, 1000.00, 0.00, '2024-12-01 17:37:52', 'بنكي', NULL, 'plus', NULL, 3, 17, NULL),
(343, 601, 450, 'نوفمبر', 1000.00, 1000.00, 0.00, '2024-12-01 17:38:17', 'بنكي', NULL, 'plus', NULL, 3, 17, NULL),
(344, 865, 450, 'نوفمبر', 1000.00, 1000.00, 0.00, '2024-12-01 17:38:48', 'بنكي', NULL, 'plus', NULL, 3, 17, NULL),
(345, 234, 93, 'نوفمبر', 500.00, 500.00, 0.00, '2024-12-01 17:48:11', 'بنكي', NULL, 'plus', NULL, 1, 17, NULL),
(346, 234, 93, 'ديسمبر', 500.00, 500.00, 0.00, '2024-12-01 17:48:11', 'بنكي', NULL, 'plus', NULL, 1, 17, NULL),
(347, 752, 93, 'نوفمبر', 1000.00, 1000.00, 0.00, '2024-12-01 17:54:05', 'بنكي', NULL, 'plus', NULL, 1, 17, NULL),
(348, 752, 93, 'ديسمبر', 1000.00, 1000.00, 0.00, '2024-12-01 17:54:05', 'بنكي', NULL, 'plus', NULL, 1, 17, NULL),
(349, 753, 93, 'نوفمبر', 1000.00, 1000.00, 0.00, '2024-12-01 17:56:03', 'بنكي', NULL, 'plus', NULL, 1, 17, NULL),
(350, 753, 93, 'ديسمبر', 1000.00, 1000.00, 0.00, '2024-12-01 17:56:03', 'بنكي', NULL, 'plus', NULL, 1, 17, NULL),
(351, 438, NULL, 'ديسمبر', 1200.00, 1200.00, 0.00, '2024-12-01 18:25:32', 'بنكي', NULL, 'plus', NULL, 1, 14, NULL),
(352, 923, 445, 'ديسمبر', 1200.00, 1200.00, 0.00, '2024-12-01 18:54:02', 'بنكي', NULL, 'plus', NULL, 1, 14, NULL),
(353, 924, 445, 'ديسمبر', 1200.00, 1200.00, 0.00, '2024-12-01 18:54:19', 'بنكي', NULL, 'plus', NULL, 1, 14, NULL),
(354, NULL, NULL, NULL, 0.00, 4000.00, 0.00, '2024-12-01 19:21:50', 'بنكي', '%D8%B9%D9%85%D8%B1+%D8%A3%D9%86+%D9%85%D8%AD%D9%85%D9%88%D8%AF : عمر أن محمود  | شهر 11-2024', 'minus', NULL, 3, 14, NULL),
(355, NULL, NULL, NULL, 0.00, 1000.00, 0.00, '2024-12-01 19:23:52', 'بنكي', '%D8%B9%D9%85%D8%B1+%D8%A3%D9%86+%D9%85%D8%AD%D9%85%D9%88%D8%AF : عمر أن محمود  |  شهر  11-2024', 'minus', NULL, 3, 14, NULL),
(356, 784, 343, 'ديسمبر', 1000.00, 1000.00, 0.00, '2024-12-01 23:04:40', 'نقدي', NULL, 'plus', NULL, NULL, 1, NULL),
(357, 653, 343, 'ديسمبر', 1000.00, 1000.00, 0.00, '2024-12-01 23:05:11', 'نقدي', NULL, 'plus', NULL, NULL, 1, NULL),
(358, 875, NULL, 'ديسمبر', 1000.00, 1000.00, -1000.00, '2024-12-02 10:17:34', 'بنكي', NULL, 'plus', NULL, 1, 17, NULL),
(359, 683, NULL, 'ديسمبر', 1200.00, 1200.00, 0.00, '2024-12-02 11:12:19', 'بنكي', NULL, 'plus', NULL, 3, 17, NULL),
(360, 473, NULL, NULL, 0.00, 1000.00, 0.00, '2024-12-02 11:41:29', 'بنكي', 'السالمة محمد سالم | شهر 12-2024', 'plus', NULL, 1, 14, NULL),
(361, 417, 223, 'ديسمبر', 1000.00, 1000.00, 0.00, '2024-12-02 12:17:28', 'نقدي', NULL, 'plus', NULL, NULL, 17, NULL),
(362, 643, 223, 'ديسمبر', 1000.00, 1000.00, 0.00, '2024-12-02 12:31:07', 'نقدي', NULL, 'plus', NULL, NULL, 17, NULL),
(363, 857, 223, 'ديسمبر', 1000.00, 1000.00, 0.00, '2024-12-02 12:31:25', 'نقدي', NULL, 'plus', NULL, NULL, 17, NULL),
(364, 831, 334, 'ديسمبر', 1000.00, 1000.00, 0.00, '2024-12-02 12:35:45', 'بنكي', NULL, 'plus', NULL, 1, 17, NULL),
(365, 624, 334, 'ديسمبر', 1200.00, 1200.00, 0.00, '2024-12-02 12:36:07', 'بنكي', NULL, 'plus', NULL, 1, 17, NULL),
(366, 854, 334, 'ديسمبر', 1000.00, 1000.00, 0.00, '2024-12-02 12:36:33', 'بنكي', NULL, 'plus', NULL, 1, 17, NULL),
(367, NULL, NULL, NULL, 0.00, 15000.00, 0.00, '2024-12-02 12:48:42', 'بنكي', 'Unknown : تعويض ش11 كاملا علي شكل دفعات ', 'minus', NULL, 1, 17, NULL),
(368, 302, 146, 'ديسمبر', 1200.00, 1200.00, 0.00, '2024-12-02 13:03:08', 'بنكي', NULL, 'plus', NULL, 1, 17, NULL),
(369, 806, 412, 'ديسمبر', 1000.00, 1000.00, 0.00, '2024-12-02 13:56:02', 'بنكي', NULL, 'plus', NULL, 1, 17, NULL),
(370, 807, 412, 'ديسمبر', 1000.00, 1000.00, 0.00, '2024-12-02 13:56:33', 'بنكي', NULL, 'plus', NULL, 1, 17, NULL),
(371, 780, NULL, 'نوفمبر', 1200.00, 1200.00, 0.00, '2024-12-02 14:38:53', 'نقدي', NULL, 'plus', 1, NULL, 1, NULL),
(372, 940, NULL, 'ديسمبر', 1000.00, 1000.00, 0.00, '2024-12-02 16:11:59', 'نقدي', NULL, 'plus', 1, NULL, 14, NULL),
(373, NULL, NULL, NULL, 0.00, 200.00, 0.00, '2024-12-02 16:32:40', 'نقدي', '%D9%85%D8%AD%D9%85%D8%AF+%D8%A7%D9%84%D8%B4%D9%8A%D8%AE+%D8%A3%D8%AD%D9%85%D8%AF+%D9%81%D8%A7%D9%84 : محمد الشيخ أحمد فال  : شهر 11-2024', 'minus', 1, NULL, 14, NULL),
(374, NULL, NULL, NULL, 0.00, 1000.00, 0.00, '2024-12-02 16:33:23', 'bank_account', 'نقل الأموال من حساب الصندوق الى حساب بنكيلي { صافي اليومية : 01-12-2024 }', 'plus', NULL, 1, 14, NULL),
(375, 519, NULL, 'ديسمبر', 1000.00, 1000.00, 0.00, '2024-12-02 17:16:31', 'نقدي', NULL, 'plus', 1, NULL, 14, NULL),
(376, 635, 337, 'ديسمبر', 1000.00, 1000.00, 0.00, '2024-12-02 17:37:01', 'بنكي', NULL, 'plus', NULL, 1, 17, NULL),
(377, 669, 337, 'ديسمبر', 1000.00, 1000.00, 0.00, '2024-12-02 17:37:13', 'بنكي', NULL, 'plus', NULL, 1, 17, NULL),
(378, 943, NULL, 'ديسمبر', 1000.00, 1000.00, 0.00, '2024-12-02 17:40:50', 'نقدي', NULL, 'plus', 1, NULL, 17, NULL),
(379, 291, 137, 'نوفمبر', 1000.00, 1000.00, 0.00, '2024-12-02 17:45:35', 'بنكي', NULL, 'plus', NULL, 1, 17, NULL),
(380, 413, 137, 'نوفمبر', 1000.00, 1000.00, 0.00, '2024-12-02 17:45:46', 'بنكي', NULL, 'plus', NULL, 1, 17, NULL),
(381, 634, 137, 'نوفمبر', 1000.00, 1000.00, 0.00, '2024-12-02 17:46:34', 'بنكي', NULL, 'plus', NULL, 1, 17, NULL),
(382, 629, 250, 'نوفمبر', 1000.00, 1000.00, 0.00, '2024-12-02 17:51:43', 'بنكي', NULL, 'plus', NULL, NULL, 17, NULL),
(383, 642, 250, 'نوفمبر', 1000.00, 1000.00, 0.00, '2024-12-02 17:53:43', 'بنكي', NULL, 'plus', NULL, 1, 17, NULL),
(384, 782, 250, 'نوفمبر', 1000.00, 1000.00, 0.00, '2024-12-02 18:02:42', 'بنكي', NULL, 'plus', NULL, 1, 17, NULL),
(385, 469, 250, 'نوفمبر', 1000.00, 1000.00, 0.00, '2024-12-02 18:03:31', 'بنكي', NULL, 'plus', NULL, 1, 17, NULL),
(386, 181, NULL, 'ديسمبر', 1000.00, 1000.00, 0.00, '2024-12-02 18:03:50', 'بنكي', NULL, 'plus', NULL, 1, 14, NULL),
(387, 932, 137, 'نوفمبر', 1000.00, 1000.00, 0.00, '2024-12-02 18:06:58', 'بنكي', NULL, 'plus', NULL, 1, 17, NULL),
(388, 371, NULL, 'نوفمبر', 1200.00, 1200.00, 0.00, '2024-12-02 18:21:07', 'نقدي', NULL, 'plus', 1, NULL, 17, NULL),
(389, 178, NULL, 'ديسمبر', 1000.00, 1000.00, 0.00, '2024-12-02 18:53:20', 'بنكي', NULL, 'plus', NULL, 1, 17, NULL),
(390, 591, NULL, 'ديسمبر', 1200.00, 1200.00, 0.00, '2024-12-02 18:57:23', 'بنكي', NULL, 'plus', NULL, 1, 17, NULL),
(391, 573, NULL, 'ديسمبر', 2200.00, 2200.00, 0.00, '2024-12-02 18:59:24', 'بنكي', NULL, 'plus', NULL, 1, 17, NULL),
(392, 259, NULL, NULL, 0.00, 1000.00, 0.00, '2024-12-02 19:08:38', 'بنكي', 'أحمد الشيخ محمد - رسوم 12-2024', 'plus', NULL, 1, 14, NULL),
(393, 503, 139, 'نوفمبر', 1500.00, 1500.00, 0.00, '2024-12-02 19:25:01', 'نقدي', NULL, 'plus', NULL, NULL, 17, NULL),
(394, 293, 139, 'نوفمبر', 1000.00, 1500.00, -500.00, '2024-12-02 19:25:27', 'نقدي', NULL, 'plus', NULL, NULL, 17, NULL),
(395, 257, NULL, NULL, 0.00, 1000.00, 0.00, '2024-12-02 19:46:00', 'نقدي', 'محمد سيد محمد  |  شهر 12-2024', 'plus', 1, NULL, 14, NULL),
(396, 944, NULL, 'ديسمبر', 1200.00, 1200.00, 0.00, '2024-12-02 19:54:11', 'نقدي', NULL, 'plus', 1, NULL, 17, NULL),
(397, 945, NULL, 'ديسمبر', 1200.00, 1200.00, 0.00, '2024-12-02 19:56:44', 'نقدي', NULL, 'plus', 1, NULL, 1, NULL),
(398, NULL, NULL, NULL, 0.00, 1000.00, 0.00, '2024-12-02 20:09:46', 'نقدي', '%D9%85%D8%AD%D9%85%D8%AF+%D9%88%D9%84%D8%AF+%D8%B9%D8%A8%D8%AF+%D8%A7%D9%84%D9%82%D8%A7%D8%AF%D8%B1 : محمد ولد عبد القادر  - شهر 11-2024', 'minus', 1, NULL, 14, NULL),
(399, 776, 400, 'نوفمبر', 1000.00, 1000.00, 0.00, '2024-12-02 20:22:55', 'نقدي', NULL, 'plus', NULL, NULL, 17, NULL),
(400, 335, 164, 'نوفمبر', 1000.00, 1000.00, 0.00, '2024-12-02 20:23:15', 'نقدي', NULL, 'plus', NULL, NULL, 17, NULL),
(401, NULL, NULL, NULL, 0.00, 2000.00, 0.00, '2024-12-02 21:05:33', 'bank_account', 'نقل الأموال من حساب الصندوق الى حساب بنكيلي { صافي اليومية : 02-12-2024 }', 'plus', NULL, 1, 14, NULL),
(402, NULL, NULL, NULL, 0.00, 6000.00, 0.00, '2024-12-03 01:19:19', NULL, 'حساب : الإيجار -_- إيجار البنين 1', 'minus', NULL, 1, 1, NULL),
(403, NULL, NULL, NULL, 0.00, 6500.00, 0.00, '2024-12-03 01:20:02', NULL, 'حساب : الإيجار -_- إيجار التهجي', 'minus', NULL, 1, 1, NULL),
(404, NULL, NULL, NULL, 0.00, 6327.00, 0.00, '2024-12-03 01:21:21', NULL, 'حساب : الكهرباء -_- كهرباء المركزي', 'minus', NULL, 1, 1, NULL),
(405, NULL, NULL, NULL, 0.00, 11000.00, 0.00, '2024-12-03 01:26:16', NULL, 'حساب : المشتريات  -_- فورتي كيت', 'minus', NULL, 1, 1, NULL),
(406, NULL, NULL, NULL, 0.00, 60000.00, 0.00, '2024-12-03 01:27:13', NULL, 'حساب : المشتريات  -_- كوفر + كاميرات ولوجستيات مع التركيب ', 'minus', NULL, 1, 1, NULL),
(407, 647, 341, 'ديسمبر', 1000.00, 1000.00, 0.00, '2024-12-03 09:11:59', 'بنكي', NULL, 'plus', NULL, 1, 17, NULL),
(408, 644, 341, 'ديسمبر', 1000.00, 1000.00, 0.00, '2024-12-03 09:13:40', 'بنكي', NULL, 'plus', NULL, NULL, 17, NULL),
(409, 947, NULL, 'ديسمبر', 1000.00, 1000.00, 0.00, '2024-12-03 10:11:57', 'بنكي', NULL, 'plus', NULL, 1, 17, NULL),
(410, 801, NULL, 'ديسمبر', 1000.00, 1000.00, 0.00, '2024-12-03 10:31:43', 'نقدي', NULL, 'plus', 1, NULL, 1, NULL),
(411, NULL, NULL, NULL, 0.00, 8000.00, 0.00, '2024-12-03 12:41:31', NULL, 'حساب : الأجور  -_- راتب محمدمحمد عالي | صدى القراء', 'minus', 1, NULL, 17, NULL),
(412, NULL, NULL, NULL, 0.00, 10300.00, 0.00, '2024-12-03 13:52:41', NULL, 'حساب : كفالة حلقة قرآنية -- كفالة حلقة المتميزون القرآنية شهر نوفمبر 2024', 'plus', NULL, NULL, 1, NULL),
(413, NULL, NULL, NULL, 0.00, 10000.00, 0.00, '2024-12-03 13:56:57', NULL, 'حساب : كفالة حلقة قرآنية -- كفالة حلقة المتميزون القرآنية شهر نوفمبر 2024', 'plus', NULL, NULL, 1, NULL),
(414, 961, NULL, NULL, 0.00, 1000.00, 0.00, '2024-12-03 13:58:01', 'نقدي', '  رسوم التسجيل  ', 'plus', 1, NULL, 18, NULL),
(415, 961, NULL, 'يناير', 1000.00, 1000.00, 0.00, '2024-12-03 13:58:01', 'نقدي', NULL, 'plus', 1, NULL, 18, NULL),
(416, NULL, NULL, NULL, 0.00, 50000.00, 0.00, '2024-12-03 14:42:02', NULL, 'حساب : المركزي -_- الدفعة 12', 'minus', NULL, 1, 1, NULL),
(417, 830, 221, 'نوفمبر', 1000.00, 1000.00, 0.00, '2024-12-03 16:16:18', 'بنكي', NULL, 'plus', NULL, 1, 14, NULL),
(418, 415, 221, 'نوفمبر', 1000.00, 1000.00, 0.00, '2024-12-03 16:16:53', 'بنكي', NULL, 'plus', NULL, 1, 14, NULL),
(419, 521, 274, 'ديسمبر', 1200.00, 1200.00, 0.00, '2024-12-03 16:22:00', 'بنكي', NULL, 'plus', NULL, 1, 14, NULL),
(420, 524, 274, 'ديسمبر', 1200.00, 1200.00, 0.00, '2024-12-03 16:22:22', 'بنكي', NULL, 'plus', NULL, 1, 14, NULL),
(421, 267, NULL, 'ديسمبر', 1500.00, 1500.00, 0.00, '2024-12-03 17:24:41', 'بنكي', NULL, 'plus', NULL, 1, 17, NULL),
(422, 166, 47, 'ديسمبر', 1500.00, 1500.00, 0.00, '2024-12-03 18:15:07', 'نقدي', NULL, 'plus', NULL, NULL, 17, NULL),
(423, 443, 239, 'ديسمبر', 1000.00, 1000.00, 0.00, '2024-12-03 19:34:29', 'بنكي', NULL, 'plus', NULL, 1, 14, NULL),
(424, 224, NULL, 'ديسمبر', 1200.00, 1200.00, 0.00, '2024-12-03 20:02:45', 'نقدي', NULL, 'plus', 1, NULL, 17, NULL),
(425, 209, NULL, 'ديسمبر', 1200.00, 1200.00, 0.00, '2024-12-03 20:05:31', 'نقدي', NULL, 'plus', 1, NULL, 17, NULL),
(426, 748, 239, 'ديسمبر', 1000.00, 1000.00, 0.00, '2024-12-03 20:16:09', 'بنكي', NULL, 'plus', NULL, 1, 14, NULL),
(427, 968, 239, 'ديسمبر', 1000.00, 1000.00, 0.00, '2024-12-03 20:17:24', 'بنكي', NULL, 'plus', NULL, 1, 14, NULL),
(428, 294, 141, 'ديسمبر', 1200.00, 1200.00, 0.00, '2024-12-03 20:23:08', 'بنكي', NULL, 'plus', NULL, 1, 17, NULL),
(429, 295, 141, 'ديسمبر', 1200.00, 1200.00, 0.00, '2024-12-03 20:23:26', 'بنكي', NULL, 'plus', NULL, 1, 17, NULL),
(430, 406, 216, 'ديسمبر', 1000.00, 1000.00, 0.00, '2024-12-03 20:44:30', 'نقدي', NULL, 'plus', NULL, NULL, 1, NULL),
(431, 458, 216, 'ديسمبر', 1000.00, 1000.00, 0.00, '2024-12-03 20:47:08', 'بنكي', NULL, 'plus', NULL, 1, 1, NULL),
(432, 458, 216, 'ديسمبر', 1000.00, 1000.00, 0.00, '2024-12-03 20:47:10', 'بنكي', NULL, 'plus', NULL, 1, 1, NULL),
(433, 284, 134, NULL, 0.00, 1200.00, 0.00, '2024-12-03 22:11:30', 'بنكي', 'الوكيل(ة): فاطمة إدومدفع(ت) { شهر 12/2024 }لطالب(ة): محفوظ محمد', 'plus', NULL, 1, 14, NULL),
(434, 250, 102, 'ديسمبر', 1000.00, 1000.00, 0.00, '2024-12-03 22:15:48', 'بنكي', NULL, 'plus', NULL, 1, 14, NULL),
(435, 423, 224, NULL, 0.00, 1500.00, 0.00, '2024-12-03 22:24:14', 'بنكي', 'الوكيل(ة): فاطمة محمد محموددفع(ت) { شهر 12/2024 }لطالب(ة): أم الفضل عبدي ', 'plus', NULL, 1, 14, NULL),
(436, 607, 330, 'نوفمبر', 1100.00, 1100.00, 0.00, '2024-12-03 22:38:45', 'بنكي', NULL, 'plus', NULL, 1, 14, NULL),
(437, 623, 330, 'نوفمبر', 1100.00, 1100.00, 0.00, '2024-12-03 22:39:29', 'بنكي', NULL, 'plus', NULL, 1, 14, NULL),
(438, 441, 237, 'ديسمبر', 1200.00, 1200.00, 0.00, '2024-12-03 23:02:58', 'بنكي', NULL, 'plus', NULL, 1, 14, NULL),
(439, 555, 237, 'ديسمبر', 1200.00, 1200.00, 0.00, '2024-12-03 23:05:30', 'بنكي', NULL, 'plus', NULL, 1, 14, NULL),
(440, 167, NULL, 'ديسمبر', 1000.00, 1000.00, 0.00, '2024-12-03 23:18:30', 'بنكي', NULL, 'plus', NULL, 1, 14, NULL),
(441, NULL, NULL, NULL, 0.00, 1000.00, 0.00, '2024-12-04 10:53:16', 'نقدي', '%D9%85%D8%AD%D9%85%D8%AF+%D9%88%D9%84%D8%AF+%D8%B9%D8%A8%D8%AF+%D8%A7%D9%84%D9%82%D8%A7%D8%AF%D8%B1 : محمد ولد عبد القادر   | شهر 11-2024', 'minus', 1, NULL, 14, NULL),
(442, 992, NULL, 'ديسمبر', 1000.00, 1000.00, 0.00, '2024-12-04 12:31:39', 'نقدي', NULL, 'plus', 1, NULL, 14, NULL),
(443, NULL, NULL, NULL, 0.00, 10700.00, 0.00, '2024-12-04 12:41:14', 'بنكي', '%D8%A7%D9%84%D9%82%D8%B7%D8%A8+%D9%88%D9%84%D8%AF+%D8%A7%D9%84%D8%A7%D9%85%D8%A7%D9%85 : تسديد راتب شهر 11-2024', 'minus', NULL, 1, 14, NULL),
(444, 751, NULL, 'نوفمبر', 1000.00, 1000.00, 0.00, '2024-12-04 13:15:11', 'بنكي', NULL, 'plus', NULL, 1, 14, NULL),
(445, 400, 211, 'ديسمبر', 1000.00, 1000.00, 0.00, '2024-12-04 13:20:28', 'بنكي', NULL, 'plus', NULL, 1, 14, NULL),
(446, 609, 211, 'ديسمبر', 1000.00, 1000.00, 0.00, '2024-12-04 13:20:53', 'بنكي', NULL, 'plus', NULL, 1, 14, NULL),
(447, 254, NULL, 'ديسمبر', 1000.00, 1000.00, 0.00, '2024-12-04 13:21:02', 'نقدي', NULL, 'plus', 1, NULL, 1, NULL),
(448, 611, 211, 'ديسمبر', 1000.00, 1000.00, 0.00, '2024-12-04 13:21:28', 'بنكي', NULL, 'plus', NULL, 1, 14, NULL),
(449, 346, 174, 'ديسمبر', 1000.00, 1000.00, 0.00, '2024-12-04 13:28:10', 'بنكي', NULL, 'plus', NULL, 1, 14, NULL),
(450, 348, 174, 'ديسمبر', 1000.00, 1000.00, 0.00, '2024-12-04 13:29:16', 'بنكي', NULL, 'plus', NULL, 1, 14, NULL),
(451, 411, 219, 'نوفمبر', 500.00, 500.00, 0.00, '2024-12-04 13:36:32', 'بنكي', NULL, 'plus', NULL, 3, 14, NULL),
(452, 412, 219, 'نوفمبر', 800.00, 800.00, 0.00, '2024-12-04 13:36:51', 'بنكي', NULL, 'plus', NULL, 3, 14, NULL),
(453, 858, 219, 'نوفمبر', 1000.00, 1000.00, 0.00, '2024-12-04 13:37:16', 'بنكي', NULL, 'plus', NULL, 3, 14, NULL),
(454, 861, 219, 'نوفمبر', 1000.00, 1000.00, 0.00, '2024-12-04 13:37:55', 'بنكي', NULL, 'plus', NULL, 3, 14, NULL),
(455, 268, 116, 'ديسمبر', 1000.00, 1000.00, 0.00, '2024-12-04 13:41:56', 'بنكي', NULL, 'plus', NULL, 1, 14, NULL),
(456, 751, 391, 'ديسمبر', 1000.00, 1000.00, 0.00, '2024-12-04 13:44:19', 'بنكي', NULL, 'plus', NULL, 1, 14, NULL),
(457, 735, 386, 'ديسمبر', 800.00, 800.00, 0.00, '2024-12-04 13:51:51', 'بنكي', NULL, 'plus', NULL, 1, 14, NULL),
(458, 786, 386, 'ديسمبر', 800.00, 800.00, 0.00, '2024-12-04 13:52:06', 'بنكي', NULL, 'plus', NULL, 1, 14, NULL),
(459, 663, 348, 'ديسمبر', 1000.00, 1000.00, 0.00, '2024-12-04 14:01:23', 'بنكي', NULL, 'plus', NULL, 1, 14, NULL),
(460, 738, 348, 'ديسمبر', 1000.00, 1000.00, 0.00, '2024-12-04 14:03:33', 'نقدي', NULL, 'plus', NULL, NULL, 14, NULL),
(461, 853, 348, 'ديسمبر', 1000.00, 1000.00, 0.00, '2024-12-04 14:03:56', 'بنكي', NULL, 'plus', NULL, 1, 14, NULL),
(462, 978, NULL, 'نوفمبر', 800.00, 800.00, 0.00, '2024-12-04 14:06:27', 'بنكي', NULL, 'plus', NULL, 1, 14, NULL),
(463, 527, NULL, 'ديسمبر', 1200.00, 1200.00, 0.00, '2024-12-04 15:15:00', 'بنكي', NULL, 'plus', NULL, 1, 14, NULL),
(464, 278, 130, 'نوفمبر', 1200.00, 1200.00, 0.00, '2024-12-04 15:18:15', 'بنكي', NULL, 'plus', NULL, 1, 14, NULL),
(465, 289, 130, 'نوفمبر', 1000.00, 1000.00, 0.00, '2024-12-04 15:20:32', 'بنكي', NULL, 'plus', NULL, 1, 14, NULL),
(466, 531, 284, 'ديسمبر', 1200.00, 1200.00, 0.00, '2024-12-04 15:46:47', 'بنكي', NULL, 'plus', NULL, 1, 14, NULL),
(467, 750, 284, 'ديسمبر', 1200.00, 1200.00, 0.00, '2024-12-04 15:47:21', 'بنكي', NULL, 'plus', NULL, 1, 14, NULL),
(468, 560, NULL, 'ديسمبر', 1000.00, 1000.00, 0.00, '2024-12-04 16:22:24', 'نقدي', NULL, 'plus', 1, NULL, 1, NULL),
(469, 560, NULL, 'أكتوبر', 1000.00, 1000.00, 0.00, '2024-12-04 16:23:22', 'نقدي', NULL, 'plus', 1, NULL, 1, NULL),
(470, 560, NULL, 'نوفمبر', 1000.00, 1000.00, 0.00, '2024-12-04 16:23:22', 'نقدي', NULL, 'plus', 1, NULL, 1, NULL),
(471, NULL, NULL, NULL, 0.00, 3900.00, 0.00, '2024-12-04 16:39:04', 'بنكي', ' : شهر 11', 'minus', NULL, 1, 1, NULL),
(472, NULL, NULL, NULL, 0.00, 10000.00, 0.00, '2024-12-04 16:49:29', 'بنكي', '%D8%A7%D8%AD%D9%85%D8%AF+%D8%AF%D9%8A%D8%AF%D8%A9+%D9%85%D8%AD%D9%85%D8%AF+%D8%A7%D9%84%D8%A3%D9%85%D9%8A%D9%86+ : شهر 11', 'minus', NULL, 1, 1, NULL),
(473, NULL, NULL, NULL, 0.00, 3900.00, 0.00, '2024-12-04 16:52:46', 'بنكي', '%D9%85%D8%AD%D9%85%D8%AF+%D8%A7%D9%84%D8%AD%D8%B3%D9%86+%D9%85%D8%AD%D9%81%D9%88%D8%B8 : محمد الحسن محفوظ  |  شهر 11-2024', 'minus', NULL, 1, 14, NULL),
(474, NULL, NULL, NULL, 0.00, 8000.00, 0.00, '2024-12-04 17:08:48', 'بنكي', '%D8%B3%D9%8A%D8%AF%D9%8A+%D9%85%D8%AD%D9%85%D8%AF+%D8%A8%D8%A7%D8%A8 : تكملة شهر 11', 'minus', NULL, 1, 1, NULL),
(475, NULL, NULL, NULL, 0.00, 2800.00, 0.00, '2024-12-04 17:18:09', 'بنكي', '%D9%85%D8%AD%D9%85%D8%AF+%D8%A3%D8%B9%D9%84+%D9%85%D8%AD%D9%85%D9%88%D8%AF+++%2A%D8%AD%D9%85%D8%AF%2A : دفعة من 11-2024', 'minus', NULL, 3, 1, NULL),
(476, 528, NULL, 'ديسمبر', 4000.00, 4000.00, 0.00, '2024-12-04 17:33:59', 'نقدي', NULL, 'plus', 1, NULL, 1, NULL),
(477, 828, NULL, 'نوفمبر', 1000.00, 1000.00, 0.00, '2024-12-04 17:38:59', 'نقدي', NULL, 'plus', 1, NULL, 1, NULL),
(478, 162, NULL, 'ديسمبر', 1200.00, 1200.00, 0.00, '2024-12-04 17:47:11', 'نقدي', NULL, 'plus', 1, NULL, 1, NULL),
(479, NULL, NULL, NULL, 0.00, 9300.00, 0.00, '2024-12-04 17:54:51', 'بنكي', '%D8%B9%D8%A8%D8%AF+%D8%A7%D9%84%D9%88%D8%AF%D9%88%D8%AF+%D8%A3%D8%AD%D9%85%D8%AF+%D8%A8%D8%A7%D8%A8 : تكملة شهر 11', 'minus', NULL, 1, 1, NULL),
(480, 970, NULL, NULL, 0.00, 1000.00, 0.00, '2024-12-04 17:59:24', 'نقدي', 'الطالب (ة): محمد سيدي { دجمبر 2024 } ', 'plus', 1, NULL, 1, NULL),
(481, 981, NULL, NULL, 0.00, 3500.00, 0.00, '2024-12-04 18:01:19', 'نقدي', 'الطالب (ة): بداه محمدن الفتى { دجمبر 2024 } ', 'plus', 1, NULL, 1, NULL),
(482, 963, NULL, NULL, 0.00, 1000.00, 0.00, '2024-12-04 18:02:08', 'نقدي', 'الطالب (ة): أحمد زيدان { دجمبر 2024 } ', 'plus', 1, NULL, 1, NULL),
(483, 140, NULL, 'ديسمبر', 1200.00, 1200.00, 0.00, '2024-12-04 18:03:04', 'بنكي', NULL, 'plus', NULL, 1, 14, NULL),
(484, NULL, NULL, NULL, 0.00, 5000.00, 0.00, '2024-12-04 18:31:52', 'بنكي', '%D8%A7%D9%84%D8%B4%D9%8A%D8%AE+%D8%A3%D8%AD%D9%85%D8%AF+%D9%8A%D9%86%D8%AC : شهر 11', 'minus', NULL, 1, 1, NULL),
(485, NULL, NULL, NULL, 0.00, 6900.00, 0.00, '2024-12-04 18:35:54', 'بنكي', '%D9%85%D8%AD%D9%85%D8%AF+%D8%A7%D9%84%D8%B4%D9%8A%D8%AE+%D8%A3%D8%AD%D9%85%D8%AF+%D9%81%D8%A7%D9%84 : تعويض ش11 كاملا علي شكل دفعات', 'minus', NULL, 1, 1, NULL),
(486, NULL, NULL, NULL, 0.00, 7000.00, 0.00, '2024-12-04 18:36:44', 'بنكي', '%D9%85%D8%AD%D9%85%D8%AF+%D8%B9%D8%A8%D8%AF%D9%88+ : شهر 11', 'minus', NULL, 1, 1, NULL),
(487, 671, NULL, 'ديسمبر', 1500.00, 1500.00, 0.00, '2024-12-04 18:39:18', 'بنكي', NULL, 'plus', NULL, 1, 1, NULL),
(488, NULL, NULL, NULL, 0.00, 270.00, 0.00, '2024-12-04 18:42:13', NULL, 'حساب : الصيانة و الأدوات  -{ إصلاح الكهرباء - وشراء المصابيح  }-', 'minus', 1, NULL, 14, NULL),
(489, 494, NULL, 'ديسمبر', 1500.00, 1500.00, 0.00, '2024-12-04 18:44:07', 'بنكي', NULL, 'plus', NULL, 1, 1, NULL),
(490, 201, NULL, NULL, 0.00, 1000.00, 0.00, '2024-12-04 18:58:03', 'نقدي', 'الطالب (ة): فاطمة البتول بدي  { فاطمة البتول بدي |  شهر 10-2024 } ', 'plus', 1, NULL, 14, NULL),
(491, 599, 323, 'ديسمبر', 1200.00, 1200.00, 0.00, '2024-12-04 19:00:48', 'نقدي', NULL, 'plus', NULL, NULL, 1, NULL),
(492, 594, 323, 'ديسمبر', 1000.00, 1000.00, 0.00, '2024-12-04 19:03:12', 'نقدي', NULL, 'plus', NULL, NULL, 1, NULL),
(493, 246, 100, 'نوفمبر', 1000.00, 1000.00, 0.00, '2024-12-04 19:04:49', 'نقدي', NULL, 'plus', NULL, NULL, 1, NULL),
(494, 247, 100, 'نوفمبر', 1000.00, 1000.00, 0.00, '2024-12-04 19:05:00', 'نقدي', NULL, 'plus', NULL, NULL, 1, NULL),
(495, 246, 100, 'ديسمبر', 1000.00, 1000.00, 0.00, '2024-12-04 19:05:11', 'نقدي', NULL, 'plus', NULL, NULL, 1, NULL),
(496, 248, 100, 'نوفمبر', 1000.00, 1000.00, 0.00, '2024-12-04 19:05:45', 'نقدي', NULL, 'plus', NULL, NULL, 1, NULL),
(497, NULL, NULL, NULL, 0.00, 1730.00, 0.00, '2024-12-04 19:06:12', 'bank_account', 'نقل الأموال من حساب الصندوق الى حساب بنكيلي { صافي اليومية : 04-12-2024 }', 'plus', NULL, 1, 14, NULL),
(498, 599, 323, NULL, 0.00, 1500.00, 0.00, '2024-12-04 19:42:03', 'نقدي', 'الوكيل(ة): محمد الراجلدفع(ت) { ديسمبر  }لطالب(ة): خالد محمد الراجل', 'plus', NULL, NULL, 1, NULL),
(499, NULL, NULL, NULL, 0.00, 13000.00, 0.00, '2024-12-04 19:47:10', 'بنكي', '%D8%B3%D9%8A%D8%AF+%D9%85%D8%AD%D9%85%D8%AF+%D8%A7%D9%84%D9%85%D8%B5%D8%B7%D9%81%D9%89 : شهر 11', 'minus', NULL, 1, 1, NULL),
(500, NULL, NULL, NULL, 0.00, 4300.00, 0.00, '2024-12-04 19:50:01', 'بنكي', '%D9%85%D8%AD%D9%85%D8%AF+%D8%B9%D8%A8%D8%AF+%D8%A7%D9%84%D9%84%D9%87+%D8%A8%D8%B1%D9%83%D9%87 : شهر11', 'minus', NULL, 1, 1, NULL),
(501, 594, 323, 'ديسمبر', 1000.00, 1000.00, 0.00, '2024-12-04 19:54:05', 'بنكي', NULL, 'plus', NULL, 1, 1, NULL),
(502, 599, 323, 'ديسمبر', 1500.00, 1500.00, 0.00, '2024-12-04 19:54:23', 'بنكي', NULL, 'plus', NULL, 1, 1, NULL),
(503, NULL, NULL, NULL, 0.00, 13000.00, 0.00, '2024-12-04 19:56:35', 'بنكي', '%D9%85%D8%AD%D9%85%D8%AF+%D8%A3%D8%A8%D9%88%D8%A8%D9%83%D8%B1+ : شهر 11', 'minus', NULL, 1, 1, NULL),
(504, NULL, NULL, NULL, 0.00, 10000.00, 0.00, '2024-12-04 19:59:46', 'بنكي', '%D9%85%D9%8A%D9%85%D9%88%D9%86%D8%A9+%D9%85%D8%AD%D9%85%D8%AF+%D8%B3%D8%A7%D9%84%D9%85+ : شهر 11', 'minus', NULL, 1, 1, NULL),
(505, NULL, NULL, NULL, 0.00, 5300.00, 0.00, '2024-12-04 20:04:57', 'بنكي', '%D8%A7%D8%B3%D9%84%D9%85+%D8%A7%D9%85%D9%8A%D9%84%D9%8A%D8%AF : شهر 11', 'minus', NULL, 1, 1, NULL),
(506, NULL, NULL, NULL, 0.00, 6000.00, 0.00, '2024-12-04 20:18:45', 'بنكي', '%D8%A7%D9%84%D8%A8%D9%83%D8%A7%D9%8A+%D8%A7%D9%84%D9%83%D9%86%D8%AA%D9%8A+%D9%84%D8%AE%D8%AF%D9%8A%D9%85+ : دفعة من 11-2024', 'minus', NULL, 1, 1, NULL),
(507, NULL, NULL, NULL, 0.00, 500.00, 0.00, '2024-12-04 20:25:44', 'نقدي', '%D8%A7%D9%84%D9%82%D8%A7%D8%B3%D9%85+%D9%8A%D8%B3%D9%84%D9%85+ : دين من شهر11', 'minus', 1, NULL, 1, NULL),
(508, 969, NULL, 'نوفمبر', 1000.00, 1000.00, 0.00, '2024-12-06 11:23:37', 'نقدي', NULL, 'plus', 1, NULL, 18, NULL),
(509, 984, NULL, 'نوفمبر', 500.00, 500.00, 0.00, '2024-12-06 11:35:30', 'بنكي', NULL, 'plus', NULL, 1, 18, NULL),
(510, 984, NULL, 'ديسمبر', 500.00, 500.00, 0.00, '2024-12-06 11:35:30', 'بنكي', NULL, 'plus', NULL, 1, 18, NULL),
(511, 962, NULL, 'ديسمبر', 800.00, 800.00, -800.00, '2024-12-06 11:37:29', 'بنكي', NULL, 'plus', NULL, 1, 18, NULL),
(512, 980, NULL, 'ديسمبر', 500.00, 500.00, 0.00, '2024-12-06 11:43:21', 'بنكي', NULL, 'plus', NULL, 1, 18, NULL),
(513, 948, NULL, 'ديسمبر', 800.00, 1000.00, -200.00, '2024-12-06 11:59:24', 'بنكي', NULL, 'plus', NULL, 1, 18, NULL),
(514, 948, NULL, 'ديسمبر', 800.00, 800.00, 0.00, '2024-12-06 12:00:16', 'بنكي', NULL, 'plus', NULL, 1, 18, NULL),
(515, 949, NULL, 'ديسمبر', 800.00, 1000.00, -200.00, '2024-12-06 12:10:10', 'بنكي', NULL, 'plus', NULL, 1, 18, NULL),
(516, 949, NULL, 'ديسمبر', 800.00, 800.00, 0.00, '2024-12-06 12:11:30', 'بنكي', NULL, 'plus', NULL, 1, 18, NULL),
(517, 949, NULL, 'ديسمبر', 800.00, 800.00, 0.00, '2024-12-06 12:11:31', 'بنكي', NULL, 'plus', NULL, 1, 18, NULL),
(518, 950, NULL, 'ديسمبر', 800.00, 800.00, -800.00, '2024-12-06 12:31:58', 'نقدي', NULL, 'plus', 1, NULL, 18, NULL),
(519, 950, NULL, 'ديسمبر', 800.00, 800.00, -800.00, '2024-12-06 12:32:14', 'بنكي', NULL, 'plus', NULL, 1, 18, NULL),
(520, 950, NULL, 'ديسمبر', 800.00, 800.00, -800.00, '2024-12-06 12:32:42', 'بنكي', NULL, 'plus', NULL, 1, 18, NULL),
(521, 951, NULL, 'ديسمبر', 800.00, 800.00, 0.00, '2024-12-06 12:33:17', 'بنكي', NULL, 'plus', NULL, 1, 18, NULL),
(522, 953, NULL, 'نوفمبر', 800.00, 800.00, 0.00, '2024-12-06 12:34:30', 'بنكي', NULL, 'plus', NULL, 1, 18, NULL),
(523, 953, NULL, 'ديسمبر', 800.00, 800.00, 0.00, '2024-12-06 12:34:30', 'بنكي', NULL, 'plus', NULL, 1, 18, NULL),
(524, 952, NULL, 'ديسمبر', 800.00, 800.00, 0.00, '2024-12-06 13:00:26', 'بنكي', NULL, 'plus', NULL, 1, 18, NULL),
(525, 955, NULL, 'ديسمبر', 800.00, 800.00, 0.00, '2024-12-06 13:02:31', 'بنكي', NULL, 'plus', NULL, 1, 18, NULL),
(526, 956, NULL, 'ديسمبر', 800.00, 800.00, -800.00, '2024-12-06 13:04:19', 'بنكي', NULL, 'plus', NULL, 1, 18, NULL),
(527, 956, NULL, 'ديسمبر', 800.00, 800.00, 0.00, '2024-12-06 13:05:28', 'بنكي', NULL, 'plus', NULL, 1, 18, NULL),
(528, 956, NULL, 'ديسمبر', 800.00, 800.00, 0.00, '2024-12-06 13:05:28', 'بنكي', NULL, 'plus', NULL, 1, 18, NULL),
(529, 956, NULL, 'ديسمبر', 800.00, 800.00, 0.00, '2024-12-06 13:05:29', 'بنكي', NULL, 'plus', NULL, 1, 18, NULL),
(530, 957, NULL, 'ديسمبر', 800.00, 800.00, 0.00, '2024-12-06 13:07:56', 'بنكي', NULL, 'plus', NULL, 1, 18, NULL),
(531, 958, NULL, 'ديسمبر', 800.00, 800.00, 0.00, '2024-12-06 13:08:45', 'بنكي', NULL, 'plus', NULL, 1, 18, NULL),
(532, 959, NULL, 'ديسمبر', 800.00, 800.00, 0.00, '2024-12-06 13:09:58', 'بنكي', NULL, 'plus', NULL, 3, 18, NULL),
(533, 960, NULL, 'ديسمبر', 800.00, 800.00, 0.00, '2024-12-06 13:13:18', 'بنكي', NULL, 'plus', NULL, 1, 18, NULL),
(534, 973, NULL, 'ديسمبر', 800.00, 800.00, 0.00, '2024-12-06 13:21:30', 'بنكي', NULL, 'plus', NULL, 1, 18, NULL),
(535, 974, NULL, 'ديسمبر', 800.00, 800.00, 0.00, '2024-12-06 13:23:02', 'بنكي', NULL, 'plus', NULL, 1, 18, NULL),
(536, 975, NULL, 'ديسمبر', 800.00, 800.00, 0.00, '2024-12-06 13:24:17', 'بنكي', NULL, 'plus', NULL, 1, 18, NULL),
(537, 975, NULL, 'ديسمبر', 800.00, 800.00, 0.00, '2024-12-06 13:24:18', 'بنكي', NULL, 'plus', NULL, 1, 18, NULL),
(538, 976, NULL, 'ديسمبر', 800.00, 800.00, 0.00, '2024-12-06 13:25:38', 'بنكي', NULL, 'plus', NULL, 1, 18, NULL),
(539, 961, NULL, 'ديسمبر', 1000.00, 1000.00, 0.00, '2024-12-06 13:36:01', 'بنكي', NULL, 'plus', NULL, 1, 18, NULL),
(540, 972, NULL, 'ديسمبر', 800.00, 800.00, -800.00, '2024-12-06 13:36:44', 'بنكي', NULL, 'plus', NULL, 1, 18, NULL),
(541, 978, NULL, 'ديسمبر', 800.00, 800.00, 0.00, '2024-12-06 13:46:08', 'بنكي', NULL, 'plus', NULL, 1, 18, NULL),
(542, 979, NULL, 'ديسمبر', 500.00, 500.00, 0.00, '2024-12-06 13:47:01', 'بنكي', NULL, 'plus', NULL, 1, 18, NULL),
(543, 977, NULL, 'ديسمبر', 1000.00, 1000.00, 0.00, '2024-12-06 13:47:41', 'بنكي', NULL, 'plus', NULL, 1, 18, NULL),
(544, 982, NULL, 'ديسمبر', 500.00, 500.00, 0.00, '2024-12-06 13:48:56', 'بنكي', NULL, 'plus', NULL, 1, 18, NULL),
(545, 986, NULL, 'ديسمبر', 500.00, 500.00, 0.00, '2024-12-06 13:50:29', 'بنكي', NULL, 'plus', NULL, 1, 18, NULL),
(546, 987, NULL, 'ديسمبر', 500.00, 500.00, 0.00, '2024-12-06 13:51:27', 'بنكي', NULL, 'plus', NULL, 1, 18, NULL),
(547, 988, NULL, 'ديسمبر', 500.00, 500.00, 0.00, '2024-12-06 13:53:55', 'بنكي', NULL, 'plus', NULL, 1, 18, NULL),
(548, 989, NULL, 'ديسمبر', 500.00, 500.00, 0.00, '2024-12-06 13:54:40', 'بنكي', NULL, 'plus', NULL, 1, 18, NULL),
(549, 990, NULL, 'ديسمبر', 500.00, 500.00, 0.00, '2024-12-06 13:59:32', 'بنكي', NULL, 'plus', NULL, 1, 18, NULL),
(550, 991, NULL, 'ديسمبر', 500.00, 500.00, 0.00, '2024-12-06 14:01:42', 'بنكي', NULL, 'plus', NULL, 1, 18, NULL),
(551, 946, NULL, 'ديسمبر', 800.00, 800.00, 0.00, '2024-12-06 14:04:59', 'بنكي', NULL, 'plus', NULL, 1, 18, NULL),
(552, 993, NULL, 'ديسمبر', 800.00, 800.00, 0.00, '2024-12-06 15:26:43', 'بنكي', NULL, 'plus', NULL, 1, 18, NULL),
(553, 993, NULL, 'ديسمبر', 800.00, 800.00, 0.00, '2024-12-06 15:28:29', 'بنكي', NULL, 'plus', NULL, 2, 18, NULL),
(554, 341, NULL, 'ديسمبر', 1000.00, 1000.00, 0.00, '2024-12-06 15:41:41', 'بنكي', NULL, 'plus', NULL, 1, 1, NULL);
INSERT INTO `combined_transactions` (`id`, `student_id`, `agent_id`, `month`, `due_amount`, `paid_amount`, `remaining_amount`, `date`, `payment_method`, `description`, `type`, `fund_id`, `bank_id`, `user_id`, `employee_id`) VALUES
(555, 827, NULL, 'نوفمبر', 1000.00, 1000.00, 0.00, '2024-12-06 20:06:24', 'بنكي', 'الطالب(ة) سدد(ت)  السعد أحمدو الجنيدي  الأشهر: { نوفمبر } ', 'plus', NULL, 1, 1, NULL),
(556, 300, NULL, 'ديسمبر', 1500.00, 1500.00, 0.00, '2024-12-06 20:10:12', 'بنكي', 'الطالب(ة) سدد(ت)  أحمد عبد القادر  الأشهر: { ديسمبر } ', 'plus', NULL, 1, 1, NULL),
(557, 407, 218, 'ديسمبر', 1200.00, 1200.00, 0.00, '2024-12-06 20:11:41', 'بنكي', 'الوكيل(ة): أحمدو الندى(22433992)  دفع(ت) الأشهر { ديسمبر }لطالب(ة): عيشة الندى', 'plus', NULL, 1, 1, NULL),
(558, 619, 218, 'ديسمبر', 1200.00, 1200.00, 0.00, '2024-12-06 20:12:32', 'بنكي', 'الوكيل(ة): أحمدو الندى(22433992)  دفع(ت) الأشهر { ديسمبر }لطالب(ة): سيدي محمد الندى ', 'plus', NULL, 1, 1, NULL),
(559, 658, 218, 'ديسمبر', 1200.00, 1200.00, 0.00, '2024-12-06 20:13:09', 'بنكي', 'الوكيل(ة): أحمدو الندى(22433992)  دفع(ت) الأشهر { ديسمبر }لطالب(ة): أم البنين الندى ', 'plus', NULL, 1, 1, NULL),
(560, 230, 90, 'ديسمبر', 1000.00, 1000.00, 0.00, '2024-12-06 20:18:13', 'بنكي', 'الوكيل(ة): رقية حمود (36323081)  دفع(ت) الأشهر { ديسمبر }لطالب(ة): محمد محمود الشيخ حمد', 'plus', NULL, 1, 1, NULL),
(561, 391, 90, 'ديسمبر', 1000.00, 1000.00, 0.00, '2024-12-06 20:18:38', 'بنكي', 'الوكيل(ة): رقية حمود (36323081)  دفع(ت) الأشهر { ديسمبر }لطالب(ة): سيدي مولود سيد الأمين ', 'plus', NULL, 1, 1, NULL),
(562, 395, 90, 'ديسمبر', 1200.00, 1000.00, 200.00, '2024-12-06 20:20:46', 'بنكي', 'الوكيل(ة): رقية حمود (36323081)  دفع(ت) الأشهر { ديسمبر }لطالب(ة): صلاح الشيخ حمد ', 'plus', NULL, 1, 1, NULL),
(563, 747, NULL, 'ديسمبر', 1200.00, 1200.00, 0.00, '2024-12-07 09:20:19', 'نقدي', 'الطالب(ة) سدد(ت)  المصطفى محمد سالم الأشهر: { ديسمبر } ', 'plus', 1, NULL, 1, NULL),
(564, 382, 199, 'ديسمبر', 1000.00, 1000.00, 0.00, '2024-12-07 09:34:42', 'نقدي', 'الوكيل(ة): ميمات سيدي  محمود(22162300)  دفع(ت) الأشهر { ديسمبر }لطالب(ة): خديجة محفوظ', 'plus', 1, NULL, 14, NULL),
(566, 467, 156, 'ديسمبر', 800.00, 800.00, 0.00, '2024-12-07 09:49:54', 'نقدي', 'الوكيل(ة): مليكة ماء العينين (48174343)  دفع(ت) الأشهر { ديسمبر }لطالب(ة): تحي حمود ', 'plus', 1, NULL, 14, NULL),
(567, 867, 179, 'ديسمبر', 1000.00, 1000.00, 0.00, '2024-12-07 09:52:05', 'نقدي', 'الوكيل(ة): حداه(34411718)  دفع(ت) الأشهر { ديسمبر }لطالب(ة): عبد الحي حداه', 'plus', 1, NULL, 1, NULL),
(568, 589, 179, 'ديسمبر', 1000.00, 1000.00, 0.00, '2024-12-07 09:52:18', 'نقدي', 'الوكيل(ة): حداه(34411718)  دفع(ت) الأشهر { ديسمبر }لطالب(ة): محمد يحظيه حداه', 'plus', 1, NULL, 1, NULL),
(569, 355, 179, 'ديسمبر', 1000.00, 1000.00, 0.00, '2024-12-07 09:52:36', 'نقدي', 'الوكيل(ة): حداه(34411718)  دفع(ت) الأشهر { ديسمبر }لطالب(ة): عبد الله حداه ', 'plus', 1, NULL, 1, NULL),
(570, 867, 179, NULL, 0.00, 3000.00, 0.00, '2024-12-07 09:54:05', NULL, ' تم إلغاء الوصل الوكيل(ة): حداه(34411718) دفع(ت) { ديسمبر }لطالب(ة): عبد الحي حداه', 'minus', NULL, NULL, 1, NULL),
(571, 511, NULL, 'ديسمبر', 1400.00, 1400.00, 0.00, '2024-12-07 09:56:34', 'نقدي', 'الطالب(ة) سدد(ت)  السالمة عبد القادر الأشهر: { ديسمبر } ', 'plus', 1, NULL, 14, NULL),
(572, 994, 464, 'ديسمبر', 1000.00, 1000.00, 0.00, '2024-12-07 10:03:31', 'بنكي', 'الوكيل(ة): لالة عابدين (47076357)  دفع(ت) الأشهر { ديسمبر }لطالب(ة): خديخة خيري', 'plus', NULL, 4, 14, NULL),
(573, 427, NULL, 'ديسمبر', 1200.00, 1200.00, 0.00, '2024-12-07 10:17:20', 'نقدي', 'الطالب(ة) سدد(ت)  سلمى الحسن  الأشهر: { ديسمبر } ', 'plus', 1, NULL, 1, NULL),
(574, 384, NULL, NULL, 0.00, 1000.00, 0.00, '2024-12-07 11:10:37', 'بنكي', 'الطالب(ة): اعزيزة لقلال  { دفع رسوم اكتوبر } ', 'plus', NULL, 1, 17, NULL),
(575, 384, NULL, 'نوفمبر', 1000.00, 1000.00, 0.00, '2024-12-07 11:10:37', 'بنكي', 'الطالب(ة) سدد(ت)  اعزيزة لقلال  الأشهر: { نوفمبر } ', 'plus', NULL, 1, 17, NULL),
(576, 461, 246, 'ديسمبر', 1000.00, 1000.00, 0.00, '2024-12-07 11:12:52', 'نقدي', 'الوكيل(ة): فوكهم سيد محمد(43308320)  دفع(ت) الأشهر { ديسمبر }لطالب(ة): غلانه محمد الامين', 'plus', 1, NULL, 14, NULL),
(577, 462, 246, 'ديسمبر', 1000.00, 1000.00, 0.00, '2024-12-07 11:13:10', 'نقدي', 'الوكيل(ة): فوكهم سيد محمد(43308320)  دفع(ت) الأشهر { ديسمبر }لطالب(ة): العزة محمد الامين', 'plus', 1, NULL, 14, NULL),
(578, 694, NULL, 'نوفمبر', 1000.00, 1000.00, 0.00, '2024-12-07 11:13:11', 'نقدي', 'الطالب(ة) سدد(ت)  عبدو الله محمد  الأشهر: { نوفمبر } ', 'plus', 1, NULL, 17, NULL),
(579, 464, 246, 'ديسمبر', 1000.00, 1000.00, 0.00, '2024-12-07 11:13:21', 'نقدي', 'الوكيل(ة): فوكهم سيد محمد(43308320)  دفع(ت) الأشهر { ديسمبر }لطالب(ة): فاطمة زيدان', 'plus', 1, NULL, 14, NULL),
(580, NULL, NULL, NULL, 0.00, 10000.00, 0.00, '2024-12-07 11:18:52', 'بنكي', ' الموظف(ة): احمد ديدة محمد الأمين ,  شهر 11', 'minus', NULL, 1, 1, NULL),
(581, 264, 119, 'ديسمبر', 1200.00, 1200.00, 0.00, '2024-12-07 11:42:58', 'نقدي', 'الوكيل(ة): فاطمة (44739172)  دفع(ت) الأشهر { ديسمبر }لطالب(ة): مصعب سيدي محمد ', 'plus', 1, NULL, 17, NULL),
(582, 265, 119, 'ديسمبر', 1000.00, 1200.00, 0.00, '2024-12-07 11:43:05', 'نقدي', 'الوكيل(ة): فاطمة (44739172)  دفع(ت) الأشهر { ديسمبر }لطالب(ة): مريم محمد', 'plus', 1, NULL, 17, NULL),
(583, NULL, NULL, NULL, 0.00, 4000.00, 0.00, '2024-12-07 12:00:40', 'بنكي', ' الموظف(ة): عبد الحميد بركه,  تسديد الباقي من راتب شهر 11-2024', 'minus', NULL, 1, 14, NULL),
(584, 249, 101, 'ديسمبر', 1200.00, 1000.00, 200.00, '2024-12-07 12:00:50', 'بنكي', 'الوكيل(ة): محمد المختار(26754444)  دفع(ت) الأشهر { ديسمبر }لطالب(ة): محمد فال محمد المختار', 'plus', NULL, 1, 17, NULL),
(585, 736, 101, 'ديسمبر', 1000.00, 1000.00, 0.00, '2024-12-07 12:01:00', 'بنكي', 'الوكيل(ة): محمد المختار(26754444)  دفع(ت) الأشهر { ديسمبر }لطالب(ة): أحمد محمد المختار', 'plus', NULL, 1, 17, NULL),
(586, NULL, NULL, NULL, 0.00, 8000.00, 0.00, '2024-12-07 12:05:03', 'بنكي', ' الموظف(ة): محمد العاقب الامام,  تسديد : راتب شهر 11-2024', 'minus', NULL, 1, 14, NULL),
(587, 386, 203, 'ديسمبر', 1200.00, 1200.00, 0.00, '2024-12-07 15:30:58', 'نقدي', 'الوكيل(ة): لمات بنت محمذن فال(33336806)  دفع(ت) الأشهر { ديسمبر }لطالب(ة): عيشة دداه ', 'plus', 1, NULL, 14, NULL),
(588, 235, 92, 'نوفمبر', 1200.00, 1200.00, 0.00, '2024-12-07 16:11:38', 'بنكي', 'الوكيل(ة): عيشة بوبالي(32329080)  دفع(ت) الأشهر { نوفمبر }لطالب(ة): سيدنا عبد الفتاح', 'plus', NULL, 1, 17, NULL),
(589, 233, 92, 'نوفمبر', 1200.00, 1200.00, 0.00, '2024-12-07 16:11:56', 'بنكي', 'الوكيل(ة): عيشة بوبالي(32329080)  دفع(ت) الأشهر { نوفمبر }لطالب(ة): عبد الله القرشي', 'plus', NULL, 1, 17, NULL),
(590, 995, 425, 'ديسمبر', 900.00, 900.00, 0.00, '2024-12-07 16:12:14', 'نقدي', 'الوكيل(ة): زينب أحمد(42109680)  دفع(ت) الأشهر { ديسمبر }لطالب(ة): آمنة سيدي محمد ', 'plus', 1, NULL, 14, NULL),
(591, 515, 271, 'ديسمبر', 1200.00, 1200.00, 0.00, '2024-12-07 16:13:24', 'نقدي', 'الوكيل(ة): ياسر الكيحل(33335243)  دفع(ت) الأشهر { ديسمبر }لطالب(ة): مريم الطاهر ', 'plus', 1, NULL, 14, NULL),
(592, 518, 271, 'ديسمبر', 1200.00, 1200.00, 0.00, '2024-12-07 16:13:34', 'نقدي', 'الوكيل(ة): ياسر الكيحل(33335243)  دفع(ت) الأشهر { ديسمبر }لطالب(ة): السالكة الطاهر ', 'plus', 1, NULL, 14, NULL),
(593, 633, NULL, 'ديسمبر', 1200.00, 1200.00, 0.00, '2024-12-07 17:25:25', 'بنكي', 'الطالب(ة) سدد(ت)  محمد يحي سيدي محمد الأشهر: { ديسمبر } ', 'plus', NULL, 1, 17, NULL),
(594, 814, NULL, 'ديسمبر', 1000.00, 1000.00, 0.00, '2024-12-07 17:26:29', 'بنكي', 'الطالب(ة) سدد(ت)  البتول الطالب دحمان  الأشهر: { ديسمبر } ', 'plus', NULL, 1, 17, NULL),
(595, 352, 175, 'ديسمبر', 1500.00, 1500.00, 0.00, '2024-12-07 17:48:45', 'بنكي', 'الوكيل(ة): اشريفة الشيخ(22660484)  دفع(ت) الأشهر { ديسمبر }لطالب(ة): سارة محمد محمود', 'plus', NULL, 1, 17, NULL),
(597, 572, 175, 'ديسمبر', 800.00, 800.00, 0.00, '2024-12-07 17:50:41', 'بنكي', 'الوكيل(ة): اشريفة الشيخ(22660484)  دفع(ت) الأشهر { ديسمبر }لطالب(ة): مريم أحمد', 'plus', NULL, 1, 17, NULL),
(598, 632, 175, NULL, 0.00, 1500.00, 0.00, '2024-12-07 17:51:23', 'بنكي', 'الوكيل(ة): اشريفة الشيخ(22660484)  دفع(ت)  { نصف شهر 10/2024 لجميع الأفراد }لطالب(ة): محمد محمد محمود', 'plus', NULL, 1, 17, NULL),
(599, 632, 175, 'ديسمبر', 1000.00, 1000.00, 0.00, '2024-12-07 17:51:23', 'بنكي', 'الوكيل(ة): اشريفة الشيخ(22660484)  دفع(ت) الأشهر { ديسمبر }لطالب(ة): محمد محمد محمود', 'plus', NULL, 1, 17, NULL),
(602, 684, 175, 'ديسمبر', 1200.00, 1200.00, 0.00, '2024-12-07 17:52:06', 'بنكي', 'الوكيل(ة): اشريفة الشيخ(22660484)  دفع(ت) الأشهر { ديسمبر }لطالب(ة): محمد السالم محمد محمود', 'plus', NULL, 1, 17, NULL),
(603, 572, 175, NULL, 0.00, 1500.00, 0.00, '2024-12-07 17:54:16', NULL, ' تم إلغاء الوصل الوكيل(ة): اشريفة الشيخ(22660484)  دفع(ت)  { نصف شهر 10/2024 لجميع الأفراد }لطالب(ة): مريم أحمد', 'minus', 1, 1, 1, NULL),
(604, 646, 175, 'ديسمبر', 0.00, 1500.00, 0.00, '2024-12-07 17:55:34', NULL, ' تم إلغاء الوصل الوكيل(ة): اشريفة الشيخ(22660484)  دفع(ت) الأشهر { ديسمبر }لطالب(ة): أمل محمد محمود', 'minus', 1, 1, 1, NULL),
(605, 646, 175, NULL, 0.00, 1500.00, 0.00, '2024-12-07 17:58:08', NULL, ' تم إلغاء الوصل الوكيل(ة): اشريفة الشيخ(22660484)  دفع(ت)  { نصف شهر 10/2024 لجميع الأفراد }لطالب(ة): أمل محمد محمود', 'minus', 1, 1, 1, NULL),
(606, 996, NULL, 'ديسمبر', 1000.00, 1000.00, 0.00, '2024-12-07 18:04:28', 'بنكي', 'الطالب(ة) سدد(ت)  الشيخ بان محمد عبد الله  الأشهر: { ديسمبر } ', 'plus', NULL, 1, 17, NULL),
(607, 633, NULL, NULL, 0.00, 200.00, 0.00, '2024-12-07 18:16:28', 'بنكي', '.سدد متأخرات : (محمد يحي سيدي محمد)', 'plus', NULL, 0, 17, NULL),
(608, 451, 241, 'ديسمبر', 1000.00, 1000.00, 0.00, '2024-12-07 18:41:50', 'بنكي', 'الوكيل(ة): بشرى البشير (34175616)  دفع(ت) الأشهر { ديسمبر }لطالب(ة): فاطمة الزهراء السالك ', 'plus', NULL, 1, 17, NULL),
(609, 540, 241, 'ديسمبر', 1000.00, 1000.00, 0.00, '2024-12-07 18:42:37', 'بنكي', 'الوكيل(ة): بشرى البشير (34175616)  دفع(ت) الأشهر { ديسمبر }لطالب(ة): محمد السالك', 'plus', NULL, 1, 17, NULL),
(610, 824, 241, 'ديسمبر', 1000.00, 1000.00, 0.00, '2024-12-07 18:42:47', 'بنكي', 'الوكيل(ة): بشرى البشير (34175616)  دفع(ت) الأشهر { ديسمبر }لطالب(ة): حميدة السالك', 'plus', NULL, 1, 17, NULL),
(611, 530, 283, 'نوفمبر', 3500.00, 3500.00, 0.00, '2024-12-07 18:47:25', 'بنكي', 'الوكيل(ة): عيشة ابوك(26443309)  دفع(ت) الأشهر { نوفمبر }لطالب(ة): محمد فاضل محمدن ', 'plus', NULL, 1, 17, NULL),
(612, 849, NULL, 'ديسمبر', 1500.00, 1500.00, 0.00, '2024-12-07 18:51:07', 'بنكي', 'الطالب(ة) سدد(ت)  بادي محمد  الأشهر: { ديسمبر } ', 'plus', NULL, 1, 17, NULL),
(613, NULL, NULL, NULL, 0.00, 6000.00, 0.00, '2024-12-07 19:08:58', 'نقدي', ' الموظف(ة): زينب ,  تسديد راتب شهر 11-2024', 'minus', 1, NULL, 14, NULL),
(614, NULL, NULL, NULL, 0.00, 4000.00, 0.00, '2024-12-07 19:10:05', 'نقدي', ' الموظف(ة): حدمين سيدي عالي,  راتب 12-يوم من شهر 11-2024', 'minus', 1, NULL, 14, NULL),
(615, 523, NULL, 'ديسمبر', 3500.00, 3500.00, 0.00, '2024-12-07 19:20:27', 'بنكي', 'الطالب(ة) سدد(ت)  المصطفى ألمين فال  الأشهر: { ديسمبر } ', 'plus', NULL, 1, 17, NULL),
(616, 512, 268, 'ديسمبر', 1500.00, 1500.00, 0.00, '2024-12-07 19:28:03', 'بنكي', 'الوكيل(ة): فاطمة  المعزوز(48930177)  دفع(ت) الأشهر { ديسمبر }لطالب(ة): محمد عبد القادر السالك ', 'plus', NULL, 1, 17, NULL),
(617, 608, 268, 'ديسمبر', 1000.00, 1000.00, 0.00, '2024-12-07 19:28:19', 'بنكي', 'الوكيل(ة): فاطمة  المعزوز(48930177)  دفع(ت) الأشهر { ديسمبر }لطالب(ة): أم كلثوم السالك ', 'plus', NULL, 1, 17, NULL),
(618, 313, NULL, 'ديسمبر', 3500.00, 3500.00, 0.00, '2024-12-07 19:29:45', 'بنكي', 'الطالب(ة) سدد(ت)  الناجي يب الأشهر: { ديسمبر } ', 'plus', NULL, 1, 17, NULL),
(619, 860, NULL, 'ديسمبر', 1200.00, 1200.00, -1200.00, '2024-12-07 21:11:38', 'بنكي', 'الطالب(ة) سدد(ت)  سعد بوه محمد فال الأشهر: { ديسمبر } ', 'plus', NULL, 1, 17, NULL),
(620, 707, NULL, 'ديسمبر', 1200.00, 1200.00, 0.00, '2024-12-07 22:07:37', 'بنكي', 'الطالب(ة) سدد(ت)  محمد محمود يحي الأشهر: { ديسمبر } ', 'plus', NULL, 1, 17, NULL),
(621, 848, NULL, 'ديسمبر', 1000.00, 1000.00, 0.00, '2024-12-07 22:20:11', 'بنكي', 'الطالب(ة) سدد(ت)  جمال محمد الأشهر: { ديسمبر } ', 'plus', NULL, 1, 17, NULL),
(622, 216, 80, 'نوفمبر', 1000.00, 1000.00, 0.00, '2024-12-08 08:59:11', 'بنكي', 'الوكيل(ة): نفيسة عالى (26303653)  دفع(ت) الأشهر { نوفمبر }لطالب(ة): رقية محمد الأمين ', 'plus', NULL, 1, 17, NULL),
(623, 424, 80, 'نوفمبر', 1500.00, 1500.00, 0.00, '2024-12-08 08:59:28', 'بنكي', 'الوكيل(ة): نفيسة عالى (26303653)  دفع(ت) الأشهر { نوفمبر }لطالب(ة): البتول محمد الأمين ', 'plus', NULL, 1, 17, NULL),
(624, 516, 80, 'نوفمبر', 3500.00, 3500.00, 0.00, '2024-12-08 09:13:36', 'بنكي', 'الوكيل(ة): نفيسة عالى (26303653)  دفع(ت) الأشهر { نوفمبر }لطالب(ة): معاذ محمد الأمين ', 'plus', NULL, 1, 17, NULL),
(625, 715, NULL, 'ديسمبر', 1000.00, 1000.00, 0.00, '2024-12-08 09:35:00', 'نقدي', 'الطالب(ة) سدد(ت)  محمد محمد سالم مسعود الأشهر: { ديسمبر } ', 'plus', 1, NULL, 17, NULL),
(626, 662, NULL, 'ديسمبر', 800.00, 800.00, 0.00, '2024-12-08 09:50:33', 'نقدي', 'الطالب(ة) سدد(ت)  جميلة عمر الأشهر: { ديسمبر } ', 'plus', 1, NULL, 14, NULL),
(627, NULL, NULL, NULL, 0.00, 5000.00, 0.00, '2024-12-08 09:51:08', 'نقدي', ' الموظف(ة): مريم سيدي ,  تكملة شهر 11', 'minus', 1, NULL, 17, NULL),
(628, NULL, NULL, NULL, 0.00, 4000.00, 0.00, '2024-12-08 09:52:05', 'نقدي', ' الموظف(ة): منة ودادي,  شهر 11 ', 'minus', 1, NULL, 17, NULL),
(629, NULL, NULL, NULL, 0.00, 200.00, 0.00, '2024-12-08 09:55:20', NULL, 'حساب : المشتريات  -{ كدو+كاز+ }-', 'minus', 1, NULL, 17, NULL),
(630, 452, NULL, 'ديسمبر', 800.00, 800.00, 0.00, '2024-12-08 10:23:22', 'نقدي', 'الطالب(ة) سدد(ت)  مريم يحي الأشهر: { نوفمبر } ', 'plus', 1, NULL, 14, NULL),
(631, 218, NULL, 'ديسمبر', 1000.00, 1000.00, 0.00, '2024-12-08 17:33:06', 'بنكي', 'الطالب(ة) سدد(ت)  محمد فال محمد سالم  الأشهر: { ديسمبر } ', 'plus', NULL, 1, 1, NULL),
(632, 435, 232, 'نوفمبر', 1000.00, 1000.00, 0.00, '2024-12-08 17:38:26', 'بنكي', 'الوكيل(ة): حمود (22315612)  دفع(ت) الأشهر { نوفمبر }لطالب(ة): عائشة أحمد حمود ', 'plus', NULL, 1, 17, NULL),
(633, 659, 232, 'نوفمبر', 800.00, 800.00, 0.00, '2024-12-08 17:38:38', 'بنكي', 'الوكيل(ة): حمود (22315612)  دفع(ت) الأشهر { نوفمبر }لطالب(ة): توت أحمد حمود', 'plus', NULL, 1, 17, NULL),
(634, 704, 232, 'نوفمبر', 1000.00, 1000.00, 0.00, '2024-12-08 17:38:48', 'بنكي', 'الوكيل(ة): حمود (22315612)  دفع(ت) الأشهر { نوفمبر }لطالب(ة): محمد أحمد حمود', 'plus', NULL, 1, 17, NULL),
(635, 326, 232, 'نوفمبر', 1000.00, 1000.00, 0.00, '2024-12-08 17:41:16', 'بنكي', 'الوكيل(ة): حمود (22315612)  دفع(ت) الأشهر { نوفمبر }لطالب(ة): أمينة حمود', 'plus', NULL, 1, 17, NULL),
(637, 517, NULL, ' ديسمبر ', 0.00, 3500.00, 0.00, '2024-12-08 17:51:47', 'بنكي', 'تم إلغاء الوصل الطالب(ة) سدد(ت)  أعل الشيخ المختار  الأشهر: { ديسمبر }', 'minus', NULL, 2, 1, 0),
(638, 583, 320, 'نوفمبر, ديسمبر', 2000.00, 2000.00, 0.00, '2024-12-08 18:15:01', 'نقدي', 'الوكيل(ة): مريم مولاي عبد الرحمن(22315770)  دفع(ت) الأشهر { نوفمبر, ديسمبر }لطالب(ة): مولاي محمد فال', 'plus', 1, NULL, 17, NULL),
(639, 584, 320, 'نوفمبر, ديسمبر', 2000.00, 2000.00, 0.00, '2024-12-08 18:15:16', 'نقدي', 'الوكيل(ة): مريم مولاي عبد الرحمن(22315770)  دفع(ت) الأشهر { نوفمبر, ديسمبر }لطالب(ة): حمود محمود فال', 'plus', 1, NULL, 17, NULL),
(641, 648, NULL, 'نوفمبر', 1000.00, 1000.00, 0.00, '2024-12-08 18:29:24', 'بنكي', 'الطالب(ة) سدد(ت)  أسماء البو الأشهر: { نوفمبر } ', 'plus', NULL, 1, 17, NULL),
(643, 1000, NULL, NULL, 0.00, 1000.00, 0.00, '2024-12-09 08:50:56', 'نقدي', 'الطالب (ة): النعمة سيدي محمد عبد الله { دجمبر 2024 } ', 'plus', 1, NULL, 1, NULL),
(644, NULL, NULL, NULL, 0.00, 650.00, 0.00, '2024-12-09 09:32:31', 'نقدي', ' الموظف(ة): امحمد أحمدو امباله,  حولي +المنزل ', 'minus', 1, NULL, 17, 15),
(645, NULL, NULL, NULL, 0.00, 4020.00, 0.00, '2024-12-09 09:36:37', NULL, 'حساب : المشتريات  -{ أواني  }-', 'minus', 1, NULL, 17, NULL),
(646, NULL, NULL, NULL, 0.00, 3500.00, 0.00, '2024-12-09 09:38:51', NULL, 'حساب : الأجور  -{ لصالح حمد السفرة  }-', 'minus', 1, NULL, 17, NULL),
(647, NULL, NULL, NULL, 0.00, 9000.00, 0.00, '2024-12-09 10:35:23', 'بنكي', ' الموظف(ة): عمر أن محمود,  نوفمبر2024', 'minus', NULL, 1, 1, 31),
(648, 592, 222, 'نوفمبر', 1000.00, 1000.00, 0.00, '2024-12-09 10:58:14', 'بنكي', 'الوكيل(ة): محمد الشيخ النعمة(42116355)  دفع(ت) الأشهر { نوفمبر }لطالب(ة): إبراهيم محمد', 'plus', NULL, NULL, 14, NULL),
(649, 614, 222, 'نوفمبر', 1000.00, 1000.00, 0.00, '2024-12-09 10:58:35', 'بنكي', 'الوكيل(ة): محمد الشيخ النعمة(42116355)  دفع(ت) الأشهر { نوفمبر }لطالب(ة): فاطمة محمد', 'plus', NULL, 1, 14, NULL),
(650, 615, 222, 'نوفمبر', 1000.00, 1000.00, 0.00, '2024-12-09 10:58:47', 'بنكي', 'الوكيل(ة): محمد الشيخ النعمة(42116355)  دفع(ت) الأشهر { نوفمبر }لطالب(ة): خديجة محمد ', 'plus', NULL, 1, 14, NULL),
(651, 767, 222, 'نوفمبر', 1000.00, 1000.00, 0.00, '2024-12-09 10:59:00', 'بنكي', 'الوكيل(ة): محمد الشيخ النعمة(42116355)  دفع(ت) الأشهر { نوفمبر }لطالب(ة): عبد الله محمد الشيخ النعمة', 'plus', NULL, 1, 14, NULL),
(652, 933, 222, 'نوفمبر', 1000.00, 1000.00, 0.00, '2024-12-09 10:59:21', 'بنكي', 'الوكيل(ة): محمد الشيخ النعمة(42116355)  دفع(ت) الأشهر { نوفمبر }لطالب(ة): الداه الشيخ النعمة ', 'plus', NULL, 1, 14, NULL),
(653, 0, 222, NULL, 0.00, 500.00, 0.00, '2024-12-09 11:00:19', 'بنكي', 'الوكيل(ة): محمد الشيخ النعمة(42116355) دفع(ت) { حصة تقوية لصالح : وكيلة أبناء الشيخ النعة }لطالب(ة): ', 'plus', NULL, 1, 14, NULL),
(654, 835, NULL, '', 0.00, 700.00, 0.00, '2024-12-09 11:12:20', 'بنكي', 'تم إلغاء الوصل الطالب(ة) سدد(ت)  محمد الزين كابر الأشهر: { نوفمبر }', 'minus', 1, NULL, 1, 0),
(655, 368, NULL, ' يناير ', 0.00, 1000.00, 0.00, '2024-12-09 11:15:14', 'بنكي', 'تم إلغاء الوصل الطالب(ة) سدد(ت)  أم كلثوم  امباله  الأشهر: { يناير }', 'minus', 1, NULL, 1, 0),
(656, NULL, NULL, NULL, 0.00, 100.00, 0.00, '2024-12-09 17:03:30', NULL, 'حساب : الصيانة و الأدوات  -{ إصلاح مقعد إدارة الدروس  }-', 'minus', 1, NULL, 14, NULL),
(657, NULL, NULL, NULL, 0.00, 50.00, 0.00, '2024-12-09 17:04:15', NULL, 'حساب : المشتريات  -{ مشتريات متفرقة  }-', 'minus', 1, NULL, 14, NULL),
(658, NULL, NULL, NULL, 0.00, 430.00, 0.00, '2024-12-09 17:22:27', NULL, 'حساب : الأجور  -{ الموظف حدمين - تكملة 13-يوم  }-', 'minus', 1, NULL, 14, NULL),
(659, NULL, NULL, NULL, 0.00, 50.00, 0.00, '2024-12-09 17:23:25', 'نقدي', ' الموظف(ة): محمد الشيخ أحمد فال,  شهر 12-2024', 'minus', 1, NULL, 14, 16),
(660, NULL, NULL, NULL, 0.00, 1600.00, 0.00, '2024-12-09 17:29:41', 'bank_account', 'نقل الأموال من حساب الصندوق الى حساب بنكيلي { صافي يومية 08-12-2024 }', 'plus', NULL, 1, 14, NULL),
(661, 385, 202, 'نوفمبر, ديسمبر', 1600.00, 1600.00, 0.00, '2024-12-09 17:45:59', 'بنكي', 'الوكيل(ة): سعدنا سيدي عبد الرحمن(22083545)  دفع(ت) الأشهر { نوفمبر, ديسمبر }لطالب(ة): عاتكة سعدنا', 'plus', NULL, 1, 14, NULL),
(662, 431, 202, 'نوفمبر, ديسمبر', 1600.00, 1600.00, 0.00, '2024-12-09 17:46:14', 'بنكي', 'الوكيل(ة): سعدنا سيدي عبد الرحمن(22083545)  دفع(ت) الأشهر { نوفمبر, ديسمبر }لطالب(ة): عيشة سعدنا ', 'plus', NULL, 1, 14, NULL),
(663, 495, 202, 'نوفمبر, ديسمبر', 1600.00, 1600.00, 0.00, '2024-12-09 17:46:33', 'بنكي', 'الوكيل(ة): سعدنا سيدي عبد الرحمن(22083545)  دفع(ت) الأشهر { نوفمبر, ديسمبر }لطالب(ة): المعنية سعدنا ', 'plus', NULL, 1, 14, NULL),
(664, 499, 202, 'نوفمبر, ديسمبر', 1600.00, 1600.00, 0.00, '2024-12-09 17:46:50', 'بنكي', 'الوكيل(ة): سعدنا سيدي عبد الرحمن(22083545)  دفع(ت) الأشهر { نوفمبر, ديسمبر }لطالب(ة): فاطمة سعدنا ', 'plus', NULL, 1, 14, NULL),
(665, 734, 202, 'نوفمبر, ديسمبر', 1600.00, 1600.00, 0.00, '2024-12-09 17:47:06', 'بنكي', 'الوكيل(ة): سعدنا سيدي عبد الرحمن(22083545)  دفع(ت) الأشهر { نوفمبر, ديسمبر }لطالب(ة): سيدي سعدنا ', 'plus', NULL, 1, 14, NULL),
(666, 436, 233, 'ديسمبر', 1200.00, 1200.00, 0.00, '2024-12-09 17:51:27', 'بنكي', 'الوكيل(ة): السالمة محمد المختار(22066030)  دفع(ت) الأشهر { ديسمبر }لطالب(ة): فاطمة الزهراء محمد المختار', 'plus', NULL, 1, 14, NULL),
(667, 437, 233, 'ديسمبر', 1200.00, 1200.00, 0.00, '2024-12-09 17:51:51', 'بنكي', 'الوكيل(ة): السالمة محمد المختار(22066030)  دفع(ت) الأشهر { ديسمبر }لطالب(ة): أمنة محمد المختار', 'plus', NULL, 1, 14, NULL),
(668, 437, 233, 'ديسمبر', 1200.00, 1200.00, 0.00, '2024-12-09 17:52:16', 'بنكي', 'الوكيل(ة): السالمة محمد المختار(22066030)  دفع(ت) الأشهر { ديسمبر }لطالب(ة): أمنة محمد المختار', 'plus', NULL, 1, 14, NULL),
(669, 153, NULL, 'ديسمبر', 1200.00, 1000.00, 200.00, '2024-12-09 23:40:49', 'بنكي', 'الطالب(ة) سدد(ت)  ممين محمد الأمين الأشهر: { ديسمبر } ', 'plus', NULL, 1, 1, NULL),
(670, 285, 133, 'نوفمبر', 1200.00, 1200.00, 0.00, '2024-12-10 08:47:50', 'بنكي', 'الوكيل(ة): زينب يعقوب(49375958)  دفع(ت) الأشهر { نوفمبر }لطالب(ة): فاطمة أحمد', 'plus', NULL, 1, 17, NULL),
(671, 298, 133, 'نوفمبر', 1500.00, 1500.00, 0.00, '2024-12-10 08:48:01', 'بنكي', 'الوكيل(ة): زينب يعقوب(49375958)  دفع(ت) الأشهر { نوفمبر }لطالب(ة): يوسف أحمد', 'plus', NULL, 1, 17, NULL),
(672, 485, 133, 'نوفمبر', 2500.00, 2500.00, 0.00, '2024-12-10 08:48:18', 'بنكي', 'الوكيل(ة): زينب يعقوب(49375958)  دفع(ت) الأشهر { نوفمبر }لطالب(ة): محمد الأمين أحمد ', 'plus', NULL, 1, 17, NULL),
(673, 491, NULL, 'ديسمبر', 1500.00, 1500.00, 0.00, '2024-12-10 08:56:43', 'بنكي', 'الطالب(ة) سدد(ت)  الشيخ باي الخليل  الأشهر: { ديسمبر } ', 'plus', NULL, 1, 17, NULL),
(674, 498, NULL, 'ديسمبر', 1300.00, 1300.00, 0.00, '2024-12-10 09:14:57', 'بنكي', 'الطالب(ة) سدد(ت)  مولاي الحسن الحسين  الأشهر: { ديسمبر } ', 'plus', NULL, 1, 17, NULL),
(675, 673, NULL, 'نوفمبر, ديسمبر', 1200.00, 2400.00, 0.00, '2024-12-10 09:44:09', 'بنكي', 'الطالب(ة) سدد(ت)  أحمد ياسين أحمدو الأشهر: { نوفمبر, ديسمبر } ', 'plus', NULL, 1, 17, NULL),
(676, 360, 181, 'ديسمبر', 1000.00, 1000.00, 0.00, '2024-12-10 14:13:35', 'بنكي', 'الوكيل(ة): آمنة محمد عالي(32611677)  دفع(ت) الأشهر { ديسمبر }لطالب(ة): محمد عالي محمد فال', 'plus', NULL, 1, 14, NULL),
(677, 361, 181, 'ديسمبر', 1000.00, 1000.00, 0.00, '2024-12-10 14:14:05', 'بنكي', 'الوكيل(ة): آمنة محمد عالي(32611677)  دفع(ت) الأشهر { ديسمبر }لطالب(ة): سيدي محمد محمد فال', 'plus', NULL, 1, 14, NULL),
(678, 420, 181, 'ديسمبر', 1500.00, 1500.00, 0.00, '2024-12-10 14:14:33', 'بنكي', 'الوكيل(ة): آمنة محمد عالي(32611677)  دفع(ت) الأشهر { ديسمبر }لطالب(ة): مريم محمد فال', 'plus', NULL, 1, 14, NULL),
(679, 421, 181, 'ديسمبر', 1500.00, 1500.00, 0.00, '2024-12-10 14:14:58', 'بنكي', 'الوكيل(ة): آمنة محمد عالي(32611677)  دفع(ت) الأشهر { ديسمبر }لطالب(ة): تحي محمد فال', 'plus', NULL, 1, 14, NULL),
(680, 213, NULL, 'ديسمبر', 1000.00, 1000.00, 0.00, '2024-12-10 15:08:21', 'نقدي', 'الطالب(ة) سدد(ت)  الناها النعمة  الأشهر: { ديسمبر } ', 'plus', 1, NULL, 17, NULL),
(681, 401, 212, 'ديسمبر', 1000.00, 1000.00, 0.00, '2024-12-10 16:28:23', 'بنكي', 'الوكيل(ة): لمات الداهيه(27671905)  دفع(ت) الأشهر { ديسمبر }لطالب(ة): آمنة أحمد طالب ', 'plus', NULL, 1, 17, NULL),
(682, 402, 212, 'ديسمبر', 1200.00, 1200.00, 0.00, '2024-12-10 16:28:39', 'بنكي', 'الوكيل(ة): لمات الداهيه(27671905)  دفع(ت) الأشهر { ديسمبر }لطالب(ة): سليمان أحمد طالب ', 'plus', NULL, 1, 17, NULL),
(683, 470, 212, 'ديسمبر', 1200.00, 1200.00, 0.00, '2024-12-10 16:28:49', 'بنكي', 'الوكيل(ة): لمات الداهيه(27671905)  دفع(ت) الأشهر { ديسمبر }لطالب(ة): عائشة أحمد طالب', 'plus', NULL, 1, 17, NULL),
(684, 489, NULL, 'نوفمبر', 2000.00, 2000.00, 0.00, '2024-12-10 16:38:10', 'بنكي', 'الطالب(ة) سدد(ت)  الطيب محمد عبد الله الإمام الأشهر: { نوفمبر } ', 'plus', NULL, 1, 17, NULL),
(685, 489, NULL, 'ديسمبر', 2000.00, 2000.00, 0.00, '2024-12-10 16:56:51', 'نقدي', 'الطالب(ة) سدد(ت)  الطيب محمد عبد الله الإمام الأشهر: { ديسمبر } ', 'plus', 1, NULL, 17, NULL),
(686, 677, 356, 'ديسمبر', 1200.00, 1200.00, 0.00, '2024-12-10 17:01:09', 'بنكي', 'الوكيل(ة): فاطمة محمد عبد الله(36244871)  دفع(ت) الأشهر { ديسمبر }لطالب(ة): بداه سيدي محمد', 'plus', NULL, 1, 17, NULL),
(687, 678, 356, 'ديسمبر', 1000.00, 1000.00, 0.00, '2024-12-10 17:01:20', 'بنكي', 'الوكيل(ة): فاطمة محمد عبد الله(36244871)  دفع(ت) الأشهر { ديسمبر }لطالب(ة): عثمان سيدي محمد', 'plus', NULL, 1, 17, NULL),
(688, 679, 356, 'ديسمبر', 1200.00, 1200.00, 0.00, '2024-12-10 17:01:31', 'بنكي', 'الوكيل(ة): فاطمة محمد عبد الله(36244871)  دفع(ت) الأشهر { ديسمبر }لطالب(ة): اسماعيل سيدي محمد ', 'plus', NULL, 1, 17, NULL),
(689, 680, 356, 'ديسمبر', 1000.00, 1000.00, 0.00, '2024-12-10 17:01:44', 'بنكي', 'الوكيل(ة): فاطمة محمد عبد الله(36244871)  دفع(ت) الأشهر { ديسمبر }لطالب(ة): محمد عبد الله سيدي محمد', 'plus', NULL, 1, 17, NULL),
(690, 817, 313, 'ديسمبر', 1000.00, 1000.00, 0.00, '2024-12-10 18:09:33', 'بنكي', 'الوكيل(ة): محمد عبد الرحمن (37135125)  دفع(ت) الأشهر { ديسمبر }لطالب(ة): سيد محمد عبد الرحمن ', 'plus', NULL, 1, 14, NULL),
(691, 506, 313, NULL, 0.00, 1200.00, 0.00, '2024-12-10 18:10:09', 'بنكي', 'الوكيل(ة): محمد عبد الرحمن (37135125) دفع(ت) { ديسمبر  }لطالب(ة): فاطمة عبد الرحمن ', 'plus', NULL, 1, 14, NULL),
(692, 207, NULL, 'ديسمبر', 1000.00, 1000.00, 0.00, '2024-12-10 18:21:42', 'بنكي', 'الطالب(ة) سدد(ت)  آية محمد سيدي  الأشهر: { ديسمبر } ', 'plus', NULL, 2, 14, NULL),
(693, 474, 248, 'نوفمبر', 1000.00, 1000.00, 0.00, '2024-12-10 18:32:07', 'بنكي', 'الوكيل(ة): فاطمة محمد (36464747)  دفع(ت) الأشهر { نوفمبر }لطالب(ة): خديجة سعدبوه ', 'plus', NULL, 1, 14, NULL),
(694, 571, 248, 'نوفمبر', 1000.00, 1000.00, 0.00, '2024-12-10 18:32:18', 'بنكي', 'الوكيل(ة): فاطمة محمد (36464747)  دفع(ت) الأشهر { نوفمبر }لطالب(ة): آية سعد بوه ', 'plus', NULL, 1, 14, NULL),
(695, 997, 248, 'نوفمبر', 1000.00, 1000.00, 0.00, '2024-12-10 18:32:38', 'بنكي', 'الوكيل(ة): فاطمة محمد (36464747)  دفع(ت) الأشهر { نوفمبر }لطالب(ة): فاطمة محمد', 'plus', NULL, 1, 14, NULL),
(696, NULL, NULL, NULL, 0.00, 7000.00, 0.00, '2024-12-10 18:38:41', 'بنكي', ' الموظف(ة): يحيى محمد احمد  محم,  تسديد راتب شهر 11-2024', 'minus', NULL, 1, 14, 47),
(697, NULL, NULL, NULL, 0.00, 9000.00, 0.00, '2024-12-10 18:39:37', 'بنكي', ' الموظف(ة): محمد ولد عبد القادر,  تسديد راتب شهر 11-2024', 'minus', NULL, 1, 14, 32),
(698, NULL, NULL, NULL, 0.00, 6000.00, 0.00, '2024-12-10 18:40:04', 'بنكي', ' الموظف(ة): فاطمة ابراهيم,  تسديد راتب شهر 11-2024', 'minus', NULL, 1, 14, 36),
(699, 312, 153, 'ديسمبر', 1000.00, 1000.00, 0.00, '2024-12-10 18:40:21', 'بنكي', 'الوكيل(ة): مريم (22001489)  دفع(ت) الأشهر { ديسمبر }لطالب(ة): يوكيها محمد نافع ', 'plus', NULL, 1, 17, NULL),
(700, 316, 153, 'ديسمبر', 1200.00, 1200.00, 0.00, '2024-12-10 18:40:32', 'بنكي', 'الوكيل(ة): مريم (22001489)  دفع(ت) الأشهر { ديسمبر }لطالب(ة): أحمد محمد نافع ', 'plus', NULL, 1, 17, NULL),
(701, NULL, NULL, NULL, 0.00, 4500.00, 0.00, '2024-12-10 18:41:15', 'بنكي', ' الموظف(ة): يحيى الشيخ الخليفة,  مقدم شــ  12-2024', 'minus', NULL, 2, 14, 29),
(702, 852, 153, 'ديسمبر', 1000.00, 1000.00, 0.00, '2024-12-10 18:41:49', 'بنكي', 'الوكيل(ة): مريم (22001489)  دفع(ت) الأشهر { ديسمبر }لطالب(ة): الناه محمد نافع', 'plus', NULL, 1, 17, NULL),
(703, 930, 153, 'ديسمبر', 800.00, 800.00, 0.00, '2024-12-10 18:42:03', 'بنكي', 'الوكيل(ة): مريم (22001489)  دفع(ت) الأشهر { ديسمبر }لطالب(ة): الشيخ محمد نافع', 'plus', NULL, 1, 17, NULL),
(704, 822, NULL, 'ديسمبر', 1000.00, 1000.00, 0.00, '2024-12-10 19:06:47', 'بنكي', 'الطالب(ة) سدد(ت)  ميمونه احمد ولد سيدي الأشهر: { ديسمبر } ', 'plus', NULL, 2, 14, NULL),
(705, 185, 59, 'ديسمبر', 1200.00, 1200.00, 0.00, '2024-12-10 19:07:43', 'بنكي', 'الوكيل(ة): أحمد عالي (22316646)  دفع(ت) الأشهر { ديسمبر }لطالب(ة): سيدي محمد محمد محمود ', 'plus', NULL, 1, 17, NULL),
(706, 236, 59, 'ديسمبر', 1200.00, 1200.00, 0.00, '2024-12-10 19:08:02', 'بنكي', 'الوكيل(ة): أحمد عالي (22316646)  دفع(ت) الأشهر { ديسمبر }لطالب(ة): محمد أحمد عالي', 'plus', NULL, 1, 17, NULL),
(707, 238, 59, 'ديسمبر', 1200.00, 1200.00, 0.00, '2024-12-10 19:08:13', 'بنكي', 'الوكيل(ة): أحمد عالي (22316646)  دفع(ت) الأشهر { ديسمبر }لطالب(ة): أحمد عالي', 'plus', NULL, 1, 17, NULL),
(708, 242, 59, 'ديسمبر', 1200.00, 1200.00, 0.00, '2024-12-10 19:08:23', 'بنكي', 'الوكيل(ة): أحمد عالي (22316646)  دفع(ت) الأشهر { ديسمبر }لطالب(ة): سيد أحمد أحمد', 'plus', NULL, 1, 17, NULL),
(709, 245, 59, 'ديسمبر', 1200.00, 1200.00, 0.00, '2024-12-10 19:08:33', 'بنكي', 'الوكيل(ة): أحمد عالي (22316646)  دفع(ت) الأشهر { ديسمبر }لطالب(ة): محمد محمد محمود', 'plus', NULL, 1, 17, NULL),
(710, 964, NULL, 'ديسمبر', 1200.00, 1200.00, 0.00, '2024-12-10 19:43:52', 'نقدي', 'الطالب(ة) سدد(ت)  شهاب الدين ابوه  الأشهر: { ديسمبر } ', 'plus', 1, NULL, 17, NULL),
(711, 710, 372, 'نوفمبر', 800.00, 800.00, 0.00, '2024-12-10 20:09:07', 'بنكي', 'الوكيل(ة): عمر السالك (36941596)  دفع(ت) الأشهر { نوفمبر }لطالب(ة): فاطمة عمر ', 'plus', NULL, 1, 17, NULL),
(712, 712, 372, 'نوفمبر', 800.00, 800.00, 0.00, '2024-12-10 20:09:18', 'بنكي', 'الوكيل(ة): عمر السالك (36941596)  دفع(ت) الأشهر { نوفمبر }لطالب(ة): آسية عمر', 'plus', NULL, 1, 17, NULL),
(713, 713, 372, 'نوفمبر', 800.00, 800.00, 0.00, '2024-12-10 20:10:00', 'بنكي', 'الوكيل(ة): عمر السالك (36941596)  دفع(ت) الأشهر { نوفمبر }لطالب(ة): مارية عمر ', 'plus', NULL, 1, 17, NULL),
(714, 1001, NULL, NULL, 0.00, 800.00, 0.00, '2024-12-10 20:51:48', 'بنكي', 'الطالب (ة): ليلى سيد محمد  { طالبة جديدة } ', 'plus', NULL, 1, 18, NULL),
(715, 244, 99, 'ديسمبر', 1000.00, 1000.00, 0.00, '2024-12-11 11:40:12', 'بنكي', 'الوكيل(ة): عيشة (36905656)  دفع(ت) الأشهر { ديسمبر }لطالب(ة): مصطافة الطيب', 'plus', NULL, 1, 14, NULL),
(716, 455, 99, 'ديسمبر', 1000.00, 1000.00, 0.00, '2024-12-11 11:40:40', 'بنكي', 'الوكيل(ة): عيشة (36905656)  دفع(ت) الأشهر { ديسمبر }لطالب(ة): مريم محمد الأمين', 'plus', NULL, 1, 14, NULL),
(717, 779, 401, 'نوفمبر', 1000.00, 1000.00, 0.00, '2024-12-11 12:23:58', 'بنكي', 'الوكيل(ة): بنين (38066692)  دفع(ت) الأشهر { نوفمبر }لطالب(ة): مريم لحبيب ', 'plus', NULL, 1, 14, NULL),
(718, 800, 401, 'نوفمبر', 1000.00, 1000.00, 0.00, '2024-12-11 12:24:16', 'بنكي', 'الوكيل(ة): بنين (38066692)  دفع(ت) الأشهر { نوفمبر }لطالب(ة): فاطمة امباركه لحبيب', 'plus', NULL, 1, 14, NULL),
(719, 805, 401, 'نوفمبر', 1000.00, 1000.00, 0.00, '2024-12-11 12:24:44', 'بنكي', 'الوكيل(ة): بنين (38066692)  دفع(ت) الأشهر { نوفمبر }لطالب(ة): محمد الأمين لحبيب', 'plus', NULL, 1, 14, NULL),
(720, 805, 401, 'نوفمبر', 1000.00, 1000.00, 2000.00, '2024-12-11 12:25:00', 'بنكي', 'الوكيل(ة): بنين (38066692)  دفع(ت) الأشهر { نوفمبر }لطالب(ة): محمد الأمين لحبيب', 'plus', NULL, 1, 14, NULL),
(721, 368, 187, 'فبراير', 1000.00, 1000.00, 0.00, '2024-12-11 12:36:25', 'بنكي', 'الوكيل(ة): امحمد امباله(26056959)  دفع(ت) الأشهر { فبراير }لطالب(ة): أم كلثوم  امباله ', 'plus', NULL, NULL, 14, NULL),
(722, 532, 286, 'ديسمبر', 1000.00, 1000.00, 0.00, '2024-12-11 12:36:26', 'نقدي', 'الوكيل(ة): آمنة عابدين(46004029)  دفع(ت) الأشهر { ديسمبر }لطالب(ة): إبراهيم محمد القاضي', 'plus', 1, NULL, 17, NULL),
(723, 579, 286, 'ديسمبر', 1000.00, 1000.00, 0.00, '2024-12-11 12:36:35', 'نقدي', 'الوكيل(ة): آمنة عابدين(46004029)  دفع(ت) الأشهر { ديسمبر }لطالب(ة): أم كلثوم محمد القاضي ', 'plus', 1, NULL, 17, NULL),
(724, 774, 286, 'ديسمبر', 1000.00, 1000.00, 0.00, '2024-12-11 12:36:43', 'نقدي', 'الوكيل(ة): آمنة عابدين(46004029)  دفع(ت) الأشهر { ديسمبر }لطالب(ة): منة محمد عابدين ', 'plus', 1, NULL, 17, NULL),
(725, 318, 156, 'أكتوبر, نوفمبر', 1400.00, 1400.00, 0.00, '2024-12-11 13:10:53', 'نقدي', 'الوكيل(ة): مليكة ماء العينين (48174343)  دفع(ت) الأشهر { أكتوبر, نوفمبر }لطالب(ة): محمد سالم الطيب ', 'plus', 1, NULL, 14, NULL),
(726, 334, 166, 'نوفمبر', 1000.00, 1000.00, 0.00, '2024-12-11 13:29:23', 'نقدي', 'الوكيل(ة): فاطمة ماء العينين (20600484)  دفع(ت) الأشهر { نوفمبر }لطالب(ة): زيدان الداهية ', 'plus', 1, NULL, 14, NULL),
(727, 465, 166, NULL, 0.00, 1000.00, 0.00, '2024-12-11 13:31:39', 'نقدي', 'الوكيل(ة): فاطمة ماء العينين (20600484) دفع(ت) { رسوم شهر 10-2024 }لطالب(ة): عيشة ادوم ', 'plus', 1, NULL, 14, NULL),
(728, 465, 166, NULL, 0.00, 500.00, 0.00, '2024-12-11 13:36:46', 'نقدي', 'الوكيل(ة): فاطمة ماء العينين (20600484) دفع(ت) { رسوم  10-2024 }لطالب(ة): عيشة ادوم ', 'plus', 1, NULL, 14, NULL),
(729, 305, 327, 'ديسمبر', 1000.00, 1000.00, 0.00, '2024-12-11 15:57:59', 'بنكي', 'الوكيل(ة): منينه سيدي عالي(46559396)  دفع(ت) الأشهر { ديسمبر }لطالب(ة): محمد مامبن ', 'plus', NULL, 1, 17, NULL),
(730, 628, 327, 'ديسمبر', 1200.00, 1200.00, 0.00, '2024-12-11 15:58:10', 'بنكي', 'الوكيل(ة): منينه سيدي عالي(46559396)  دفع(ت) الأشهر { ديسمبر }لطالب(ة): أم الفضل مامين ', 'plus', NULL, 1, 17, NULL),
(731, 630, 327, 'ديسمبر', 1200.00, 1200.00, 0.00, '2024-12-11 15:58:20', 'بنكي', 'الوكيل(ة): منينه سيدي عالي(46559396)  دفع(ت) الأشهر { ديسمبر }لطالب(ة): مريم مامين ', 'plus', NULL, 1, 17, NULL),
(732, 764, 327, 'ديسمبر', 1000.00, 1000.00, 0.00, '2024-12-11 15:58:32', 'بنكي', 'الوكيل(ة): منينه سيدي عالي(46559396)  دفع(ت) الأشهر { ديسمبر }لطالب(ة): محمد فاضل مامين', 'plus', NULL, 1, 17, NULL),
(733, 723, 380, 'ديسمبر', 1000.00, 1000.00, 0.00, '2024-12-11 16:01:14', 'بنكي', 'الوكيل(ة): زينب سيد محمد (43135418)  دفع(ت) الأشهر { ديسمبر }لطالب(ة): محمد الأمين محمد محمود', 'plus', NULL, 1, 17, NULL),
(734, 725, 380, 'ديسمبر', 1000.00, 1000.00, 0.00, '2024-12-11 16:02:41', 'بنكي', 'الوكيل(ة): زينب سيد محمد (43135418)  دفع(ت) الأشهر { ديسمبر }لطالب(ة): خيرات محمد محمود', 'plus', NULL, 1, 17, NULL),
(735, 757, NULL, 'نوفمبر', 1200.00, 1200.00, 0.00, '2024-12-11 16:06:38', 'بنكي', 'الطالب(ة) سدد(ت)  أنس أحمد الأشهر: { نوفمبر } ', 'plus', NULL, 1, 17, NULL),
(736, 593, NULL, 'ديسمبر', 1000.00, 1000.00, 0.00, '2024-12-11 16:08:35', 'نقدي', 'الطالب(ة) سدد(ت)  عبد الدائم أعمر محمد  الأشهر: { ديسمبر } ', 'plus', 1, NULL, 17, NULL),
(737, 793, 382, 'نوفمبر', 1000.00, 1000.00, 0.00, '2024-12-11 16:11:14', 'نقدي', 'الوكيل(ة): بادي  يسلم (32995441)  دفع(ت) الأشهر { نوفمبر }لطالب(ة): لمينة سيد محمد مولاي أعل ', 'plus', 1, NULL, 17, NULL),
(738, 728, 382, 'نوفمبر', 1000.00, 1000.00, 0.00, '2024-12-11 16:11:36', 'نقدي', 'الوكيل(ة): بادي  يسلم (32995441)  دفع(ت) الأشهر { نوفمبر }لطالب(ة): مولاي ارشيد سيدي محمد', 'plus', 1, NULL, 17, NULL),
(739, 803, 411, 'ديسمبر', 1000.00, 1000.00, 0.00, '2024-12-11 16:15:26', 'بنكي', 'الوكيل(ة): فاطمة النمين (32924092)  دفع(ت) الأشهر { ديسمبر }لطالب(ة): سيد عبد الله الناجي الحاج ابراهيم ', 'plus', NULL, 1, 17, NULL),
(740, 851, 411, 'ديسمبر', 1200.00, 1200.00, 0.00, '2024-12-11 16:19:56', 'بنكي', 'الوكيل(ة): فاطمة النمين (32924092)  دفع(ت) الأشهر { ديسمبر }لطالب(ة): المصطفى الناجي الحاج ابراهيم', 'plus', NULL, 1, 17, NULL),
(741, 565, 312, 'ديسمبر', 1000.00, 1000.00, 0.00, '2024-12-11 16:22:26', 'بنكي', 'الوكيل(ة): سيدي محمد(36345850)  دفع(ت) الأشهر { ديسمبر }لطالب(ة): محمد الامين سيد محمد', 'plus', NULL, 1, 17, NULL),
(742, 576, 312, 'ديسمبر', 600.00, 1000.00, 0.00, '2024-12-11 16:22:35', 'بنكي', 'الوكيل(ة): سيدي محمد(36345850)  دفع(ت) الأشهر { ديسمبر }لطالب(ة): ديدار سيدي محمد', 'plus', NULL, 1, 17, NULL),
(949, 644, 341, 'يناير', 1000.00, 1000.00, 0.00, '2024-12-17 20:52:58', 'نقدي', 'الوكيل(ة): الطالب محمد فال (20000653)  دفع(ت) الأشهر { يناير }لطالب(ة): خالد الطالب ', 'plus', 1, NULL, 1, NULL),
(950, 644, 341, 'يناير', 1000.00, 1000.00, 0.00, '2024-12-17 20:52:58', 'نقدي', 'الوكيل(ة): الطالب محمد فال (20000653)  دفع(ت) الأشهر { يناير }لطالب(ة): خالد الطالب ', 'plus', 1, NULL, 1, NULL),
(951, 644, 341, 'أبريل', 1000.00, 1000.00, 0.00, '2024-12-17 20:52:58', 'نقدي', 'الوكيل(ة): الطالب محمد فال (20000653)  دفع(ت) الأشهر { أبريل }لطالب(ة): خالد الطالب ', 'plus', 1, NULL, 1, NULL),
(952, 644, 341, 'أبريل', 1000.00, 1000.00, 0.00, '2024-12-17 20:52:58', 'نقدي', 'الوكيل(ة): الطالب محمد فال (20000653)  دفع(ت) الأشهر { أبريل }لطالب(ة): خالد الطالب ', 'plus', 1, NULL, 1, NULL),
(953, 647, 341, 'أبريل', 1000.00, 1000.00, 0.00, '2024-12-17 20:52:58', 'نقدي', 'الوكيل(ة): الطالب محمد فال (20000653)  دفع(ت) الأشهر { أبريل }لطالب(ة): باب الطالب', 'plus', 1, NULL, 1, NULL),
(954, 647, 341, 'أبريل', 1000.00, 1000.00, 0.00, '2024-12-17 20:52:58', 'نقدي', 'الوكيل(ة): الطالب محمد فال (20000653)  دفع(ت) الأشهر { أبريل }لطالب(ة): باب الطالب', 'plus', 1, NULL, 1, NULL),
(955, 644, 341, 'مايو', 1000.00, 1000.00, 0.00, '2024-12-17 20:55:52', 'نقدي', 'الوكيل(ة): الطالب محمد فال (20000653)  دفع(ت) الأشهر { مايو }لطالب(ة): خالد الطالب ', 'plus', 1, NULL, 1, NULL),
(956, 644, 341, 'مايو', 1000.00, 1000.00, 0.00, '2024-12-17 20:55:52', 'نقدي', 'الوكيل(ة): الطالب محمد فال (20000653)  دفع(ت) الأشهر { مايو }لطالب(ة): خالد الطالب ', 'plus', 1, NULL, 1, NULL),
(957, 644, 341, 'أغسطس', 1000.00, 1000.00, 0.00, '2024-12-17 20:55:52', 'نقدي', 'الوكيل(ة): الطالب محمد فال (20000653)  دفع(ت) الأشهر { أغسطس }لطالب(ة): خالد الطالب ', 'plus', 1, NULL, 1, NULL),
(958, 644, 341, 'أغسطس', 1000.00, 1000.00, 0.00, '2024-12-17 20:55:52', 'نقدي', 'الوكيل(ة): الطالب محمد فال (20000653)  دفع(ت) الأشهر { أغسطس }لطالب(ة): خالد الطالب ', 'plus', 1, NULL, 1, NULL),
(959, 647, 341, 'مايو', 1000.00, 1000.00, 0.00, '2024-12-17 20:55:52', 'نقدي', 'الوكيل(ة): الطالب محمد فال (20000653)  دفع(ت) الأشهر { مايو }لطالب(ة): باب الطالب', 'plus', 1, NULL, 1, NULL),
(960, 647, 341, 'مايو', 1000.00, 1000.00, 0.00, '2024-12-17 20:55:52', 'نقدي', 'الوكيل(ة): الطالب محمد فال (20000653)  دفع(ت) الأشهر { مايو }لطالب(ة): باب الطالب', 'plus', 1, NULL, 1, NULL),
(961, 647, 341, 'أغسطس', 1000.00, 1000.00, 0.00, '2024-12-17 20:55:52', 'نقدي', 'الوكيل(ة): الطالب محمد فال (20000653)  دفع(ت) الأشهر { أغسطس }لطالب(ة): باب الطالب', 'plus', 1, NULL, 1, NULL),
(962, 647, 341, 'أغسطس', 1000.00, 1000.00, 0.00, '2024-12-17 20:55:52', 'نقدي', 'الوكيل(ة): الطالب محمد فال (20000653)  دفع(ت) الأشهر { أغسطس }لطالب(ة): باب الطالب', 'plus', 1, NULL, 1, NULL),
(963, 644, 341, 'مارس', 1000.00, 1000.00, 0.00, '2024-12-17 20:56:20', 'نقدي', 'الوكيل(ة): الطالب محمد فال (20000653)  دفع(ت) الأشهر { مارس }لطالب(ة): خالد الطالب ', 'plus', 1, NULL, 1, NULL),
(964, 644, 341, 'مارس', 1000.00, 1000.00, 0.00, '2024-12-17 20:56:20', 'نقدي', 'الوكيل(ة): الطالب محمد فال (20000653)  دفع(ت) الأشهر { مارس }لطالب(ة): خالد الطالب ', 'plus', 1, NULL, 1, NULL),
(965, 644, 341, 'يونيو', 1000.00, 1000.00, 0.00, '2024-12-17 20:56:20', 'نقدي', 'الوكيل(ة): الطالب محمد فال (20000653)  دفع(ت) الأشهر { يونيو }لطالب(ة): خالد الطالب ', 'plus', 1, NULL, 1, NULL),
(966, 644, 341, 'يونيو', 1000.00, 1000.00, 0.00, '2024-12-17 20:56:20', 'نقدي', 'الوكيل(ة): الطالب محمد فال (20000653)  دفع(ت) الأشهر { يونيو }لطالب(ة): خالد الطالب ', 'plus', 1, NULL, 1, NULL),
(967, 647, 341, 'مارس', 1000.00, 1000.00, 0.00, '2024-12-17 20:56:20', 'نقدي', 'الوكيل(ة): الطالب محمد فال (20000653)  دفع(ت) الأشهر { مارس }لطالب(ة): باب الطالب', 'plus', 1, NULL, 1, NULL),
(968, 647, 341, 'مارس', 1000.00, 1000.00, 0.00, '2024-12-17 20:56:20', 'نقدي', 'الوكيل(ة): الطالب محمد فال (20000653)  دفع(ت) الأشهر { مارس }لطالب(ة): باب الطالب', 'plus', 1, NULL, 1, NULL),
(969, 647, 341, 'يونيو', 1000.00, 1000.00, 0.00, '2024-12-17 20:56:20', 'نقدي', 'الوكيل(ة): الطالب محمد فال (20000653)  دفع(ت) الأشهر { يونيو }لطالب(ة): باب الطالب', 'plus', 1, NULL, 1, NULL),
(970, 647, 341, 'يونيو', 1000.00, 1000.00, 0.00, '2024-12-17 20:56:20', 'نقدي', 'الوكيل(ة): الطالب محمد فال (20000653)  دفع(ت) الأشهر { يونيو }لطالب(ة): باب الطالب', 'plus', 1, NULL, 1, NULL),
(971, 644, 341, 'يوليو', 1000.00, 1000.00, 0.00, '2024-12-17 21:07:57', 'نقدي', 'الوكيل(ة): الطالب محمد فال (20000653)  دفع(ت) الأشهر { يوليو }لطالب(ة): خالد الطالب ', 'plus', 1, NULL, 1, NULL),
(972, 644, 341, 'يوليو', 1000.00, 1000.00, 0.00, '2024-12-17 21:07:57', 'نقدي', 'الوكيل(ة): الطالب محمد فال (20000653)  دفع(ت) الأشهر { يوليو }لطالب(ة): خالد الطالب ', 'plus', 1, NULL, 1, NULL),
(973, 644, 341, 'سبتمبر', 1000.00, 1000.00, 0.00, '2024-12-17 21:07:57', 'نقدي', 'الوكيل(ة): الطالب محمد فال (20000653)  دفع(ت) الأشهر { سبتمبر }لطالب(ة): خالد الطالب ', 'plus', 1, NULL, 1, NULL),
(974, 644, 341, 'سبتمبر', 1000.00, 1000.00, 0.00, '2024-12-17 21:07:57', 'نقدي', 'الوكيل(ة): الطالب محمد فال (20000653)  دفع(ت) الأشهر { سبتمبر }لطالب(ة): خالد الطالب ', 'plus', 1, NULL, 1, NULL),
(975, 647, 341, 'يوليو', 1000.00, 1000.00, 0.00, '2024-12-17 21:07:57', 'نقدي', 'الوكيل(ة): الطالب محمد فال (20000653)  دفع(ت) الأشهر { يوليو }لطالب(ة): باب الطالب', 'plus', 1, NULL, 1, NULL),
(976, 647, 341, 'يوليو', 1000.00, 1000.00, 0.00, '2024-12-17 21:07:57', 'نقدي', 'الوكيل(ة): الطالب محمد فال (20000653)  دفع(ت) الأشهر { يوليو }لطالب(ة): باب الطالب', 'plus', 1, NULL, 1, NULL),
(977, 647, 341, 'سبتمبر', 1000.00, 1000.00, 0.00, '2024-12-17 21:07:57', 'نقدي', 'الوكيل(ة): الطالب محمد فال (20000653)  دفع(ت) الأشهر { سبتمبر }لطالب(ة): باب الطالب', 'plus', 1, NULL, 1, NULL),
(978, 647, 341, 'سبتمبر', 1000.00, 1000.00, 0.00, '2024-12-17 21:07:57', 'نقدي', 'الوكيل(ة): الطالب محمد فال (20000653)  دفع(ت) الأشهر { سبتمبر }لطالب(ة): باب الطالب', 'plus', 1, NULL, 1, NULL),
(979, 644, 341, 'يوليو', 1000.00, 1000.00, 0.00, '2024-12-17 21:16:39', 'نقدي', 'الوكيل(ة): الطالب محمد فال (20000653)  دفع(ت) الأشهر { يوليو }لطالب(ة): خالد الطالب ', 'plus', 1, NULL, 1, NULL),
(980, 644, 341, 'يوليو', 1000.00, 1000.00, 0.00, '2024-12-17 21:16:39', 'نقدي', 'الوكيل(ة): الطالب محمد فال (20000653)  دفع(ت) الأشهر { يوليو }لطالب(ة): خالد الطالب ', 'plus', 1, NULL, 1, NULL),
(981, 644, 341, 'أغسطس', 1000.00, 1000.00, 0.00, '2024-12-17 21:16:39', 'نقدي', 'الوكيل(ة): الطالب محمد فال (20000653)  دفع(ت) الأشهر { أغسطس }لطالب(ة): خالد الطالب ', 'plus', 1, NULL, 1, NULL),
(982, 644, 341, 'أغسطس', 1000.00, 1000.00, 0.00, '2024-12-17 21:16:39', 'نقدي', 'الوكيل(ة): الطالب محمد فال (20000653)  دفع(ت) الأشهر { أغسطس }لطالب(ة): خالد الطالب ', 'plus', 1, NULL, 1, NULL),
(983, 647, 341, 'يوليو', 1000.00, 1000.00, 0.00, '2024-12-17 21:16:40', 'نقدي', 'الوكيل(ة): الطالب محمد فال (20000653)  دفع(ت) الأشهر { يوليو }لطالب(ة): باب الطالب', 'plus', 1, NULL, 1, NULL),
(984, 647, 341, 'يوليو', 1000.00, 1000.00, 0.00, '2024-12-17 21:16:40', 'نقدي', 'الوكيل(ة): الطالب محمد فال (20000653)  دفع(ت) الأشهر { يوليو }لطالب(ة): باب الطالب', 'plus', 1, NULL, 1, NULL),
(985, 647, 341, 'أغسطس', 1000.00, 1000.00, 0.00, '2024-12-17 21:16:40', 'نقدي', 'الوكيل(ة): الطالب محمد فال (20000653)  دفع(ت) الأشهر { أغسطس }لطالب(ة): باب الطالب', 'plus', 1, NULL, 1, NULL),
(986, 647, 341, 'أغسطس', 1000.00, 1000.00, 0.00, '2024-12-17 21:16:40', 'نقدي', 'الوكيل(ة): الطالب محمد فال (20000653)  دفع(ت) الأشهر { أغسطس }لطالب(ة): باب الطالب', 'plus', 1, NULL, 1, NULL),
(987, 644, 341, 'يوليو', 1000.00, 0.00, 1000.00, '2024-12-17 21:28:27', 'نقدي', 'الوكيل(ة): الطالب محمد فال (20000653)  دفع(ت) الأشهر { يوليو,أغسطس } ', 'plus', 1, NULL, 1, NULL),
(988, 644, 341, 'يوليو', 1000.00, 0.00, 1000.00, '2024-12-17 21:28:27', 'نقدي', 'الوكيل(ة): الطالب محمد فال (20000653)  دفع(ت) الأشهر { يوليو,أغسطس } ', 'plus', 1, NULL, 1, NULL),
(989, 644, 341, 'أغسطس', 1000.00, 0.00, 1000.00, '2024-12-17 21:28:27', 'نقدي', 'الوكيل(ة): الطالب محمد فال (20000653)  دفع(ت) الأشهر { يوليو,أغسطس } ', 'plus', 1, NULL, 1, NULL),
(990, 644, 341, 'أغسطس', 1000.00, 0.00, 1000.00, '2024-12-17 21:28:27', 'نقدي', 'الوكيل(ة): الطالب محمد فال (20000653)  دفع(ت) الأشهر { يوليو,أغسطس } ', 'plus', 1, NULL, 1, NULL),
(991, 647, 341, 'يوليو', 1000.00, 0.00, 1000.00, '2024-12-17 21:28:27', 'نقدي', 'الوكيل(ة): الطالب محمد فال (20000653)  دفع(ت) الأشهر { يوليو,أغسطس } ', 'plus', 1, NULL, 1, NULL),
(1017, 644, 341, 'نوفمبر', 1000.00, 1000.00, 0.00, '2024-12-18 20:41:41', 'نقدي', 'الوكيل(ة): الطالب محمد فال (20000653)  دفع(ت) الأشهر { نوفمبر }لطالب(ة): خالد الطالب ', 'plus', 1, NULL, 1, NULL),
(1018, 644, 341, 'نوفمبر', 1000.00, 1000.00, 0.00, '2024-12-18 20:41:41', 'نقدي', 'الوكيل(ة): الطالب محمد فال (20000653)  دفع(ت) الأشهر { نوفمبر }لطالب(ة): خالد الطالب ', 'plus', 1, NULL, 1, NULL),
(1019, 647, 341, 'نوفمبر', 1000.00, 1000.00, 0.00, '2024-12-18 20:41:41', 'نقدي', 'الوكيل(ة): الطالب محمد فال (20000653)  دفع(ت) الأشهر { نوفمبر }لطالب(ة): باب الطالب', 'plus', 1, NULL, 1, NULL),
(1020, 647, 341, 'نوفمبر', 1000.00, 1000.00, 0.00, '2024-12-18 20:41:41', 'نقدي', 'الوكيل(ة): الطالب محمد فال (20000653)  دفع(ت) الأشهر { نوفمبر }لطالب(ة): باب الطالب', 'plus', 1, NULL, 1, NULL),
(1021, 644, 341, 'فبراير', 1000.00, 0.00, 1000.00, '2024-12-18 21:00:59', 'نقدي', 'الوكيل(ة): الطالب محمد فال (20000653)  دفع(ت) الأشهر { فبراير }لطالب(ة): خالد الطالب ', 'plus', 1, NULL, 1, NULL),
(1022, 644, 341, 'فبراير', 1000.00, 0.00, 1000.00, '2024-12-18 21:00:59', 'نقدي', 'الوكيل(ة): الطالب محمد فال (20000653)  دفع(ت) الأشهر { فبراير }لطالب(ة): خالد الطالب ', 'plus', 1, NULL, 1, NULL),
(1023, 647, 341, 'فبراير', 1000.00, 0.00, 1000.00, '2024-12-18 21:00:59', 'نقدي', 'الوكيل(ة): الطالب محمد فال (20000653)  دفع(ت) الأشهر { فبراير }لطالب(ة): باب الطالب', 'plus', 1, NULL, 1, NULL),
(1024, 647, 341, 'فبراير', 1000.00, 0.00, 1000.00, '2024-12-18 21:00:59', 'نقدي', 'الوكيل(ة): الطالب محمد فال (20000653)  دفع(ت) الأشهر { فبراير }لطالب(ة): باب الطالب', 'plus', 1, NULL, 1, NULL),
(1025, 644, 341, 'يناير', 1000.00, 1000.00, 0.00, '2024-12-18 21:02:07', 'نقدي', 'الوكيل(ة): الطالب محمد فال (20000653)  دفع(ت) الأشهر { يناير }لطالب(ة): خالد الطالب ', 'plus', 1, NULL, 1, NULL),
(1026, 644, 341, 'يناير', 1000.00, 1000.00, 0.00, '2024-12-18 21:02:07', 'نقدي', 'الوكيل(ة): الطالب محمد فال (20000653)  دفع(ت) الأشهر { يناير }لطالب(ة): خالد الطالب ', 'plus', 1, NULL, 1, NULL),
(1027, 647, 341, 'يناير', 1000.00, 0.00, 1000.00, '2024-12-18 21:02:07', 'نقدي', 'الوكيل(ة): الطالب محمد فال (20000653)  دفع(ت) الأشهر { يناير }لطالب(ة): باب الطالب', 'plus', 1, NULL, 1, NULL),
(1028, 647, 341, 'يناير', 1000.00, 0.00, 1000.00, '2024-12-18 21:02:07', 'نقدي', 'الوكيل(ة): الطالب محمد فال (20000653)  دفع(ت) الأشهر { يناير }لطالب(ة): باب الطالب', 'plus', 1, NULL, 1, NULL),
(1029, 644, 341, 'أبريل', 1000.00, 1000.00, 0.00, '2024-12-18 21:03:08', 'نقدي', 'الوكيل(ة): الطالب محمد فال (20000653)  دفع(ت) الأشهر { أبريل }لطالب(ة): خالد الطالب ', 'plus', 1, NULL, 1, NULL),
(1030, 644, 341, 'أبريل', 1000.00, 1000.00, 0.00, '2024-12-18 21:03:08', 'نقدي', 'الوكيل(ة): الطالب محمد فال (20000653)  دفع(ت) الأشهر { أبريل }لطالب(ة): خالد الطالب ', 'plus', 1, NULL, 1, NULL),
(1031, 647, 341, 'أبريل', 1000.00, 800.00, 200.00, '2024-12-18 21:03:08', 'نقدي', 'الوكيل(ة): الطالب محمد فال (20000653)  دفع(ت) الأشهر { أبريل }لطالب(ة): باب الطالب', 'plus', 1, NULL, 1, NULL),
(1032, 647, 341, 'أبريل', 1000.00, 800.00, 200.00, '2024-12-18 21:03:08', 'نقدي', 'الوكيل(ة): الطالب محمد فال (20000653)  دفع(ت) الأشهر { أبريل }لطالب(ة): باب الطالب', 'plus', 1, NULL, 1, NULL),
(1033, 647, 341, 'مايو', 1000.00, 1000.00, 0.00, '2024-12-18 21:04:00', 'نقدي', 'الوكيل(ة): الطالب محمد فال (20000653)  دفع(ت) الأشهر { مايو }لطالب(ة): باب الطالب', 'plus', 1, NULL, 1, NULL),
(1034, 644, 341, 'مايو', 1000.00, 1000.00, 0.00, '2024-12-18 21:04:14', 'نقدي', 'الوكيل(ة): الطالب محمد فال (20000653)  دفع(ت) الأشهر { مايو }لطالب(ة): خالد الطالب ', 'plus', 1, NULL, 1, NULL),
(1035, 644, 341, 'مايو', 1000.00, 1000.00, 0.00, '2024-12-18 21:04:14', 'نقدي', 'الوكيل(ة): الطالب محمد فال (20000653)  دفع(ت) الأشهر { مايو }لطالب(ة): خالد الطالب ', 'plus', 1, NULL, 1, NULL),
(1036, 644, 341, 'أغسطس', 1000.00, 1000.00, 0.00, '2024-12-18 21:04:14', 'نقدي', 'الوكيل(ة): الطالب محمد فال (20000653)  دفع(ت) الأشهر { أغسطس }لطالب(ة): خالد الطالب ', 'plus', 1, NULL, 1, NULL),
(1037, 644, 341, 'أغسطس', 1000.00, 1000.00, 0.00, '2024-12-18 21:04:14', 'نقدي', 'الوكيل(ة): الطالب محمد فال (20000653)  دفع(ت) الأشهر { أغسطس }لطالب(ة): خالد الطالب ', 'plus', 1, NULL, 1, NULL),
(1038, 647, 341, 'أغسطس', 1000.00, 800.00, 200.00, '2024-12-18 21:04:14', 'نقدي', 'الوكيل(ة): الطالب محمد فال (20000653)  دفع(ت) الأشهر { أغسطس }لطالب(ة): باب الطالب', 'plus', 1, NULL, 1, NULL),
(1039, 647, 341, 'أغسطس', 1000.00, 800.00, 200.00, '2024-12-18 21:04:14', 'نقدي', 'الوكيل(ة): الطالب محمد فال (20000653)  دفع(ت) الأشهر { أغسطس }لطالب(ة): باب الطالب', 'plus', 1, NULL, 1, NULL),
(1042, 644, 341, NULL, 0.00, 1000.00, 0.00, '2024-12-19 00:23:54', 'نقدي', 'الوكيل(ة): الطالب محمد فال (20000653)  سدد(ت) متأخرات  لطالب(ة): خالد الطالب ', 'plus', 1, NULL, 1, NULL),
(1043, 644, 341, NULL, 0.00, 1000.00, 0.00, '2024-12-19 00:23:54', 'نقدي', 'الوكيل(ة): الطالب محمد فال (20000653)  سدد(ت) متأخرات  لطالب(ة): خالد الطالب ', 'plus', 1, NULL, 1, NULL),
(1044, 647, 341, NULL, 0.00, 2000.00, 0.00, '2024-12-19 00:23:54', 'نقدي', 'الوكيل(ة): الطالب محمد فال (20000653)  سدد(ت) متأخرات  لطالب(ة): باب الطالب', 'plus', 1, NULL, 1, NULL),
(1045, 647, 341, NULL, 0.00, 2000.00, 0.00, '2024-12-19 00:23:54', 'نقدي', 'الوكيل(ة): الطالب محمد فال (20000653)  سدد(ت) متأخرات  لطالب(ة): باب الطالب', 'plus', 1, NULL, 1, NULL),
(1046, 647, 341, NULL, 0.00, 200.00, 0.00, '2024-12-19 00:24:32', 'نقدي', 'الوكيل(ة): الطالب محمد فال (20000653)  سدد(ت) متأخرات  لطالب(ة): باب الطالب', 'plus', 1, NULL, 1, NULL),
(1047, 647, 341, NULL, 0.00, 200.00, 0.00, '2024-12-19 00:24:32', 'نقدي', 'الوكيل(ة): الطالب محمد فال (20000653)  سدد(ت) متأخرات  لطالب(ة): باب الطالب', 'plus', 1, NULL, 1, NULL);

-- --------------------------------------------------------

--
-- Structure de la table `donate_accounts`
--

CREATE TABLE `donate_accounts` (
  `id` int(11) NOT NULL,
  `account_number` varchar(50) NOT NULL,
  `account_name` varchar(100) NOT NULL,
  `category` varchar(50) NOT NULL,
  `created_at` timestamp NOT NULL DEFAULT current_timestamp(),
  `account_balance` decimal(10,2) DEFAULT 0.00
) ENGINE=InnoDB DEFAULT CHARSET=utf8mb4 COLLATE=utf8mb4_unicode_ci;

--
-- Déchargement des données de la table `donate_accounts`
--

INSERT INTO `donate_accounts` (`id`, `account_number`, `account_name`, `category`, `created_at`, `account_balance`) VALUES
(10004, '7001', 'كفالة حلقة قرآنية', 'الكفالات', '2024-12-03 13:51:01', 13000.00);

-- --------------------------------------------------------

--
-- Structure de la table `donate_transactions`
--

CREATE TABLE `donate_transactions` (
  `id` int(11) NOT NULL,
  `donate_account_id` int(11) NOT NULL,
  `transaction_description` varchar(255) NOT NULL,
  `amount` decimal(10,2) NOT NULL,
  `payment_method` enum('نقدي','بنكي') NOT NULL,
  `bank_id` int(11) DEFAULT NULL,
  `transaction_date` timestamp NOT NULL DEFAULT current_timestamp()
) ENGINE=InnoDB DEFAULT CHARSET=utf8mb4 COLLATE=utf8mb4_general_ci;

--
-- Déchargement des données de la table `donate_transactions`
--

INSERT INTO `donate_transactions` (`id`, `donate_account_id`, `transaction_description`, `amount`, `payment_method`, `bank_id`, `transaction_date`) VALUES
(5, 10004, 'كفالة حلقة المتميزون القرآنية شهر نوفمبر 2024', 10000.00, 'بنكي', 1, '2024-12-03 13:56:57');

-- --------------------------------------------------------

--
-- Structure de la table `employees`
--

CREATE TABLE `employees` (
  `id` int(11) NOT NULL,
  `employee_number` int(11) NOT NULL,
  `full_name` varchar(255) NOT NULL,
  `balance` decimal(10,2) NOT NULL,
  `phone` varchar(8) NOT NULL,
  `job_id` int(11) NOT NULL,
  `salary` decimal(10,2) NOT NULL,
  `subscription_date` date NOT NULL,
  `id_number` varchar(10) NOT NULL
) ENGINE=InnoDB DEFAULT CHARSET=utf8mb4 COLLATE=utf8mb4_general_ci;

--
-- Déchargement des données de la table `employees`
--

INSERT INTO `employees` (`id`, `employee_number`, `full_name`, `balance`, `phone`, `job_id`, `salary`, `subscription_date`, `id_number`) VALUES
(15, 4201, 'امحمد أحمدو امباله', -14350.00, '26056959', 1, 15000.00, '2016-01-01', '2620322402'),
(16, 4202, 'محمد الشيخ أحمد فال', 50.00, '37137315', 3, 9000.00, '2024-11-01', '0180798786'),
(17, 4203, 'محمد أبوبكر ', 0.00, '26789858', 3, 13000.00, '2024-10-01', '8301635585'),
(18, 4244, 'محمد الحسن محفوظ', 0.00, '33378734', 3, 5000.00, '2024-10-01', '0589439319'),
(19, 4245, 'عبد الودود أحمد باب', 0.00, '49776249', 3, 11000.00, '2024-10-01', '7260355232'),
(20, 4245, 'محمد عبد الله بركه', 0.00, '34123178', 4, 6500.00, '2024-10-01', '0987384923'),
(21, 4246, 'عبد الحميد بركه', 0.00, '37198255', 4, 5500.00, '2024-10-01', '8330747419'),
(22, 4247, 'منة ودادي', 0.00, '47108225', 4, 4000.00, '2024-11-01', '8076295661'),
(23, 4248, 'إدوم باباه', -4500.00, '37302017', 4, 4500.00, '2024-11-01', '7381381550'),
(24, 4249, 'محمد إدوم السالم ', 0.00, '20202300', 1, 15000.00, '2024-11-01', '4646828166'),
(25, 4250, 'محمد محمود محمد ', -12000.00, '44542410', 3, 13000.00, '2024-11-01', '9072313001'),
(26, 4251, 'حمودى / امّدَّ / اجّوَّ', -10000.00, '28666090', 3, 10000.00, '2024-11-01', '7484452489'),
(27, 4252, 'سيدي محمد باب', 0.00, '20203828', 3, 12000.00, '2024-11-01', '7227436633'),
(28, 4253, 'سيداحمد ولد محمد المصطفى', 0.00, '33273787', 3, 5000.00, '2024-10-27', '4581886375'),
(29, 4254, 'يحيى الشيخ الخليفة', 4500.00, '26511001', 1, 15000.00, '2024-08-01', '0000000000'),
(30, 4255, 'محمد عبدو ', 0.00, '43284318', 3, 9000.00, '2024-11-01', '0000000000'),
(31, 4256, 'عمر أن محمود', 200.00, '46783187', 3, 15000.00, '2024-11-01', '0000000000'),
(32, 4257, 'محمد ولد عبد القادر', 0.00, '41949635', 3, 12000.00, '2024-11-01', '0000000000'),
(33, 4258, 'زينب ', 0.00, '27500072', 3, 6000.00, '2024-11-01', '0000000000'),
(35, 4260, 'محمد العاقب الامام', 0.00, '48544378', 3, 8000.00, '2024-11-01', '9138938421'),
(36, 4261, 'فاطمة ابراهيم', 0.00, '49791112', 3, 6000.00, '2024-11-01', '0000000000'),
(38, 4263, 'سيد محمد المصطفى', 0.00, '32105046', 3, 13000.00, '2024-11-01', '0000000000'),
(40, 4264, 'اسلم اميليد', 0.00, '38024556', 4, 5500.00, '2024-10-31', '1234567891'),
(41, 4265, 'مريم امباله ', -6900.00, '48551111', 3, 8000.00, '2024-10-26', '1235678910'),
(43, 62045, '  أحمد محفوظ   أعميرة ', -10000.00, '31452745', 3, 10000.00, '2024-11-11', '1234568792'),
(44, 4264, 'القاسم يسلم ', -11500.00, '42658740', 3, 12000.00, '2024-11-01', '3267989074'),
(45, 4265, 'اطول عمر سيدي محمد ', 0.00, '41771311', 3, 8000.00, '2024-11-01', '6884308927'),
(46, 4266, 'حدمين سيدي عالي', 0.00, '43733853', 3, 10000.00, '2024-11-18', '0000000000'),
(47, 4267, 'يحيى محمد احمد  محم', 0.00, '47345459', 2, 7000.00, '2024-11-05', '0000000000'),
(48, 62046, 'البكاي الكنتي لخديم ', -4000.00, '26370821', 3, 10000.00, '2024-11-01', '0228738514'),
(49, 62047, 'محمد محمد عالي الشيخ ', 0.00, '36028933', 3, 8000.00, '2024-11-01', '1319947483'),
(50, 62048, 'نزيهة محمدو مرحبه', -8000.00, '32099191', 3, 8000.00, '2024-11-01', '1235164851'),
(51, 62049, 'مريم سيدي ', 0.00, '27981173', 3, 9000.00, '2024-11-01', '9876541235'),
(52, 62050, 'ميمونة محمد سالم ', 0.00, '36166545', 3, 10000.00, '2024-11-01', '9765412388'),
(53, 62051, 'احمد ديدة محمد الأمين ', 0.00, '26926795', 1, 10000.00, '2024-11-01', '6541239871'),
(54, 62052, 'الشيخ أحمد ينج', 0.00, '27258866', 3, 5000.00, '2024-11-01', '9415313634'),
(55, 62053, 'اسلم امباله', 0.00, '46858551', 1, 8500.00, '2024-11-01', '2568453155'),
(56, 62054, 'محمد أعل محمود   *حمد*', -3200.00, '31489026', 2, 6000.00, '2024-11-01', '0564777845'),
(57, 62055, 'عبد الرحمن الشيخ أحمد ', -3000.00, '41826263', 1, 15000.00, '2024-11-01', '0000000000'),
(59, 62056, 'السيد محمد ', 0.00, '34125512', 3, 10000.00, '2024-12-09', '0000000000'),
(60, 62057, 'محمد الأمين محمد فاضل', 23000.00, '26604450', 1, 15000.00, '2024-12-01', '7934478460');

-- --------------------------------------------------------

--
-- Structure de la table `expense_accounts`
--

CREATE TABLE `expense_accounts` (
  `id` int(11) NOT NULL,
  `account_number` varchar(255) NOT NULL,
  `account_name` varchar(255) NOT NULL,
  `category` varchar(255) NOT NULL,
  `created_at` timestamp NOT NULL DEFAULT current_timestamp(),
  `account_balance` decimal(10,2) NOT NULL DEFAULT 0.00
) ENGINE=InnoDB DEFAULT CHARSET=utf8mb4 COLLATE=utf8mb4_general_ci;

--
-- Déchargement des données de la table `expense_accounts`
--

INSERT INTO `expense_accounts` (`id`, `account_number`, `account_name`, `category`, `created_at`, `account_balance`) VALUES
(1, '6201', 'الكهرباء', 'فواتير', '2024-11-18 22:37:24', -9327.00),
(12, '6202', 'محل يام يام ', ' ', '2024-11-21 06:49:49', -4500.00),
(13, '6203', 'المسمكة', ' ', '2024-11-21 06:50:08', 0.00),
(14, '6204', 'المشتريات ', ' ', '2024-11-21 06:50:30', -82520.00),
(15, '6205', 'الصيانة و الأدوات ', ' ', '2024-11-25 18:18:34', -720.00),
(16, '6206', 'الانترنت و الإتصالات', ' ', '2024-11-25 20:02:14', -200.00),
(17, '6207', 'القمامة - والتنظيف', ' ', '2024-11-26 11:45:32', -200.00),
(18, '6208', 'المصاريف اليومية و النقل', ' ', '2024-11-26 11:45:32', -100.00),
(19, '6209', 'الإيجار', 'الإيجار', '2024-12-03 01:18:00', -12500.00),
(20, '6210', 'الأجور ', 'الأجور ', '2024-12-03 12:40:13', -11930.00),
(21, '6211', 'المركزي', 'الأصول الثابتة ', '2024-12-03 14:40:00', -50000.00);

-- --------------------------------------------------------

--
-- Structure de la table `expense_transaction`
--

CREATE TABLE `expense_transaction` (
  `id` int(11) NOT NULL,
  `expense_account_id` int(11) NOT NULL,
  `transaction_description` varchar(255) NOT NULL,
  `amount` decimal(10,2) NOT NULL,
  `payment_method` enum('نقدي','بنكي') NOT NULL,
  `bank_id` int(11) DEFAULT NULL,
  `transaction_date` timestamp NOT NULL DEFAULT current_timestamp()
) ENGINE=InnoDB DEFAULT CHARSET=utf8mb4 COLLATE=utf8mb4_general_ci;

--
-- Déchargement des données de la table `expense_transaction`
--

INSERT INTO `expense_transaction` (`id`, `expense_account_id`, `transaction_description`, `amount`, `payment_method`, `bank_id`, `transaction_date`) VALUES
(49, 12, ' من مصاريف أسوع 16--20', 1500.00, 'نقدي', NULL, '2024-11-21 07:09:35'),
(50, 12, 'نزع من فاتورة 16---20', 1500.00, 'نقدي', NULL, '2024-11-23 07:44:02'),
(51, 14, 'الشعرية ', 340.00, 'نقدي', NULL, '2024-11-23 07:44:25'),
(52, 12, 'بنكيلي الحاج /  تكملة مصاريف أسبوع 16-20', 1500.00, 'نقدي', NULL, '2024-11-24 18:41:27'),
(53, 14, 'بنكيلي الحاج - 20من طرف المدير العام النفقة ', 6810.00, 'نقدي', NULL, '2024-11-24 18:42:21'),
(54, 1, 'كهرباء المركزي', 1000.00, 'بنكي', 1, '2024-11-24 20:08:32'),
(55, 1, 'كهرباء المركزي', 1000.00, 'بنكي', 1, '2024-11-24 20:08:40'),
(56, 1, 'كهرباء المركزي', 1000.00, 'بنكي', 1, '2024-11-24 20:08:52'),
(57, 15, '2-امبول ليد 50', 200.00, 'نقدي', NULL, '2024-11-25 18:20:15'),
(58, 16, 'رصيد هات المراقب', 200.00, 'نقدي', NULL, '2024-11-25 20:02:50'),
(59, 17, 'القمامة ', 50.00, 'نقدي', NULL, '2024-11-26 11:46:02'),
(60, 15, 'مطولة 5متر ', 150.00, 'نقدي', NULL, '2024-11-26 11:46:46'),
(61, 14, 'مشروبات لصالح المهندسين ', 100.00, 'نقدي', NULL, '2024-11-30 09:56:19'),
(62, 17, 'نقل قمامة المركزي - والبنات ', 150.00, 'نقدي', NULL, '2024-11-30 12:04:57'),
(63, 18, 'نقل عبد الحميد  - ', 50.00, 'نقدي', NULL, '2024-11-30 21:26:26'),
(64, 19, 'إيجار البنين 1', 6000.00, 'بنكي', 1, '2024-12-03 01:19:19'),
(65, 19, 'إيجار التهجي', 6500.00, 'بنكي', 1, '2024-12-03 01:20:02'),
(66, 1, 'كهرباء المركزي', 6327.00, 'بنكي', 1, '2024-12-03 01:21:21'),
(67, 14, 'فورتي كيت', 11000.00, 'بنكي', 1, '2024-12-03 01:26:16'),
(68, 14, 'كوفر + كاميرات ولوجستيات مع التركيب ', 60000.00, 'بنكي', 1, '2024-12-03 01:27:13'),
(69, 20, 'راتب محمدمحمد عالي | صدى القراء', 8000.00, 'نقدي', NULL, '2024-12-03 12:41:31'),
(70, 21, 'الدفعة 12', 50000.00, 'بنكي', 1, '2024-12-03 14:42:02'),
(71, 15, 'حساب : الصيانة و الأدوات  -{ إصلاح الكهرباء - وشراء المصابيح  }-', 270.00, 'نقدي', NULL, '2024-12-04 18:42:13'),
(72, 14, 'حساب : المشتريات  -{ كدو+كاز+ }-', 200.00, 'نقدي', NULL, '2024-12-08 09:55:20'),
(73, 14, 'حساب : المشتريات  -{ أواني  }-', 4020.00, 'نقدي', NULL, '2024-12-09 09:36:37'),
(74, 20, 'حساب : الأجور  -{ لصالح حمد السفرة  }-', 3500.00, 'نقدي', NULL, '2024-12-09 09:38:51'),
(75, 15, 'حساب : الصيانة و الأدوات  -{ إصلاح مقعد إدارة الدروس  }-', 100.00, 'نقدي', NULL, '2024-12-09 17:03:30'),
(76, 14, 'حساب : المشتريات  -{ مشتريات متفرقة  }-', 50.00, 'نقدي', NULL, '2024-12-09 17:04:15'),
(77, 20, 'حساب : الأجور  -{ الموظف حدمين - تكملة 13-يوم  }-', 430.00, 'نقدي', NULL, '2024-12-09 17:22:27');

-- --------------------------------------------------------

--
-- Structure de la table `fire_employee`
--

CREATE TABLE `fire_employee` (
  `id` int(11) NOT NULL,
  `employee_id` int(11) NOT NULL,
  `employee_name` varchar(255) NOT NULL,
  `subscription_date` date NOT NULL,
  `reason` varchar(500) NOT NULL,
  `financial_receivables` varchar(255) NOT NULL,
  `fire_date` date NOT NULL DEFAULT curdate()
) ENGINE=InnoDB DEFAULT CHARSET=utf8mb4 COLLATE=utf8mb4_general_ci;

-- --------------------------------------------------------

--
-- Structure de la table `funds`
--

CREATE TABLE `funds` (
  `id` int(11) NOT NULL,
  `fund_name` varchar(255) NOT NULL,
  `balance` decimal(10,2) NOT NULL DEFAULT 0.00
) ENGINE=InnoDB DEFAULT CHARSET=utf8mb4 COLLATE=utf8mb4_general_ci;

--
-- Déchargement des données de la table `funds`
--

INSERT INTO `funds` (`id`, `fund_name`, `balance`) VALUES
(1, 'الصندوق', 193289.99);

-- --------------------------------------------------------

--
-- Structure de la table `jobs`
--

CREATE TABLE `jobs` (
  `id` int(11) NOT NULL,
  `job_name` varchar(255) NOT NULL
) ENGINE=InnoDB DEFAULT CHARSET=utf8mb4 COLLATE=utf8mb4_general_ci;

--
-- Déchargement des données de la table `jobs`
--

INSERT INTO `jobs` (`id`, `job_name`) VALUES
(1, 'إداري'),
(2, 'مراقب (ة)'),
(3, 'أستاذ (ة)'),
(4, 'عامل (ة)');

-- --------------------------------------------------------

--
-- Structure de la table `levels`
--

CREATE TABLE `levels` (
  `id` int(11) NOT NULL,
  `level_name` varchar(255) NOT NULL,
  `price` decimal(10,2) NOT NULL,
  `created_at` timestamp NOT NULL DEFAULT current_timestamp()
) ENGINE=InnoDB DEFAULT CHARSET=utf8mb4 COLLATE=utf8mb4_general_ci;

--
-- Déchargement des données de la table `levels`
--

INSERT INTO `levels` (`id`, `level_name`, `price`, `created_at`) VALUES
(12, 'التهجي', 1000.00, '2024-11-18 11:05:42'),
(13, 'من 1 حتى  10 أحزاب', 1200.00, '2024-11-18 11:43:45'),
(14, 'من10 إلى 30 حزبا', 1500.00, '2024-11-18 16:46:21'),
(15, 'من 30 إلى 60 حزبا', 2000.00, '2024-11-18 16:48:54'),
(16, 'النصوص المحظرية', 1500.00, '2024-11-18 16:49:38'),
(17, 'السكن الجزئي', 3000.00, '2024-11-18 16:52:01'),
(18, 'السكن الكلي', 4500.00, '2024-11-18 16:54:47'),
(19, 'من 60 حتى أخذ السند', 2500.00, '2024-11-18 17:07:32'),
(20, 'مقرأة المنارة والرباط للتعليم عن بعد ', 1000.00, '2024-11-18 18:13:02');

-- --------------------------------------------------------

--
-- Structure de la table `months_not_paid`
--

CREATE TABLE `months_not_paid` (
  `id` int(11) NOT NULL,
  `student_id` int(11) NOT NULL,
  `student_name` varchar(255) NOT NULL,
  `month_name` varchar(50) NOT NULL,
  `remaining_amount` decimal(10,2) NOT NULL,
  `created_at` timestamp NOT NULL DEFAULT current_timestamp()
) ENGINE=InnoDB DEFAULT CHARSET=utf8mb4 COLLATE=utf8mb4_general_ci;

-- --------------------------------------------------------

--
-- Structure de la table `parametres`
--

CREATE TABLE `parametres` (
  `id` int(11) NOT NULL,
  `titre` text NOT NULL,
  `email` text NOT NULL,
  `contact` varchar(200) NOT NULL,
  `adresse` text NOT NULL,
  `img` varchar(300) NOT NULL,
  `piedpage` text NOT NULL
) ENGINE=InnoDB DEFAULT CHARSET=utf8 COLLATE=utf8_bin;

--
-- Déchargement des données de la table `parametres`
--

INSERT INTO `parametres` (`id`, `titre`, `email`, `contact`, `adresse`, `img`, `piedpage`) VALUES
(1, 'Kenz Mining SA ', 'info@kenzminingsa.com', '+222 49296060 / +222  28224803', 'Avenue Cheikh Zayed', 'kenz1.png', 'KENZ MINING SA,AVENUE CHEIKH ZAYED(ROUTE NOUADHIBOU) MODULE D N°135,\r\nNOUAKCHOTT-MAURITANIE\r\nTEL ');

-- --------------------------------------------------------

--
-- Structure de la table `payments`
--

CREATE TABLE `payments` (
  `payment_id` int(11) NOT NULL,
  `student_id` int(11) DEFAULT NULL,
  `month` varchar(50) DEFAULT NULL,
  `due_amount` decimal(10,2) DEFAULT NULL,
  `paid_amount` decimal(10,2) DEFAULT NULL,
  `remaining_amount` decimal(10,2) DEFAULT NULL,
  `payment_method` varchar(50) DEFAULT NULL,
  `bank_id` int(11) DEFAULT NULL,
  `payment_date` timestamp NOT NULL DEFAULT current_timestamp(),
  `agent_id` int(11) DEFAULT NULL,
  `user_id` int(11) NOT NULL
) ENGINE=InnoDB DEFAULT CHARSET=utf8mb4 COLLATE=utf8mb4_general_ci;

--
-- Déchargement des données de la table `payments`
--

INSERT INTO `payments` (`payment_id`, `student_id`, `month`, `due_amount`, `paid_amount`, `remaining_amount`, `payment_method`, `bank_id`, `payment_date`, `agent_id`, `user_id`) VALUES
(386, 570, 'نوفمبر', 1200.00, 1200.00, 0.00, 'بنكي', 1, '2024-11-23 05:18:38', 315, 17),
(388, 808, 'نوفمبر', 1000.00, 1000.00, 0.00, 'بنكي', 1, '2024-11-23 05:26:42', NULL, 17),
(389, 439, 'ديسمبر', 1200.00, 1200.00, 0.00, 'بنكي', 4, '2024-11-23 05:29:15', NULL, 14),
(390, 373, 'ديسمبر', 800.00, 800.00, 0.00, 'بنكي', 1, '2024-11-23 08:09:23', 194, 14),
(391, 381, 'ديسمبر', 700.00, 700.00, 0.00, 'بنكي', NULL, '2024-11-23 08:09:38', 194, 14),
(392, 581, 'ديسمبر', 700.00, 700.00, 0.00, 'بنكي', NULL, '2024-11-23 08:09:53', 194, 14),
(393, 756, 'ديسمبر', 800.00, 800.00, 0.00, 'بنكي', 1, '2024-11-23 08:10:25', 194, 14),
(394, 677, 'نوفمبر', 1200.00, 1200.00, 0.00, 'نقدي', NULL, '2024-11-23 08:37:20', 356, 17),
(395, 678, 'نوفمبر', 1000.00, 1000.00, 0.00, 'نقدي', NULL, '2024-11-23 08:38:36', 356, 17),
(396, 679, 'نوفمبر', 1200.00, 1200.00, 0.00, 'نقدي', NULL, '2024-11-23 08:38:55', 356, 17),
(397, 680, 'نوفمبر', 1000.00, 1000.00, 0.00, 'نقدي', NULL, '2024-11-23 08:39:10', 356, 17),
(398, 870, 'ديسمبر', 1000.00, 1000.00, -1000.00, 'بنكي', 2, '2024-11-23 21:38:03', 433, 17),
(399, 871, 'ديسمبر', 1000.00, 1000.00, 0.00, 'بنكي', 2, '2024-11-23 21:39:37', 433, 17),
(400, 872, 'ديسمبر', 1000.00, 1000.00, 0.00, 'نقدي', NULL, '2024-11-23 10:13:02', NULL, 14),
(401, 179, 'نوفمبر', 1400.00, 1400.00, 0.00, 'بنكي', 2, '2024-11-25 08:33:49', NULL, 17),
(402, 358, 'نوفمبر', 1000.00, 1000.00, 0.00, 'نقدي', NULL, '2024-11-25 08:34:06', NULL, 17),
(403, 873, 'نوفمبر', 1000.00, 1000.00, 0.00, 'نقدي', NULL, '2024-11-25 10:41:31', 319, 17),
(404, 874, 'نوفمبر', 1000.00, 1000.00, 0.00, 'نقدي', NULL, '2024-11-25 10:43:57', 319, 17),
(405, 279, 'نوفمبر', 1200.00, 1200.00, 0.00, 'بنكي', 1, '2024-11-25 10:53:47', 131, 17),
(406, 280, 'نوفمبر', 1200.00, 1200.00, 0.00, 'نقدي', 1, '2024-11-25 10:55:25', 131, 17),
(407, 471, 'ديسمبر', 1000.00, 1000.00, 0.00, 'نقدي', NULL, '2024-11-25 12:52:30', 252, 17),
(408, 483, 'ديسمبر', 1300.00, 1300.00, 0.00, 'نقدي', NULL, '2024-11-25 12:53:50', 252, 17),
(409, 639, 'ديسمبر', 1000.00, 1000.00, 0.00, 'نقدي', NULL, '2024-11-25 12:56:04', 252, 17),
(410, 189, 'نوفمبر', 1200.00, 1200.00, 0.00, 'بنكي', 1, '2024-11-25 18:55:49', 60, 17),
(411, 194, 'نوفمبر', 1200.00, 1200.00, 0.00, 'بنكي', 1, '2024-11-25 18:57:56', 60, 17),
(412, 197, 'نوفمبر', 1200.00, 1200.00, -1200.00, 'بنكي', 1, '2024-11-25 18:58:13', 60, 17),
(413, 205, 'نوفمبر', 1200.00, 1200.00, 0.00, 'بنكي', 1, '2024-11-25 19:35:32', 60, 17),
(414, 505, 'نوفمبر', 1500.00, 1500.00, 0.00, 'بنكي', 1, '2024-11-25 19:37:25', 60, 17),
(415, 554, 'نوفمبر', 1200.00, 1200.00, 0.00, 'بنكي', 1, '2024-11-25 19:38:56', 60, 17),
(416, 396, 'نوفمبر', 1000.00, 1000.00, 0.00, 'نقدي', NULL, '2024-11-25 19:52:34', 26, 17),
(417, 585, 'نوفمبر', 1000.00, 1000.00, 0.00, 'نقدي', NULL, '2024-11-25 19:53:34', 26, 17),
(418, 586, 'نوفمبر', 1000.00, 1000.00, 0.00, 'نقدي', NULL, '2024-11-25 19:53:49', 26, 17),
(419, 699, 'نوفمبر', 1000.00, 1000.00, 0.00, 'نقدي', NULL, '2024-11-25 19:54:01', 26, 17),
(420, 700, 'نوفمبر', 1000.00, 1000.00, 0.00, 'نقدي', NULL, '2024-11-25 19:54:40', 26, 17),
(421, 702, 'نوفمبر', 1000.00, 1000.00, 0.00, 'نقدي', NULL, '2024-11-25 19:54:50', 26, 17),
(422, 869, 'نوفمبر', 1000.00, 1000.00, -1000.00, 'نقدي', NULL, '2024-11-25 19:55:00', 26, 17),
(423, 275, 'نوفمبر', 1200.00, 1200.00, 0.00, 'نقدي', NULL, '2024-11-25 20:06:04', NULL, 14),
(424, 898, 'ديسمبر', 1200.00, 1200.00, 0.00, 'بنكي', 1, '2024-11-25 20:11:52', NULL, 14),
(425, 902, 'ديسمبر', 1200.00, 1200.00, 0.00, 'بنكي', 1, '2024-11-25 20:19:56', NULL, 14),
(426, 479, 'نوفمبر', 1200.00, 1200.00, 0.00, 'بنكي', 1, '2024-11-26 10:47:16', 255, 17),
(427, 868, 'نوفمبر', 1000.00, 1200.00, 0.00, 'بنكي', 1, '2024-11-26 10:47:36', 255, 17),
(428, 868, 'نوفمبر', 1000.00, 1200.00, 0.00, 'بنكي', 1, '2024-11-26 10:47:40', 255, 17),
(429, 497, 'ديسمبر', 1000.00, 1000.00, 0.00, 'نقدي', NULL, '2024-11-26 12:23:17', 209, 17),
(430, 765, 'ديسمبر', 1000.00, 1000.00, 0.00, 'نقدي', NULL, '2024-11-26 12:23:27', 209, 17),
(431, 399, 'ديسمبر', 1000.00, 1000.00, 0.00, 'نقدي', NULL, '2024-11-26 12:23:34', 209, 17),
(432, 214, 'نوفمبر', 1200.00, 1200.00, 0.00, 'بنكي', 4, '2024-11-27 10:56:42', 77, 17),
(433, 850, 'نوفمبر', 1200.00, 1200.00, 0.00, 'بنكي', 4, '2024-11-27 11:19:41', 77, 17),
(434, 533, 'نوفمبر', 4000.00, 4000.00, -4000.00, 'بنكي', 3, '2024-11-27 10:47:09', NULL, 17),
(435, 239, 'نوفمبر', 1000.00, 1000.00, 0.00, 'بنكي', 1, '2024-11-27 13:10:45', NULL, 14),
(436, 353, 'نوفمبر', 1000.00, 1000.00, 0.00, 'بنكي', 1, '2024-11-27 14:16:59', 178, 14),
(437, 354, 'نوفمبر', 1000.00, 1000.00, 0.00, 'بنكي', 1, '2024-11-27 14:17:46', 178, 14),
(438, 668, 'ديسمبر', 1000.00, 1000.00, 0.00, 'بنكي', 1, '2024-11-27 13:28:09', NULL, 14),
(439, 520, 'ديسمبر', 3500.00, 3500.00, 0.00, 'بنكي', 1, '2024-11-27 13:44:09', NULL, 14),
(440, 904, 'ديسمبر', 1500.00, 1500.00, -1500.00, 'بنكي', 1, '2024-11-27 16:38:45', NULL, 17),
(441, 905, 'ديسمبر', 1000.00, 1000.00, 0.00, 'بنكي', 1, '2024-11-27 16:49:04', NULL, 17),
(442, 150, 'نوفمبر', 1200.00, 1000.00, 200.00, 'نقدي', NULL, '2024-11-27 17:10:37', NULL, 17),
(443, 631, 'نوفمبر', 1000.00, 1000.00, 0.00, 'بنكي', 1, '2024-11-27 22:34:49', 336, 14),
(445, 522, 'ديسمبر', 4000.00, 4000.00, 0.00, 'نقدي', NULL, '2024-11-27 09:17:41', 275, 17),
(446, 907, 'ديسمبر', 3500.00, 3500.00, 0.00, 'بنكي', 1, '2024-11-30 10:02:58', 440, 17),
(447, 908, 'ديسمبر', 3500.00, 3500.00, 0.00, 'بنكي', 1, '2024-11-30 10:04:38', 440, 17),
(448, 909, 'ديسمبر', 1200.00, 1200.00, 0.00, 'بنكي', 1, '2024-11-30 09:22:23', NULL, 14),
(450, 203, 'نوفمبر', 900.00, 900.00, 0.00, 'نقدي', NULL, '2024-11-30 10:29:40', 69, 14),
(451, 203, 'نوفمبر', 900.00, 900.00, 0.00, 'نقدي', NULL, '2024-11-30 10:29:40', 69, 14),
(452, 351, 'نوفمبر', 900.00, 900.00, 0.00, 'نقدي', NULL, '2024-11-30 10:31:15', 69, 14),
(453, 351, 'ديسمبر', 900.00, 900.00, 0.00, 'نقدي', NULL, '2024-11-30 10:31:15', 69, 14),
(454, 501, 'ديسمبر', 1500.00, 1500.00, 0.00, 'نقدي', NULL, '2024-11-30 10:48:52', 266, 17),
(455, 506, 'ديسمبر', 700.00, 700.00, 0.00, 'نقدي', NULL, '2024-11-30 11:03:06', 266, 17),
(456, 507, 'ديسمبر', 600.00, 600.00, 0.00, 'نقدي', NULL, '2024-11-30 11:05:56', 266, 17),
(457, 618, 'ديسمبر', 800.00, 800.00, 0.00, 'نقدي', NULL, '2024-11-30 11:06:21', 266, 17),
(458, 691, 'ديسمبر', 700.00, 700.00, 0.00, 'نقدي', NULL, '2024-11-30 11:07:33', 266, 17),
(459, 548, 'نوفمبر', 1800.00, 1800.00, 0.00, 'بنكي', 1, '2024-11-30 11:25:06', 301, 17),
(460, 718, 'نوفمبر', 1200.00, 1200.00, 0.00, 'بنكي', 1, '2024-11-30 11:25:23', 301, 17),
(461, 390, 'ديسمبر', 1500.00, 1500.00, 0.00, 'بنكي', 3, '2024-11-30 11:41:58', NULL, 17),
(462, 304, 'نوفمبر', 1200.00, 1200.00, 0.00, 'بنكي', 1, '2024-11-27 09:22:22', 148, 17),
(463, 306, 'نوفمبر', 1000.00, 1000.00, 0.00, 'بنكي', 1, '2024-11-27 09:26:24', 148, 17),
(464, 450, 'نوفمبر', 1200.00, 1200.00, 0.00, 'بنكي', 1, '2024-11-27 10:28:29', 148, 17),
(465, 324, 'ديسمبر', 1000.00, 1000.00, 0.00, 'نقدي', NULL, '2024-11-30 17:27:39', 161, 1),
(466, 600, 'ديسمبر', 1200.00, 1200.00, 0.00, 'نقدي', NULL, '2024-11-30 17:28:02', 161, 1),
(467, 602, 'ديسمبر', 1200.00, 1200.00, 0.00, 'نقدي', NULL, '2024-11-30 17:28:54', 161, 1),
(468, 232, 'ديسمبر', 1200.00, 1200.00, 0.00, 'بنكي', 1, '2024-11-30 16:35:23', NULL, 17),
(469, 912, 'ديسمبر', 1200.00, 1200.00, 0.00, 'نقدي', NULL, '2024-11-30 17:06:01', NULL, 17),
(470, 910, 'ديسمبر', 1000.00, 1000.00, 0.00, 'نقدي', NULL, '2024-11-30 18:47:41', 441, 1),
(472, 457, 'ديسمبر', 1000.00, 1000.00, 0.00, 'بنكي', 1, '2024-11-30 23:49:45', 242, 17),
(473, 724, 'ديسمبر', 1000.00, 1000.00, 0.00, 'بنكي', 1, '2024-11-30 23:50:15', 242, 17),
(474, 169, 'ديسمبر', 3000.00, 3000.00, 0.00, 'بنكي', 1, '2024-12-01 00:52:22', 50, 17),
(475, 320, 'ديسمبر', 3000.00, 3000.00, 0.00, 'بنكي', 1, '2024-12-01 10:46:22', 157, 17),
(476, 322, 'ديسمبر', 3000.00, 3000.00, 0.00, 'بنكي', 1, '2024-12-01 10:50:34', 157, 17),
(477, 819, 'ديسمبر', 1000.00, 1000.00, -1000.00, 'بنكي', 1, '2024-12-01 10:20:57', NULL, 17),
(478, 459, 'نوفمبر', 1200.00, 1200.00, 0.00, 'نقدي', NULL, '2024-12-01 11:31:23', NULL, 14),
(479, 934, 'يناير', 1200.00, 1000.00, 200.00, 'بنكي', 1, '2024-12-01 17:10:32', 448, 14),
(480, 935, 'يناير', 1200.00, 1000.00, 200.00, 'بنكي', 1, '2024-12-01 17:10:49', 448, 14),
(481, 660, 'ديسمبر', 1200.00, 1200.00, 0.00, 'بنكي', 1, '2024-12-01 17:33:25', 345, 14),
(482, 425, 'ديسمبر', 1500.00, 1500.00, 0.00, 'بنكي', 1, '2024-12-01 17:34:49', 225, 17),
(483, 652, 'ديسمبر', 1500.00, 1500.00, 0.00, 'بنكي', 1, '2024-12-01 17:35:14', 225, 17),
(484, 859, 'ديسمبر', 1000.00, 1000.00, 0.00, 'بنكي', 1, '2024-12-01 17:37:24', 225, 17),
(485, 936, 'ديسمبر', 1000.00, 1000.00, 0.00, 'بنكي', 1, '2024-12-01 17:43:10', 449, 14),
(486, 338, 'ديسمبر', 1000.00, 1000.00, 0.00, 'بنكي', 1, '2024-12-01 16:45:54', NULL, 17),
(487, 389, 'ديسمبر', 1000.00, 1000.00, 0.00, 'بنكي', 1, '2024-12-01 17:46:42', 204, 14),
(488, 392, 'ديسمبر', 1000.00, 1000.00, 0.00, 'بنكي', 1, '2024-12-01 17:46:58', 204, 14),
(489, 500, 'ديسمبر', 1000.00, 1000.00, 0.00, 'بنكي', 1, '2024-12-01 17:49:01', 204, 14),
(490, 709, 'ديسمبر', 1200.00, 1200.00, 0.00, 'بنكي', 1, '2024-12-01 16:58:59', NULL, 17),
(491, 359, 'نوفمبر', 1000.00, 1000.00, 0.00, 'بنكي', 1, '2024-12-01 17:06:26', NULL, 17),
(492, 682, 'ديسمبر', 2000.00, 2000.00, 0.00, 'بنكي', 4, '2024-12-01 17:09:52', NULL, 17),
(493, 509, 'نوفمبر', 1000.00, 1000.00, 0.00, 'بنكي', 3, '2024-12-01 18:37:52', 450, 17),
(494, 601, 'نوفمبر', 1000.00, 1000.00, 0.00, 'بنكي', 3, '2024-12-01 18:38:17', 450, 17),
(495, 865, 'نوفمبر', 1000.00, 1000.00, 0.00, 'بنكي', 3, '2024-12-01 18:38:48', 450, 17),
(496, 234, 'نوفمبر', 500.00, 500.00, 0.00, 'بنكي', 1, '2024-12-01 18:48:11', 93, 17),
(497, 234, 'ديسمبر', 500.00, 500.00, 0.00, 'بنكي', 1, '2024-12-01 18:48:11', 93, 17),
(498, 752, 'نوفمبر', 1000.00, 1000.00, 0.00, 'بنكي', 1, '2024-12-01 18:54:05', 93, 17),
(499, 752, 'ديسمبر', 1000.00, 1000.00, 0.00, 'بنكي', 1, '2024-12-01 18:54:05', 93, 17),
(500, 753, 'نوفمبر', 1000.00, 1000.00, 0.00, 'بنكي', 1, '2024-12-01 18:56:03', 93, 17),
(501, 753, 'ديسمبر', 1000.00, 1000.00, 0.00, 'بنكي', 1, '2024-12-01 18:56:03', 93, 17),
(502, 438, 'ديسمبر', 1200.00, 1200.00, 0.00, 'بنكي', 1, '2024-12-01 18:25:32', NULL, 14),
(503, 923, 'ديسمبر', 1200.00, 1200.00, 0.00, 'بنكي', 1, '2024-12-01 19:54:02', 445, 14),
(504, 924, 'ديسمبر', 1200.00, 1200.00, 0.00, 'بنكي', 1, '2024-12-01 19:54:19', 445, 14),
(505, 784, 'ديسمبر', 1000.00, 1000.00, 0.00, 'نقدي', NULL, '2024-12-02 00:04:40', 343, 1),
(506, 653, 'ديسمبر', 1000.00, 1000.00, 0.00, 'نقدي', NULL, '2024-12-02 00:05:11', 343, 1),
(507, 875, 'ديسمبر', 1000.00, 1000.00, -1000.00, 'بنكي', 1, '2024-12-02 10:17:34', NULL, 17),
(508, 683, 'ديسمبر', 1200.00, 1200.00, 0.00, 'بنكي', 3, '2024-12-02 11:12:19', NULL, 17),
(509, 417, 'ديسمبر', 1000.00, 1000.00, 0.00, 'نقدي', NULL, '2024-12-02 13:17:28', 223, 17),
(510, 643, 'ديسمبر', 1000.00, 1000.00, 0.00, 'نقدي', NULL, '2024-12-02 13:31:07', 223, 17),
(511, 857, 'ديسمبر', 1000.00, 1000.00, 0.00, 'نقدي', NULL, '2024-12-02 13:31:25', 223, 17),
(512, 831, 'ديسمبر', 1000.00, 1000.00, 0.00, 'بنكي', 1, '2024-12-02 13:35:45', 334, 17),
(513, 624, 'ديسمبر', 1200.00, 1200.00, 0.00, 'بنكي', 1, '2024-12-02 13:36:07', 334, 17),
(514, 854, 'ديسمبر', 1000.00, 1000.00, 0.00, 'بنكي', 1, '2024-12-02 13:36:33', 334, 17),
(515, 302, 'ديسمبر', 1200.00, 1200.00, 0.00, 'بنكي', 1, '2024-12-02 14:03:08', 146, 17),
(516, 806, 'ديسمبر', 1000.00, 1000.00, 0.00, 'بنكي', 1, '2024-12-02 14:56:02', 412, 17),
(517, 807, 'ديسمبر', 1000.00, 1000.00, 0.00, 'بنكي', 1, '2024-12-02 14:56:33', 412, 17),
(518, 780, 'نوفمبر', 1200.00, 1200.00, 0.00, 'نقدي', NULL, '2024-12-02 14:38:53', NULL, 1),
(519, 940, 'ديسمبر', 1000.00, 1000.00, 0.00, 'نقدي', NULL, '2024-12-02 16:11:59', NULL, 14),
(520, 519, 'ديسمبر', 1000.00, 1000.00, 0.00, 'نقدي', NULL, '2024-12-02 17:16:31', NULL, 14),
(521, 635, 'ديسمبر', 1000.00, 1000.00, 0.00, 'بنكي', 1, '2024-12-02 18:37:01', 337, 17),
(522, 669, 'ديسمبر', 1000.00, 1000.00, 0.00, 'بنكي', 1, '2024-12-02 18:37:13', 337, 17),
(523, 943, 'ديسمبر', 1000.00, 1000.00, 0.00, 'نقدي', NULL, '2024-12-02 17:40:50', NULL, 17),
(524, 291, 'نوفمبر', 1000.00, 1000.00, 0.00, 'بنكي', 1, '2024-12-02 18:45:35', 137, 17),
(525, 413, 'نوفمبر', 1000.00, 1000.00, 0.00, 'بنكي', 1, '2024-12-02 18:45:46', 137, 17),
(526, 634, 'نوفمبر', 1000.00, 1000.00, 0.00, 'بنكي', 1, '2024-12-02 18:46:34', 137, 17),
(527, 629, 'نوفمبر', 1000.00, 1000.00, 0.00, 'بنكي', NULL, '2024-12-02 18:51:43', 250, 17),
(528, 642, 'نوفمبر', 1000.00, 1000.00, 0.00, 'بنكي', 1, '2024-12-02 18:53:43', 250, 17),
(529, 782, 'نوفمبر', 1000.00, 1000.00, 0.00, 'بنكي', 1, '2024-12-02 19:02:42', 250, 17),
(530, 469, 'نوفمبر', 1000.00, 1000.00, 0.00, 'بنكي', 1, '2024-12-02 19:03:31', 250, 17),
(531, 181, 'ديسمبر', 1000.00, 1000.00, 0.00, 'بنكي', 1, '2024-12-02 18:03:50', NULL, 14),
(532, 932, 'نوفمبر', 1000.00, 1000.00, 0.00, 'بنكي', 1, '2024-12-02 19:06:58', 137, 17),
(533, 371, 'نوفمبر', 1200.00, 1200.00, 0.00, 'نقدي', NULL, '2024-12-02 18:21:07', NULL, 17),
(534, 178, 'ديسمبر', 1000.00, 1000.00, 0.00, 'بنكي', 1, '2024-12-02 18:53:20', NULL, 17),
(535, 591, 'ديسمبر', 1200.00, 1200.00, 0.00, 'بنكي', 1, '2024-12-02 18:57:23', NULL, 17),
(536, 573, 'ديسمبر', 2200.00, 2200.00, 0.00, 'بنكي', 1, '2024-12-02 18:59:24', NULL, 17),
(537, 503, 'نوفمبر', 1500.00, 1500.00, 0.00, 'نقدي', NULL, '2024-12-02 20:25:01', 139, 17),
(538, 293, 'نوفمبر', 1000.00, 1500.00, -500.00, 'نقدي', NULL, '2024-12-02 20:25:27', 139, 17),
(539, 944, 'ديسمبر', 1200.00, 1200.00, 0.00, 'نقدي', NULL, '2024-12-02 19:54:11', NULL, 17),
(540, 945, 'نوفمبر', 1200.00, 1200.00, 0.00, 'نقدي', NULL, '2024-12-02 19:56:44', NULL, 1),
(541, 776, 'نوفمبر', 1000.00, 1000.00, 0.00, 'نقدي', NULL, '2024-12-02 21:22:55', 400, 17),
(542, 335, 'نوفمبر', 1000.00, 1000.00, 0.00, 'نقدي', NULL, '2024-12-02 21:23:15', 164, 17),
(543, 647, 'ديسمبر', 1000.00, 1000.00, 0.00, 'بنكي', 1, '2024-12-03 10:11:59', 341, 17),
(544, 644, 'ديسمبر', 1000.00, 1000.00, 0.00, 'بنكي', NULL, '2024-12-03 10:13:40', 341, 17),
(545, 947, 'ديسمبر', 1000.00, 1000.00, 0.00, 'بنكي', 1, '2024-12-03 10:11:57', NULL, 17),
(546, 801, 'ديسمبر', 1000.00, 1000.00, 0.00, 'نقدي', NULL, '2024-12-03 10:31:43', NULL, 1),
(547, 961, 'يناير', 1000.00, 1000.00, 0.00, 'نقدي', NULL, '2024-12-03 13:58:01', NULL, 18),
(548, 830, 'نوفمبر', 1000.00, 1000.00, 0.00, 'بنكي', 1, '2024-12-03 17:16:18', 221, 14),
(549, 415, 'نوفمبر', 1000.00, 1000.00, 0.00, 'بنكي', 1, '2024-12-03 17:16:53', 221, 14),
(550, 521, 'ديسمبر', 1200.00, 1200.00, 0.00, 'بنكي', 1, '2024-12-03 17:22:00', 274, 14),
(551, 524, 'ديسمبر', 1200.00, 1200.00, 0.00, 'بنكي', 1, '2024-12-03 17:22:22', 274, 14),
(552, 267, 'ديسمبر', 1500.00, 1500.00, 0.00, 'بنكي', 1, '2024-12-03 17:24:41', NULL, 17),
(553, 166, 'ديسمبر', 1500.00, 1500.00, 0.00, 'نقدي', NULL, '2024-12-03 19:15:07', 47, 17),
(554, 443, 'ديسمبر', 1000.00, 1000.00, 0.00, 'بنكي', 1, '2024-12-03 20:34:29', 239, 14),
(555, 224, 'ديسمبر', 1200.00, 1200.00, 0.00, 'نقدي', NULL, '2024-12-03 20:02:45', NULL, 17),
(556, 209, 'ديسمبر', 1200.00, 1200.00, 0.00, 'نقدي', NULL, '2024-12-03 20:05:31', NULL, 17),
(557, 748, 'ديسمبر', 1000.00, 1000.00, 0.00, 'بنكي', 1, '2024-12-03 21:16:09', 239, 14),
(558, 968, 'ديسمبر', 1000.00, 1000.00, 0.00, 'بنكي', 1, '2024-12-03 21:17:24', 239, 14),
(559, 294, 'ديسمبر', 1200.00, 1200.00, 0.00, 'بنكي', 1, '2024-12-03 21:23:08', 141, 17),
(560, 295, 'ديسمبر', 1200.00, 1200.00, 0.00, 'بنكي', 1, '2024-12-03 21:23:26', 141, 17),
(561, 406, 'ديسمبر', 1000.00, 1000.00, 0.00, 'نقدي', NULL, '2024-12-03 21:44:30', 216, 1),
(562, 458, 'ديسمبر', 1000.00, 1000.00, 0.00, 'بنكي', 1, '2024-12-03 21:47:08', 216, 1),
(563, 458, 'ديسمبر', 1000.00, 1000.00, 0.00, 'بنكي', 1, '2024-12-03 21:47:10', 216, 1),
(564, 250, 'ديسمبر', 1000.00, 1000.00, 0.00, 'بنكي', 1, '2024-12-03 23:15:48', 102, 14),
(565, 607, 'نوفمبر', 1100.00, 1100.00, 0.00, 'بنكي', 1, '2024-12-03 23:38:45', 330, 14),
(566, 623, 'نوفمبر', 1100.00, 1100.00, 0.00, 'بنكي', 1, '2024-12-03 23:39:29', 330, 14),
(567, 441, 'ديسمبر', 1200.00, 1200.00, 0.00, 'بنكي', 1, '2024-12-04 00:02:58', 237, 14),
(568, 555, 'ديسمبر', 1200.00, 1200.00, 0.00, 'بنكي', 1, '2024-12-04 00:05:30', 237, 14),
(569, 167, 'ديسمبر', 1000.00, 1000.00, 0.00, 'بنكي', 1, '2024-12-03 23:18:30', NULL, 14),
(570, 992, 'ديسمبر', 1000.00, 1000.00, 0.00, 'نقدي', NULL, '2024-12-04 12:31:39', NULL, 14),
(571, 751, 'نوفمبر', 1000.00, 1000.00, 0.00, 'بنكي', 1, '2024-12-04 13:15:11', NULL, 14),
(572, 400, 'ديسمبر', 1000.00, 1000.00, 0.00, 'بنكي', 1, '2024-12-04 14:20:28', 211, 14),
(573, 609, 'ديسمبر', 1000.00, 1000.00, 0.00, 'بنكي', 1, '2024-12-04 14:20:52', 211, 14),
(574, 254, 'ديسمبر', 1000.00, 1000.00, 0.00, 'نقدي', NULL, '2024-12-04 13:21:02', NULL, 1),
(575, 611, 'ديسمبر', 1000.00, 1000.00, 0.00, 'بنكي', 1, '2024-12-04 14:21:28', 211, 14),
(576, 346, 'ديسمبر', 1000.00, 1000.00, 0.00, 'بنكي', 1, '2024-12-04 14:28:10', 174, 14),
(577, 348, 'ديسمبر', 1000.00, 1000.00, 0.00, 'بنكي', 1, '2024-12-04 14:29:16', 174, 14),
(578, 411, 'نوفمبر', 500.00, 500.00, 0.00, 'بنكي', 3, '2024-12-04 14:36:32', 219, 14),
(579, 412, 'نوفمبر', 800.00, 800.00, 0.00, 'بنكي', 3, '2024-12-04 14:36:51', 219, 14),
(580, 858, 'نوفمبر', 1000.00, 1000.00, 0.00, 'بنكي', 3, '2024-12-04 14:37:16', 219, 14),
(581, 861, 'نوفمبر', 1000.00, 1000.00, 0.00, 'بنكي', 3, '2024-12-04 14:37:55', 219, 14),
(582, 268, 'ديسمبر', 1000.00, 1000.00, 0.00, 'بنكي', 1, '2024-12-04 14:41:56', 116, 14),
(583, 751, 'ديسمبر', 1000.00, 1000.00, 0.00, 'بنكي', 1, '2024-12-04 14:44:19', 391, 14),
(584, 735, 'ديسمبر', 800.00, 800.00, 0.00, 'بنكي', 1, '2024-12-04 14:51:51', 386, 14),
(585, 786, 'ديسمبر', 800.00, 800.00, 0.00, 'بنكي', 1, '2024-12-04 14:52:06', 386, 14),
(586, 663, 'ديسمبر', 1000.00, 1000.00, 0.00, 'بنكي', 1, '2024-12-04 15:01:23', 348, 14),
(587, 738, 'ديسمبر', 1000.00, 1000.00, 0.00, 'نقدي', NULL, '2024-12-04 15:03:33', 348, 14),
(588, 853, 'ديسمبر', 1000.00, 1000.00, 0.00, 'بنكي', 1, '2024-12-04 15:03:56', 348, 14),
(589, 978, 'نوفمبر', 800.00, 800.00, 0.00, 'بنكي', 1, '2024-12-04 14:06:27', NULL, 14),
(590, 527, 'ديسمبر', 1200.00, 1200.00, 0.00, 'بنكي', 1, '2024-12-04 15:15:00', NULL, 14),
(591, 278, 'نوفمبر', 1200.00, 1200.00, 0.00, 'بنكي', 1, '2024-12-04 16:18:15', 130, 14),
(592, 289, 'نوفمبر', 1000.00, 1000.00, 0.00, 'بنكي', 1, '2024-12-04 16:20:32', 130, 14),
(593, 531, 'ديسمبر', 1200.00, 1200.00, 0.00, 'بنكي', 1, '2024-12-04 16:46:47', 284, 14),
(594, 750, 'ديسمبر', 1200.00, 1200.00, 0.00, 'بنكي', 1, '2024-12-04 16:47:21', 284, 14),
(595, 560, 'ديسمبر', 1000.00, 1000.00, 0.00, 'نقدي', NULL, '2024-12-04 16:22:24', NULL, 1),
(596, 560, 'أكتوبر', 1000.00, 1000.00, 0.00, 'نقدي', NULL, '2024-12-04 16:23:22', NULL, 1),
(597, 560, 'نوفمبر', 1000.00, 1000.00, 0.00, 'نقدي', NULL, '2024-12-04 16:23:22', NULL, 1),
(598, 528, 'ديسمبر', 4000.00, 4000.00, 0.00, 'نقدي', NULL, '2024-12-04 17:33:59', NULL, 1),
(599, 828, 'نوفمبر', 1000.00, 1000.00, 0.00, 'نقدي', NULL, '2024-12-04 17:38:59', NULL, 1),
(600, 162, 'ديسمبر', 1200.00, 1200.00, 0.00, 'نقدي', NULL, '2024-12-04 17:47:11', NULL, 1),
(601, 140, 'ديسمبر', 1200.00, 1200.00, 0.00, 'بنكي', 1, '2024-12-04 18:03:04', NULL, 14),
(602, 671, 'ديسمبر', 1500.00, 1500.00, 0.00, 'بنكي', 1, '2024-12-04 18:39:18', NULL, 1),
(603, 494, 'ديسمبر', 1500.00, 1500.00, 0.00, 'بنكي', 1, '2024-12-04 18:44:07', NULL, 1),
(606, 246, 'نوفمبر', 1000.00, 1000.00, 0.00, 'نقدي', NULL, '2024-12-04 20:04:49', 100, 1),
(607, 247, 'نوفمبر', 1000.00, 1000.00, 0.00, 'نقدي', NULL, '2024-12-04 20:05:00', 100, 1),
(609, 248, 'نوفمبر', 1000.00, 1000.00, 0.00, 'نقدي', NULL, '2024-12-04 20:05:45', 100, 1),
(610, 594, 'ديسمبر', 1000.00, 1000.00, 0.00, 'بنكي', 1, '2024-12-04 20:54:05', 323, 1),
(611, 599, 'ديسمبر', 1500.00, 1500.00, 0.00, 'بنكي', 1, '2024-12-04 20:54:23', 323, 1),
(612, 969, 'نوفمبر', 1000.00, 1000.00, 0.00, 'نقدي', NULL, '2024-12-06 11:23:37', NULL, 18),
(613, 984, 'نوفمبر', 500.00, 500.00, 0.00, 'بنكي', 1, '2024-12-06 11:35:30', NULL, 18),
(614, 984, 'ديسمبر', 500.00, 500.00, 0.00, 'بنكي', 1, '2024-12-06 11:35:30', NULL, 18),
(615, 962, 'ديسمبر', 800.00, 800.00, -800.00, 'بنكي', 1, '2024-12-06 11:37:29', NULL, 18),
(616, 980, 'ديسمبر', 500.00, 500.00, 0.00, 'بنكي', 1, '2024-12-06 11:43:21', NULL, 18),
(617, 948, 'ديسمبر', 800.00, 1000.00, -200.00, 'بنكي', 1, '2024-12-06 11:59:24', NULL, 18),
(618, 948, 'ديسمبر', 800.00, 800.00, 0.00, 'بنكي', 1, '2024-12-06 12:00:16', NULL, 18),
(619, 949, 'ديسمبر', 800.00, 1000.00, -200.00, 'بنكي', 1, '2024-12-06 12:10:10', NULL, 18),
(620, 949, 'ديسمبر', 800.00, 800.00, 0.00, 'بنكي', 1, '2024-12-06 12:11:30', NULL, 18),
(621, 949, 'ديسمبر', 800.00, 800.00, 0.00, 'بنكي', 1, '2024-12-06 12:11:31', NULL, 18),
(622, 950, 'ديسمبر', 800.00, 800.00, -800.00, 'نقدي', NULL, '2024-12-06 12:31:58', NULL, 18),
(623, 950, 'ديسمبر', 800.00, 800.00, -800.00, 'بنكي', 1, '2024-12-06 12:32:14', NULL, 18),
(624, 950, 'ديسمبر', 800.00, 800.00, -800.00, 'بنكي', 1, '2024-12-06 12:32:42', NULL, 18),
(625, 951, 'ديسمبر', 800.00, 800.00, 0.00, 'بنكي', 1, '2024-12-06 12:33:17', NULL, 18),
(626, 953, 'نوفمبر', 800.00, 800.00, 0.00, 'بنكي', 1, '2024-12-06 12:34:30', NULL, 18),
(627, 953, 'ديسمبر', 800.00, 800.00, 0.00, 'بنكي', 1, '2024-12-06 12:34:30', NULL, 18),
(628, 952, 'ديسمبر', 800.00, 800.00, 0.00, 'بنكي', 1, '2024-12-06 13:00:26', NULL, 18),
(629, 955, 'ديسمبر', 800.00, 800.00, 0.00, 'بنكي', 1, '2024-12-06 13:02:31', NULL, 18),
(630, 956, 'ديسمبر', 800.00, 800.00, -800.00, 'بنكي', 1, '2024-12-06 13:04:19', NULL, 18),
(631, 956, 'ديسمبر', 800.00, 800.00, 0.00, 'بنكي', 1, '2024-12-06 13:05:27', NULL, 18),
(632, 956, 'ديسمبر', 800.00, 800.00, 0.00, 'بنكي', 1, '2024-12-06 13:05:28', NULL, 18),
(633, 956, 'ديسمبر', 800.00, 800.00, 0.00, 'بنكي', 1, '2024-12-06 13:05:29', NULL, 18),
(634, 957, 'ديسمبر', 800.00, 800.00, 0.00, 'بنكي', 1, '2024-12-06 13:07:56', NULL, 18),
(635, 958, 'ديسمبر', 800.00, 800.00, 0.00, 'بنكي', 1, '2024-12-06 13:08:45', NULL, 18),
(636, 959, 'ديسمبر', 800.00, 800.00, 0.00, 'بنكي', 3, '2024-12-06 13:09:58', NULL, 18),
(637, 960, 'ديسمبر', 800.00, 800.00, 0.00, 'بنكي', 1, '2024-12-06 13:13:18', NULL, 18),
(638, 973, 'ديسمبر', 800.00, 800.00, 0.00, 'بنكي', 1, '2024-12-06 13:21:30', NULL, 18),
(639, 974, 'ديسمبر', 800.00, 800.00, 0.00, 'بنكي', 1, '2024-12-06 13:23:02', NULL, 18),
(640, 975, 'ديسمبر', 800.00, 800.00, 0.00, 'بنكي', 1, '2024-12-06 13:24:17', NULL, 18),
(641, 975, 'ديسمبر', 800.00, 800.00, 0.00, 'بنكي', 1, '2024-12-06 13:24:18', NULL, 18),
(642, 976, 'ديسمبر', 800.00, 800.00, 0.00, 'بنكي', 1, '2024-12-06 13:25:38', NULL, 18),
(643, 961, 'ديسمبر', 1000.00, 1000.00, 0.00, 'بنكي', 1, '2024-12-06 13:36:01', NULL, 18),
(644, 972, 'ديسمبر', 800.00, 800.00, -800.00, 'بنكي', 1, '2024-12-06 13:36:44', NULL, 18),
(645, 978, 'ديسمبر', 800.00, 800.00, 0.00, 'بنكي', 1, '2024-12-06 13:46:08', NULL, 18),
(646, 979, 'ديسمبر', 500.00, 500.00, 0.00, 'بنكي', 1, '2024-12-06 13:47:01', NULL, 18),
(647, 977, 'ديسمبر', 1000.00, 1000.00, 0.00, 'بنكي', 1, '2024-12-06 13:47:41', NULL, 18),
(648, 982, 'ديسمبر', 500.00, 500.00, 0.00, 'بنكي', 1, '2024-12-06 13:48:56', NULL, 18),
(649, 986, 'ديسمبر', 500.00, 500.00, 0.00, 'بنكي', 1, '2024-12-06 13:50:29', NULL, 18),
(650, 987, 'ديسمبر', 500.00, 500.00, 0.00, 'بنكي', 1, '2024-12-06 13:51:27', NULL, 18),
(651, 988, 'ديسمبر', 500.00, 500.00, 0.00, 'بنكي', 1, '2024-12-06 13:53:55', NULL, 18),
(652, 989, 'ديسمبر', 500.00, 500.00, 0.00, 'بنكي', 1, '2024-12-06 13:54:40', NULL, 18),
(653, 990, 'ديسمبر', 500.00, 500.00, 0.00, 'بنكي', 1, '2024-12-06 13:59:32', NULL, 18),
(654, 991, 'ديسمبر', 500.00, 500.00, 0.00, 'بنكي', 1, '2024-12-06 14:01:42', NULL, 18),
(655, 946, 'ديسمبر', 800.00, 800.00, 0.00, 'بنكي', 1, '2024-12-06 14:04:59', NULL, 18),
(656, 993, 'ديسمبر', 800.00, 800.00, 0.00, 'بنكي', 1, '2024-12-06 15:26:43', NULL, 18),
(657, 993, 'ديسمبر', 800.00, 800.00, 0.00, 'بنكي', 2, '2024-12-06 15:28:29', NULL, 18),
(658, 341, 'ديسمبر', 1000.00, 1000.00, 0.00, 'بنكي', 1, '2024-12-06 15:41:41', NULL, 1),
(659, 827, 'نوفمبر', 1000.00, 1000.00, 0.00, 'بنكي', 1, '2024-12-06 20:06:24', NULL, 1),
(660, 300, 'ديسمبر', 1500.00, 1500.00, 0.00, 'بنكي', 1, '2024-12-06 20:10:12', NULL, 1),
(661, 407, 'ديسمبر', 1200.00, 1200.00, 0.00, 'بنكي', 1, '2024-12-06 21:11:41', 218, 1),
(662, 619, 'ديسمبر', 1200.00, 1200.00, 0.00, 'بنكي', 1, '2024-12-06 21:12:32', 218, 1),
(663, 658, 'ديسمبر', 1200.00, 1200.00, 0.00, 'بنكي', 1, '2024-12-06 21:13:09', 218, 1),
(664, 230, 'ديسمبر', 1000.00, 1000.00, 0.00, 'بنكي', 1, '2024-12-06 21:18:13', 90, 1),
(665, 395, 'ديسمبر', 1200.00, 1000.00, 200.00, 'بنكي', 1, '2024-12-06 21:20:46', 90, 1),
(666, 747, 'ديسمبر', 1200.00, 1200.00, 0.00, 'نقدي', NULL, '2024-12-07 09:20:19', NULL, 1),
(667, 382, 'ديسمبر', 1000.00, 1000.00, 0.00, 'نقدي', NULL, '2024-12-07 10:34:42', 199, 14),
(668, 467, 'ديسمبر', 800.00, 800.00, 0.00, 'نقدي', NULL, '2024-12-07 10:49:54', 156, 14),
(669, 867, 'ديسمبر', 1000.00, 1000.00, 0.00, 'نقدي', NULL, '2024-12-07 10:52:05', 179, 1),
(670, 589, 'ديسمبر', 1000.00, 1000.00, 0.00, 'نقدي', NULL, '2024-12-07 10:52:18', 179, 1),
(671, 355, 'ديسمبر', 1000.00, 1000.00, 0.00, 'نقدي', NULL, '2024-12-07 10:52:36', 179, 1),
(672, 511, 'ديسمبر', 1400.00, 1400.00, 0.00, 'نقدي', NULL, '2024-12-07 09:56:34', NULL, 14),
(673, 994, 'ديسمبر', 1000.00, 1000.00, 0.00, 'بنكي', 4, '2024-12-07 11:03:31', 464, 14),
(674, 427, 'ديسمبر', 1200.00, 1200.00, 0.00, 'نقدي', NULL, '2024-12-07 10:17:20', NULL, 1),
(675, 384, 'نوفمبر', 1000.00, 1000.00, 0.00, 'بنكي', 1, '2024-12-07 11:10:37', NULL, 17),
(676, 461, 'ديسمبر', 1000.00, 1000.00, 0.00, 'نقدي', NULL, '2024-12-07 12:12:52', 246, 14),
(677, 462, 'ديسمبر', 1000.00, 1000.00, 0.00, 'نقدي', NULL, '2024-12-07 12:13:10', 246, 14),
(678, 694, 'نوفمبر', 1000.00, 1000.00, 0.00, 'نقدي', NULL, '2024-12-07 11:13:11', NULL, 17),
(679, 464, 'ديسمبر', 1000.00, 1000.00, 0.00, 'نقدي', NULL, '2024-12-07 12:13:21', 246, 14),
(680, 264, 'ديسمبر', 1200.00, 1200.00, 0.00, 'نقدي', NULL, '2024-12-07 12:42:58', 119, 17),
(681, 265, 'ديسمبر', 1000.00, 1200.00, 0.00, 'نقدي', NULL, '2024-12-07 12:43:05', 119, 17),
(682, 249, 'ديسمبر', 1200.00, 1000.00, 200.00, 'بنكي', 1, '2024-12-07 13:00:50', 101, 17),
(683, 736, 'ديسمبر', 1000.00, 1000.00, 0.00, 'بنكي', 1, '2024-12-07 13:01:00', 101, 17),
(684, 386, 'ديسمبر', 1200.00, 1200.00, 0.00, 'نقدي', NULL, '2024-12-07 16:30:58', 203, 14),
(685, 235, 'نوفمبر', 1200.00, 1200.00, 0.00, 'بنكي', 1, '2024-12-07 17:11:38', 92, 17),
(686, 233, 'نوفمبر', 1200.00, 1200.00, 0.00, 'بنكي', 1, '2024-12-07 17:11:56', 92, 17),
(687, 995, 'ديسمبر', 900.00, 900.00, 0.00, 'نقدي', NULL, '2024-12-07 17:12:14', 425, 14),
(688, 515, 'ديسمبر', 1200.00, 1200.00, 0.00, 'نقدي', NULL, '2024-12-07 17:13:24', 271, 14),
(689, 518, 'ديسمبر', 1200.00, 1200.00, 0.00, 'نقدي', NULL, '2024-12-07 17:13:34', 271, 14),
(690, 633, 'ديسمبر', 1200.00, 1000.00, 0.00, 'بنكي', 1, '2024-12-07 17:25:25', NULL, 17),
(691, 814, 'ديسمبر', 1000.00, 1000.00, 0.00, 'بنكي', 1, '2024-12-07 17:26:29', NULL, 17),
(692, 352, 'ديسمبر', 1500.00, 1500.00, 0.00, 'بنكي', 1, '2024-12-07 18:48:45', 175, 17),
(693, 572, 'ديسمبر', 800.00, 800.00, 0.00, 'بنكي', 1, '2024-12-07 18:50:41', 175, 17),
(694, 632, 'ديسمبر', 1000.00, 1000.00, 0.00, 'بنكي', 1, '2024-12-07 18:51:23', 175, 17),
(696, 684, 'ديسمبر', 1200.00, 1200.00, 0.00, 'بنكي', 1, '2024-12-07 18:52:06', 175, 17),
(697, 996, 'ديسمبر', 1000.00, 1000.00, 0.00, 'بنكي', 1, '2024-12-07 18:04:28', NULL, 17),
(698, 451, 'نوفمبر', 1000.00, 1000.00, 0.00, 'بنكي', 1, '2024-12-07 19:41:50', 241, 17),
(699, 540, 'نوفمبر', 1000.00, 1000.00, 0.00, 'بنكي', 1, '2024-12-07 19:42:37', 241, 17),
(700, 824, 'نوفمبر', 1000.00, 1000.00, 0.00, 'بنكي', 1, '2024-12-07 19:42:47', 241, 17),
(702, 849, 'ديسمبر', 1500.00, 1500.00, 0.00, 'بنكي', 1, '2024-12-07 18:51:07', NULL, 17),
(703, 523, 'ديسمبر', 3500.00, 3500.00, 0.00, 'بنكي', 1, '2024-12-07 19:20:27', NULL, 17),
(704, 512, 'ديسمبر', 1500.00, 1500.00, 0.00, 'بنكي', 1, '2024-12-07 20:28:03', 268, 17),
(705, 608, 'ديسمبر', 1000.00, 1000.00, 0.00, 'بنكي', 1, '2024-12-07 20:28:19', 268, 17),
(706, 313, 'ديسمبر', 3500.00, 3500.00, 0.00, 'بنكي', 1, '2024-12-07 19:29:45', NULL, 17),
(707, 860, 'ديسمبر', 1200.00, 1200.00, -1200.00, 'بنكي', 1, '2024-12-07 21:11:38', NULL, 17),
(708, 707, 'ديسمبر', 1200.00, 1200.00, 0.00, 'بنكي', 1, '2024-12-07 22:07:37', NULL, 17),
(709, 848, 'ديسمبر', 1000.00, 1000.00, 0.00, 'بنكي', 1, '2024-12-07 22:20:11', NULL, 17),
(710, 216, 'نوفمبر', 1000.00, 1000.00, 0.00, 'بنكي', 1, '2024-12-08 09:59:11', 80, 17),
(711, 424, 'نوفمبر', 1500.00, 1500.00, 0.00, 'بنكي', 1, '2024-12-08 09:59:28', 80, 17),
(712, 516, 'نوفمبر', 3500.00, 3500.00, 0.00, 'بنكي', 1, '2024-12-08 10:13:36', 80, 17),
(713, 715, 'ديسمبر', 1000.00, 1000.00, 0.00, 'نقدي', NULL, '2024-12-08 09:35:00', NULL, 17),
(714, 662, 'ديسمبر', 800.00, 800.00, 0.00, 'نقدي', NULL, '2024-12-08 09:50:33', NULL, 14),
(715, 452, 'نوفمبر', 800.00, 800.00, 0.00, 'نقدي', NULL, '2024-12-08 10:23:22', NULL, 14),
(716, 218, 'ديسمبر', 1000.00, 1000.00, 0.00, 'بنكي', 1, '2024-12-08 17:33:06', NULL, 1),
(717, 435, 'نوفمبر', 1000.00, 1000.00, 0.00, 'بنكي', 1, '2024-12-08 18:38:26', 232, 17),
(718, 659, 'نوفمبر', 800.00, 800.00, 0.00, 'بنكي', 1, '2024-12-08 18:38:38', 232, 17),
(719, 704, 'نوفمبر', 1000.00, 1000.00, 0.00, 'بنكي', 1, '2024-12-08 18:38:48', 232, 17),
(720, 326, 'نوفمبر', 1000.00, 1000.00, 0.00, 'بنكي', 1, '2024-12-08 18:41:16', 232, 17),
(721, 517, 'ديسمبر', 3500.00, 3500.00, -3500.00, 'بنكي', 2, '2024-12-08 17:49:20', NULL, 17),
(722, 583, 'نوفمبر', 1000.00, 1000.00, 0.00, 'نقدي', NULL, '2024-12-08 19:15:01', 320, 17),
(723, 583, 'ديسمبر', 1000.00, 1000.00, 0.00, 'نقدي', NULL, '2024-12-08 19:15:01', 320, 17),
(724, 584, 'نوفمبر', 1000.00, 1000.00, 0.00, 'نقدي', NULL, '2024-12-08 19:15:16', 320, 17),
(725, 584, 'ديسمبر', 1000.00, 1000.00, 0.00, 'نقدي', NULL, '2024-12-08 19:15:16', 320, 17),
(726, 368, 'يناير', 1000.00, 1000.00, 0.00, 'بنكي', 1, '2024-12-08 18:19:48', NULL, 14),
(727, 648, 'نوفمبر', 1000.00, 1000.00, 0.00, 'بنكي', 1, '2024-12-08 18:29:24', NULL, 17),
(728, 835, 'نوفمبر', 700.00, 700.00, 0.00, 'بنكي', 1, '2024-12-09 08:24:58', NULL, 1),
(729, 592, 'نوفمبر', 1000.00, 1000.00, 0.00, 'بنكي', NULL, '2024-12-09 11:58:14', 222, 14),
(730, 614, 'نوفمبر', 1000.00, 1000.00, 0.00, 'بنكي', 1, '2024-12-09 11:58:35', 222, 14),
(731, 615, 'نوفمبر', 1000.00, 1000.00, 0.00, 'بنكي', 1, '2024-12-09 11:58:47', 222, 14),
(732, 767, 'نوفمبر', 1000.00, 1000.00, 0.00, 'بنكي', 1, '2024-12-09 11:59:00', 222, 14),
(733, 933, 'نوفمبر', 1000.00, 1000.00, 0.00, 'بنكي', 1, '2024-12-09 11:59:21', 222, 14),
(734, 385, 'نوفمبر', 800.00, 800.00, 0.00, 'بنكي', 1, '2024-12-09 18:45:59', 202, 14),
(735, 385, 'ديسمبر', 800.00, 800.00, 0.00, 'بنكي', 1, '2024-12-09 18:45:59', 202, 14),
(736, 431, 'نوفمبر', 800.00, 800.00, 0.00, 'بنكي', 1, '2024-12-09 18:46:14', 202, 14),
(737, 431, 'ديسمبر', 800.00, 800.00, 0.00, 'بنكي', 1, '2024-12-09 18:46:14', 202, 14),
(738, 495, 'نوفمبر', 800.00, 800.00, 0.00, 'بنكي', 1, '2024-12-09 18:46:33', 202, 14),
(739, 495, 'ديسمبر', 800.00, 800.00, 0.00, 'بنكي', 1, '2024-12-09 18:46:33', 202, 14),
(740, 499, 'نوفمبر', 800.00, 800.00, 0.00, 'بنكي', 1, '2024-12-09 18:46:49', 202, 14),
(741, 499, 'ديسمبر', 800.00, 800.00, 0.00, 'بنكي', 1, '2024-12-09 18:46:49', 202, 14),
(742, 734, 'نوفمبر', 800.00, 800.00, 0.00, 'بنكي', 1, '2024-12-09 18:47:06', 202, 14),
(743, 734, 'ديسمبر', 800.00, 800.00, 0.00, 'بنكي', 1, '2024-12-09 18:47:06', 202, 14),
(744, 436, 'ديسمبر', 1200.00, 1200.00, 0.00, 'بنكي', 1, '2024-12-09 18:51:27', 233, 14),
(745, 437, 'ديسمبر', 1200.00, 1200.00, 0.00, 'بنكي', 1, '2024-12-09 18:52:16', 233, 14),
(746, 153, 'ديسمبر', 1200.00, 1000.00, 200.00, 'بنكي', 1, '2024-12-09 23:40:49', NULL, 1),
(747, 285, 'نوفمبر', 1200.00, 1200.00, 0.00, 'بنكي', 1, '2024-12-10 09:47:50', 133, 17),
(748, 298, 'نوفمبر', 1500.00, 1500.00, 0.00, 'بنكي', 1, '2024-12-10 09:48:01', 133, 17),
(749, 485, 'نوفمبر', 2500.00, 2500.00, 0.00, 'بنكي', 1, '2024-12-10 09:48:18', 133, 17),
(750, 491, 'ديسمبر', 1500.00, 1500.00, 0.00, 'بنكي', 1, '2024-12-10 08:56:43', NULL, 17),
(751, 498, 'ديسمبر', 1300.00, 1300.00, 0.00, 'بنكي', 1, '2024-12-10 09:14:57', NULL, 17),
(752, 673, 'نوفمبر', 1200.00, 1200.00, 0.00, 'بنكي', 1, '2024-12-10 09:44:09', NULL, 17),
(753, 673, 'ديسمبر', 1200.00, 1200.00, 0.00, 'بنكي', 1, '2024-12-10 09:44:09', NULL, 17),
(754, 360, 'ديسمبر', 1000.00, 1000.00, 0.00, 'بنكي', 1, '2024-12-10 15:13:35', 181, 14),
(755, 361, 'ديسمبر', 1000.00, 1000.00, 0.00, 'بنكي', 1, '2024-12-10 15:14:05', 181, 14),
(756, 420, 'ديسمبر', 1500.00, 1500.00, 0.00, 'بنكي', 1, '2024-12-10 15:14:32', 181, 14),
(757, 421, 'ديسمبر', 1500.00, 1500.00, 0.00, 'بنكي', 1, '2024-12-10 15:14:58', 181, 14),
(758, 213, 'ديسمبر', 1000.00, 1000.00, 0.00, 'نقدي', NULL, '2024-12-10 15:08:21', NULL, 17),
(759, 401, 'ديسمبر', 1000.00, 1000.00, 0.00, 'بنكي', 1, '2024-12-10 17:28:23', 212, 17),
(760, 402, 'ديسمبر', 1200.00, 1200.00, 0.00, 'بنكي', 1, '2024-12-10 17:28:39', 212, 17),
(761, 470, 'ديسمبر', 1200.00, 1200.00, 0.00, 'بنكي', 1, '2024-12-10 17:28:49', 212, 17),
(762, 489, 'نوفمبر', 2000.00, 2000.00, 0.00, 'بنكي', 1, '2024-12-10 16:38:10', NULL, 17),
(763, 489, 'ديسمبر', 2000.00, 2000.00, 0.00, 'نقدي', NULL, '2024-12-10 16:56:51', NULL, 17),
(764, 677, 'ديسمبر', 1200.00, 1200.00, 0.00, 'بنكي', 1, '2024-12-10 18:01:09', 356, 17),
(765, 678, 'ديسمبر', 1000.00, 1000.00, 0.00, 'بنكي', 1, '2024-12-10 18:01:20', 356, 17),
(766, 679, 'ديسمبر', 1200.00, 1200.00, 0.00, 'بنكي', 1, '2024-12-10 18:01:31', 356, 17),
(767, 680, 'ديسمبر', 1000.00, 1000.00, 0.00, 'بنكي', 1, '2024-12-10 18:01:44', 356, 17),
(768, 817, 'ديسمبر', 1000.00, 1000.00, 0.00, 'بنكي', 1, '2024-12-10 19:09:33', 313, 14),
(769, 207, 'ديسمبر', 1000.00, 1000.00, 0.00, 'بنكي', 2, '2024-12-10 18:21:42', NULL, 14),
(770, 474, 'نوفمبر', 1000.00, 1000.00, 0.00, 'بنكي', 1, '2024-12-10 19:32:07', 248, 14),
(771, 571, 'نوفمبر', 1000.00, 1000.00, 0.00, 'بنكي', 1, '2024-12-10 19:32:18', 248, 14),
(772, 997, 'نوفمبر', 1000.00, 1000.00, 0.00, 'بنكي', 1, '2024-12-10 19:32:38', 248, 14),
(773, 312, 'ديسمبر', 1000.00, 1000.00, 0.00, 'بنكي', 1, '2024-12-10 19:40:21', 153, 17),
(774, 316, 'ديسمبر', 1200.00, 1200.00, 0.00, 'بنكي', 1, '2024-12-10 19:40:32', 153, 17),
(775, 852, 'ديسمبر', 1000.00, 1000.00, 0.00, 'بنكي', 1, '2024-12-10 19:41:49', 153, 17),
(776, 930, 'ديسمبر', 800.00, 800.00, 0.00, 'بنكي', 1, '2024-12-10 19:42:03', 153, 17),
(777, 822, 'ديسمبر', 1000.00, 1000.00, 0.00, 'بنكي', 2, '2024-12-10 19:06:47', NULL, 14),
(778, 185, 'ديسمبر', 1200.00, 1200.00, 0.00, 'بنكي', 1, '2024-12-10 20:07:43', 59, 17),
(779, 236, 'ديسمبر', 1200.00, 1200.00, 0.00, 'بنكي', 1, '2024-12-10 20:08:02', 59, 17),
(780, 238, 'ديسمبر', 1200.00, 1200.00, 0.00, 'بنكي', 1, '2024-12-10 20:08:13', 59, 17),
(781, 242, 'ديسمبر', 1200.00, 1200.00, 0.00, 'بنكي', 1, '2024-12-10 20:08:23', 59, 17),
(782, 245, 'ديسمبر', 1200.00, 1200.00, 0.00, 'بنكي', 1, '2024-12-10 20:08:33', 59, 17),
(783, 964, 'ديسمبر', 1200.00, 1200.00, 0.00, 'نقدي', NULL, '2024-12-10 19:43:52', NULL, 17),
(784, 710, 'نوفمبر', 800.00, 800.00, 0.00, 'بنكي', 1, '2024-12-10 21:09:07', 372, 17),
(785, 712, 'نوفمبر', 800.00, 800.00, 0.00, 'بنكي', 1, '2024-12-10 21:09:18', 372, 17),
(786, 713, 'نوفمبر', 800.00, 800.00, 0.00, 'بنكي', 1, '2024-12-10 21:10:00', 372, 17),
(787, 244, 'ديسمبر', 1000.00, 1000.00, 0.00, 'بنكي', 1, '2024-12-11 12:40:12', 99, 14),
(788, 455, 'ديسمبر', 1000.00, 1000.00, 0.00, 'بنكي', 1, '2024-12-11 12:40:40', 99, 14),
(789, 779, 'نوفمبر', 1000.00, 1000.00, 0.00, 'بنكي', 1, '2024-12-11 13:23:58', 401, 14),
(790, 800, 'نوفمبر', 1000.00, 1000.00, 0.00, 'بنكي', 1, '2024-12-11 13:24:16', 401, 14),
(791, 805, 'نوفمبر', 1000.00, 1000.00, 0.00, 'بنكي', 1, '2024-12-11 13:25:00', 401, 14),
(792, 368, 'فبراير', 1000.00, 1000.00, 0.00, 'بنكي', NULL, '2024-12-11 13:36:25', 187, 14),
(793, 532, 'ديسمبر', 1000.00, 1000.00, 0.00, 'نقدي', NULL, '2024-12-11 13:36:26', 286, 17),
(794, 579, 'ديسمبر', 1000.00, 1000.00, 0.00, 'نقدي', NULL, '2024-12-11 13:36:35', 286, 17),
(795, 774, 'ديسمبر', 1000.00, 1000.00, 0.00, 'نقدي', NULL, '2024-12-11 13:36:43', 286, 17),
(796, 318, 'أكتوبر', 700.00, 700.00, 0.00, 'نقدي', NULL, '2024-12-11 14:10:53', 156, 14),
(797, 318, 'نوفمبر', 700.00, 700.00, 0.00, 'نقدي', NULL, '2024-12-11 14:10:53', 156, 14),
(798, 334, 'نوفمبر', 1000.00, 1000.00, 0.00, 'نقدي', NULL, '2024-12-11 14:29:23', 166, 14),
(799, 305, 'ديسمبر', 1000.00, 1000.00, 0.00, 'بنكي', 1, '2024-12-11 16:57:59', 327, 17),
(800, 628, 'ديسمبر', 1200.00, 1200.00, 0.00, 'بنكي', 1, '2024-12-11 16:58:10', 327, 17),
(801, 630, 'ديسمبر', 1200.00, 1200.00, 0.00, 'بنكي', 1, '2024-12-11 16:58:20', 327, 17),
(802, 764, 'ديسمبر', 1000.00, 1000.00, 0.00, 'بنكي', 1, '2024-12-11 16:58:32', 327, 17),
(803, 723, 'ديسمبر', 1000.00, 1000.00, 0.00, 'بنكي', 1, '2024-12-11 17:01:14', 380, 17),
(804, 725, 'ديسمبر', 1000.00, 1000.00, 0.00, 'بنكي', 1, '2024-12-11 17:02:41', 380, 17),
(805, 757, 'نوفمبر', 1200.00, 1200.00, 0.00, 'بنكي', 1, '2024-12-11 16:06:38', NULL, 17),
(806, 593, 'ديسمبر', 1000.00, 1000.00, 0.00, 'نقدي', NULL, '2024-12-11 16:08:35', NULL, 17),
(807, 793, 'نوفمبر', 1000.00, 1000.00, 0.00, 'نقدي', NULL, '2024-12-11 17:11:14', 382, 17),
(808, 728, 'نوفمبر', 1000.00, 1000.00, 0.00, 'نقدي', NULL, '2024-12-11 17:11:36', 382, 17),
(809, 803, 'ديسمبر', 1000.00, 1000.00, 0.00, 'بنكي', 1, '2024-12-11 17:15:26', 411, 17),
(810, 851, 'ديسمبر', 1200.00, 1200.00, 0.00, 'بنكي', 1, '2024-12-11 17:19:56', 411, 17),
(811, 565, 'ديسمبر', 1000.00, 1000.00, 0.00, 'بنكي', 1, '2024-12-11 17:22:26', 312, 17),
(942, 644, 'نوفمبر', 1000.00, 1000.00, 0.00, 'نقدي', NULL, '2024-12-18 21:41:41', 341, 1),
(943, 647, 'نوفمبر', 1000.00, 1000.00, 0.00, 'نقدي', NULL, '2024-12-18 21:41:41', 341, 1),
(944, 644, 'فبراير', 1000.00, 0.00, 0.00, 'نقدي', NULL, '2024-12-18 22:00:59', 341, 1),
(945, 647, 'فبراير', 1000.00, 0.00, 400.00, 'نقدي', NULL, '2024-12-18 22:00:59', 341, 1),
(946, 644, 'يناير', 1000.00, 1000.00, 0.00, 'نقدي', NULL, '2024-12-18 22:02:07', 341, 1),
(947, 647, 'يناير', 1000.00, 0.00, 400.00, 'نقدي', NULL, '2024-12-18 22:02:07', 341, 1),
(948, 644, 'أبريل', 1000.00, 1000.00, 0.00, 'نقدي', NULL, '2024-12-18 22:03:08', 341, 1),
(949, 647, 'أبريل', 1000.00, 800.00, -400.00, 'نقدي', NULL, '2024-12-18 22:03:08', 341, 1),
(950, 647, 'مايو', 1000.00, 1000.00, 0.00, 'نقدي', NULL, '2024-12-18 22:04:00', 341, 1),
(951, 644, 'مايو', 1000.00, 1000.00, 0.00, 'نقدي', NULL, '2024-12-18 22:04:14', 341, 1),
(952, 644, 'أغسطس', 1000.00, 1000.00, 0.00, 'نقدي', NULL, '2024-12-18 22:04:14', 341, 1),
(953, 647, 'أغسطس', 1000.00, 800.00, -400.00, 'نقدي', NULL, '2024-12-18 22:04:14', 341, 1);

-- --------------------------------------------------------

--
-- Structure de la table `processed_salaries`
--

CREATE TABLE `processed_salaries` (
  `id` int(11) NOT NULL,
  `month` varchar(20) NOT NULL,
  `year` int(11) NOT NULL,
  `processed_at` timestamp NOT NULL DEFAULT current_timestamp()
) ENGINE=InnoDB DEFAULT CHARSET=utf8mb4 COLLATE=utf8mb4_general_ci;

--
-- Déchargement des données de la table `processed_salaries`
--

INSERT INTO `processed_salaries` (`id`, `month`, `year`, `processed_at`) VALUES
(7, 'نوفمبر', 2024, '2024-12-04 12:12:13');

-- --------------------------------------------------------

--
-- Structure de la table `receipts`
--

CREATE TABLE `receipts` (
  `receipt_id` int(11) NOT NULL,
  `student_id` int(11) DEFAULT NULL,
  `agent_id` int(11) DEFAULT NULL,
  `total_amount` decimal(10,2) DEFAULT NULL,
  `receipt_date` datetime DEFAULT NULL,
  `created_by` int(11) DEFAULT NULL,
  `receipt_description` varchar(255) DEFAULT NULL
) ENGINE=InnoDB DEFAULT CHARSET=utf8mb4 COLLATE=utf8mb4_general_ci;

--
-- Déchargement des données de la table `receipts`
--

INSERT INTO `receipts` (`receipt_id`, `student_id`, `agent_id`, `total_amount`, `receipt_date`, `created_by`, `receipt_description`) VALUES
(115, 597, 187, 1500.00, '2024-11-23 00:00:00', 17, 'Paid some moth'),
(116, 677, 356, 1200.00, '2024-11-23 00:00:00', 17, 'Paid some moth'),
(117, 678, 356, 1000.00, '2024-11-23 00:00:00', 17, 'Paid some moth'),
(118, 679, 356, 1200.00, '2024-11-23 00:00:00', 17, 'Paid some moth'),
(119, 680, 356, 1000.00, '2024-11-23 00:00:00', 17, 'Paid some moth'),
(120, 837, NULL, 500.00, '2024-11-23 00:00:00', 1, 'رسوم'),
(121, 570, 315, 1200.00, '2024-11-23 00:00:00', 17, 'Paid some moth'),
(122, 845, NULL, 500.00, '2024-11-23 00:00:00', 1, 'Paid some moth'),
(123, 808, NULL, 1000.00, '2024-11-23 00:00:00', 17, 'Paid some moth'),
(124, 439, NULL, 1200.00, '2024-11-23 00:00:00', 14, 'Paid some moth'),
(125, NULL, NULL, 200.00, '2024-11-23 00:00:00', 14, '%D9%85%D8%AD%D9%85%D8%AF+%D8%A7%D9%84%D8%B4%D9%8A%D8%AE+%D8%A3%D8%AD%D9%85%D8%AF+%D9%81%D8%A7%D9%84 : محمد الشيخ أحمد فال \" مقدم شهر 11-2024'),
(126, 373, 194, 800.00, '2024-11-23 00:00:00', 14, 'Paid some moth'),
(128, 381, 194, 700.00, '2024-11-23 00:00:00', 14, 'Paid some moth'),
(129, 581, 194, 700.00, '2024-11-23 00:00:00', 14, 'Paid some moth'),
(130, 756, 194, 800.00, '2024-11-23 00:00:00', 14, 'Paid some moth'),
(131, NULL, NULL, 500.00, '2024-11-23 00:00:00', 17, '%D9%85%D8%AD%D9%85%D8%AF+%D8%A7%D9%84%D8%AD%D8%B3%D9%86+%D9%85%D8%AD%D9%81%D9%88%D8%B8 : بنكيلي الحاج'),
(132, NULL, NULL, 500.00, '2024-11-23 00:00:00', 17, '%D9%85%D8%AD%D9%85%D8%AF+%D8%A7%D9%84%D8%AD%D8%B3%D9%86+%D9%85%D8%AD%D9%81%D9%88%D8%B8 : بنكيلي الحاج'),
(133, NULL, NULL, 500.00, '2024-11-23 00:00:00', 17, '%D9%85%D8%AD%D9%85%D8%AF+%D8%A7%D9%84%D8%AD%D8%B3%D9%86+%D9%85%D8%AD%D9%81%D9%88%D8%B8 : نزع مبلغ سجل بالغلط '),
(134, 677, 356, 1200.00, '2024-11-23 00:00:00', 17, 'Paid some moth'),
(135, 678, 356, 1000.00, '2024-11-23 00:00:00', 17, 'Paid some moth'),
(136, 679, 356, 1200.00, '2024-11-23 00:00:00', 17, 'Paid some moth'),
(137, 680, 356, 1000.00, '2024-11-23 00:00:00', 17, 'Paid some moth'),
(138, NULL, NULL, 1500.00, '2024-11-23 00:00:00', 17, 'حساب : محل يام يام  -_- نزع من فاتورة 16---20'),
(139, NULL, NULL, 340.00, '2024-11-23 00:00:00', 17, 'حساب : المشتريات  -_- الشعرية '),
(140, NULL, NULL, 500.00, '2024-11-23 00:00:00', 17, 'Unknown : بنكيلي الحاج'),
(141, NULL, NULL, 200.00, '2024-11-23 00:00:00', 17, 'Unknown : بنكيلي الحاج'),
(142, NULL, NULL, 1500.00, '2024-11-23 00:00:00', 17, 'Unknown : بنكيلي الحاج'),
(143, 870, 433, 1000.00, '2024-11-23 00:00:00', 17, 'Paid some moth'),
(144, 871, 433, 1000.00, '2024-11-23 00:00:00', 17, 'Paid some moth'),
(145, 872, NULL, 1000.00, '2024-11-24 00:00:00', 14, 'Paid some moth'),
(146, NULL, NULL, 500.00, '2024-11-24 00:00:00', 14, '%D8%B9%D9%85%D8%B1+%D8%A3%D9%86+%D9%85%D8%AD%D9%85%D9%88%D8%AF : عمر أن محمود | مقدم شهر 11-2024'),
(147, NULL, NULL, 400.00, '2024-11-24 00:00:00', 14, '%D9%85%D8%AD%D9%85%D8%AF+%D8%B9%D8%A8%D8%AF%D9%88+ : محمد عبدو | مقدم شهر 11-2024'),
(148, NULL, NULL, 400.00, '2024-11-24 00:00:00', 14, '%D9%8A%D8%AD%D9%8A%D9%89+%D8%A7%D9%84%D8%B4%D9%8A%D8%AE+%D8%A7%D9%84%D8%AE%D9%84%D9%8A%D9%81%D8%A9 : يحيى الشيخ الخليفة | شهر 11/2024'),
(149, 837, NULL, 0.00, '2024-11-24 00:00:00', 14, 'رسوم'),
(150, 837, NULL, 500.00, '2024-11-24 00:00:00', 14, 'رسوم'),
(151, NULL, NULL, 1500.00, '2024-11-24 00:00:00', 17, 'حساب : محل يام يام  -_- بنكيلي الحاج /  تكملة مصاريف أسبوع 16-20'),
(152, NULL, NULL, 6810.00, '2024-11-24 00:00:00', 17, 'حساب : المشتريات  -_- بنكيلي الحاج - 20من طرف المدير العام النفقة '),
(153, NULL, NULL, 1000.00, '2024-11-24 00:00:00', 1, 'حساب : الكهرباء -_- كهرباء المركزي'),
(154, NULL, NULL, 1000.00, '2024-11-24 00:00:00', 1, 'حساب : الكهرباء -_- كهرباء المركزي'),
(155, NULL, NULL, 1000.00, '2024-11-24 00:00:00', 1, 'حساب : الكهرباء -_- كهرباء المركزي'),
(156, 179, NULL, 1400.00, '2024-11-25 00:00:00', 17, 'Paid some moth'),
(157, 358, NULL, 1000.00, '2024-11-25 00:00:00', 17, 'Paid some moth'),
(158, 873, 319, 2000.00, '2024-11-25 00:00:00', 17, 'Paid some moth'),
(159, 874, 319, 2000.00, '2024-11-25 00:00:00', 17, 'Paid some moth'),
(160, 279, 131, 1200.00, '2024-11-25 00:00:00', 17, 'Paid some moth'),
(161, 280, 131, 1200.00, '2024-11-25 00:00:00', 17, 'Paid some moth'),
(162, 471, 252, 1000.00, '2024-11-25 00:00:00', 17, 'Paid some moth'),
(163, 483, 252, 1300.00, '2024-11-25 00:00:00', 17, 'Paid some moth'),
(164, 639, 252, 1000.00, '2024-11-25 00:00:00', 17, 'Paid some moth'),
(165, 189, 60, 1200.00, '2024-11-25 00:00:00', 17, 'Paid some moth'),
(166, 194, 60, 1200.00, '2024-11-25 00:00:00', 17, 'Paid some moth'),
(167, 197, 60, 1200.00, '2024-11-25 00:00:00', 17, 'Paid some moth'),
(168, NULL, NULL, 200.00, '2024-11-25 00:00:00', 14, 'حساب : الصيانة و التنظيف -_- 2-امبول ليد 50'),
(169, NULL, NULL, 300.00, '2024-11-25 00:00:00', 14, 'Unknown : عبد الودود أحمد باب | مقدم شهر 11-2024'),
(170, 205, 60, 1200.00, '2024-11-25 00:00:00', 17, 'Paid some moth'),
(171, 505, 60, 1500.00, '2024-11-25 00:00:00', 17, 'Paid some moth'),
(172, 554, 60, 1200.00, '2024-11-25 00:00:00', 17, 'Paid some moth'),
(173, 396, 26, 1000.00, '2024-11-25 00:00:00', 17, 'Paid some moth'),
(174, 585, 26, 1000.00, '2024-11-25 00:00:00', 17, 'Paid some moth'),
(175, 586, 26, 1000.00, '2024-11-25 00:00:00', 17, 'Paid some moth'),
(176, 699, 26, 1000.00, '2024-11-25 00:00:00', 17, 'Paid some moth'),
(177, 700, 26, 1000.00, '2024-11-25 00:00:00', 17, 'Paid some moth'),
(178, 702, 26, 1000.00, '2024-11-25 00:00:00', 17, 'Paid some moth'),
(179, 869, 26, 1000.00, '2024-11-25 00:00:00', 17, 'Paid some moth'),
(180, NULL, NULL, 300.00, '2024-11-25 00:00:00', 14, '%D9%85%D8%AD%D9%85%D8%AF+%D8%A7%D9%84%D8%B4%D9%8A%D8%AE+%D8%A3%D8%AD%D9%85%D8%AF+%D9%81%D8%A7%D9%84 : محمد الشيخ أحمد فال | مقدم شهر 11/2024'),
(181, 226, 84, 680.00, '2024-11-25 00:00:00', 17, ' رسوم التسجيل'),
(182, 231, 84, 680.00, '2024-11-25 00:00:00', 17, ' رسوم التسجيل'),
(183, NULL, NULL, 200.00, '2024-11-25 00:00:00', 14, 'حساب : الانترنت و الإتصالات -_- رصيد هات المراقب'),
(184, 275, NULL, 1200.00, '2024-11-25 00:00:00', 14, 'Paid some moth'),
(185, 898, NULL, 1200.00, '2024-11-25 00:00:00', 14, 'Paid some moth'),
(186, 902, NULL, 1200.00, '2024-11-25 00:00:00', 14, 'Paid some moth'),
(187, 479, 255, 1200.00, '2024-11-26 00:00:00', 17, 'Paid some moth'),
(188, 868, 255, 1200.00, '2024-11-26 00:00:00', 17, 'Paid some moth'),
(190, 497, 209, 1000.00, '2024-11-26 00:00:00', 17, 'Paid some moth'),
(191, 765, 209, 1000.00, '2024-11-26 00:00:00', 17, 'Paid some moth'),
(192, 399, 209, 1000.00, '2024-11-26 00:00:00', 17, 'Paid some moth'),
(193, NULL, NULL, 50.00, '2024-11-26 00:00:00', 14, 'حساب : القمامة - والمنظفات -_- القمامة '),
(194, NULL, NULL, 150.00, '2024-11-26 00:00:00', 14, 'حساب : الصيانة و التنظيف -_- مطولة 5متر '),
(195, 214, 77, 1200.00, '2024-11-27 00:00:00', 17, 'Paid some moth'),
(196, 850, 77, 1200.00, '2024-11-27 00:00:00', 17, 'Paid some moth'),
(197, 251, 103, 1000.00, '2024-11-27 00:00:00', 17, ' رسوم التسجيل'),
(198, 533, NULL, 4000.00, '2024-11-27 00:00:00', 17, 'Paid some moth'),
(199, 239, NULL, 1000.00, '2024-11-27 00:00:00', 14, 'Paid some moth'),
(200, 353, 178, 1000.00, '2024-11-27 00:00:00', 14, 'Paid some moth'),
(201, 354, 178, 1000.00, '2024-11-27 00:00:00', 14, 'Paid some moth'),
(202, 354, 178, 1000.00, '2024-11-27 00:00:00', 14, 'Paid some moth'),
(203, 668, NULL, 1000.00, '2024-11-27 00:00:00', 14, 'Paid some moth'),
(204, 490, NULL, 2000.00, '2024-11-27 00:00:00', 14, 'رسوم'),
(205, 520, NULL, 3500.00, '2024-11-27 00:00:00', 14, 'Paid some moth'),
(207, 477, 229, 1000.00, '2024-11-27 00:00:00', 14, ' رسوم التسجيل'),
(208, 575, 229, 1000.00, '2024-11-27 00:00:00', 14, ' رسوم التسجيل'),
(210, 428, 229, 1000.00, '2024-11-27 00:00:00', 14, ' رسوم التسجيل'),
(211, 256, NULL, 1000.00, '2024-11-27 00:00:00', 14, 'رسوم'),
(212, 904, NULL, 1500.00, '2024-11-27 00:00:00', 17, 'Paid some moth'),
(213, 905, NULL, 1000.00, '2024-11-27 00:00:00', 17, 'Paid some moth'),
(214, 150, NULL, 1000.00, '2024-11-27 00:00:00', 17, 'Paid some moth'),
(215, 631, 336, 1000.00, '2024-11-27 00:00:00', 14, 'Paid some moth'),
(216, 762, 336, 1000.00, '2024-11-27 00:00:00', 14, ' رسوم التسجيل'),
(217, 906, 336, 2000.00, '2024-11-27 00:00:00', 14, 'Paid some moth'),
(218, 906, 336, 2000.00, '2024-11-27 00:00:00', 14, 'Paid some moth'),
(219, 522, 275, 4000.00, '2024-11-27 00:00:00', 17, 'Paid some moth'),
(220, 907, 440, 3500.00, '2024-11-30 00:00:00', 17, 'Paid some moth'),
(221, 908, 440, 3500.00, '2024-11-30 00:00:00', 17, 'Paid some moth'),
(222, 909, NULL, 1200.00, '2024-11-30 00:00:00', 14, 'Paid some moth'),
(223, 900, 436, 4000.00, '2024-11-30 00:00:00', 17, 'Paid some moth'),
(224, 203, 69, 1800.00, '2024-11-30 00:00:00', 14, 'Paid some moth'),
(225, 351, 69, 1800.00, '2024-11-30 00:00:00', 14, 'Paid some moth'),
(226, 501, 266, 1500.00, '2024-11-30 00:00:00', 17, 'Paid some moth'),
(227, NULL, NULL, 200.00, '2024-11-30 00:00:00', 14, '%D8%B9%D9%85%D8%B1+%D8%A3%D9%86+%D9%85%D8%AD%D9%85%D9%88%D8%AF : عمر أن محمود  |  مقدم شهر 11-2024'),
(228, NULL, NULL, 200.00, '2024-11-30 00:00:00', 14, '%D9%85%D8%AD%D9%85%D8%AF+%D8%A7%D9%84%D8%B4%D9%8A%D8%AE+%D8%A3%D8%AD%D9%85%D8%AF+%D9%81%D8%A7%D9%84 : محمد الشيخ أحمد فال  | شهر 11-2024'),
(229, NULL, NULL, 400.00, '2024-11-30 00:00:00', 14, '%D8%B9%D8%A8%D8%AF+%D8%A7%D9%84%D9%88%D8%AF%D9%88%D8%AF+%D8%A3%D8%AD%D9%85%D8%AF+%D8%A8%D8%A7%D8%A8 : عبد الودود أحمد باب | شهر 11-2024'),
(230, NULL, NULL, 500.00, '2024-11-30 00:00:00', 14, '%D8%B9%D8%A8%D8%AF+%D8%A7%D9%84%D8%AD%D9%85%D9%8A%D8%AF+%D8%A8%D8%B1%D9%83%D9%87 : عبد الحميد بركه | شهر 11-2024'),
(231, NULL, NULL, 200.00, '2024-11-30 00:00:00', 14, '%D9%85%D8%AD%D9%85%D8%AF+%D8%B9%D8%A8%D8%AF%D9%88+ : محمد عبدو | شهر 11-2024'),
(232, NULL, NULL, 1000.00, '2024-11-30 00:00:00', 14, '%D9%85%D8%AD%D9%85%D8%AF+%D9%88%D9%84%D8%AF+%D8%B9%D8%A8%D8%AF+%D8%A7%D9%84%D9%82%D8%A7%D8%AF%D8%B1 : محمد ولد عبد القادر  |  شهر 11-2024'),
(233, NULL, NULL, 1350.00, '2024-11-30 00:00:00', 14, '%D8%A7%D9%85%D8%AD%D9%85%D8%AF+%D8%A3%D8%AD%D9%85%D8%AF%D9%88+%D8%A7%D9%85%D8%A8%D8%A7%D9%84%D9%87 : امحمد أحمدو امباله |  نقدي '),
(234, NULL, NULL, 100.00, '2024-11-30 00:00:00', 14, 'حساب : المشتريات  -_- مشروبات لصالح المهندسين '),
(235, 506, 266, 700.00, '2024-11-30 00:00:00', 17, 'Paid some moth'),
(236, 507, 266, 600.00, '2024-11-30 00:00:00', 17, 'Paid some moth'),
(237, 618, 266, 800.00, '2024-11-30 00:00:00', 17, 'Paid some moth'),
(238, 691, 266, 700.00, '2024-11-30 00:00:00', 17, 'Paid some moth'),
(239, 548, 301, 1800.00, '2024-11-30 00:00:00', 17, 'Paid some moth'),
(240, 718, 301, 1200.00, '2024-11-30 00:00:00', 17, 'Paid some moth'),
(241, 390, NULL, 1500.00, '2024-11-30 00:00:00', 17, 'Paid some moth'),
(242, NULL, NULL, 1000.00, '2024-11-30 00:00:00', 14, '%D9%85%D8%AD%D9%85%D8%AF+%D8%B9%D8%A8%D8%AF%D9%88+ : محمد عبدو | مقدم شهر 11-2024'),
(243, NULL, NULL, 150.00, '2024-11-30 00:00:00', 14, 'حساب : القمامة - والتنظيف -_- نقل قمامة المركزي - والبنات '),
(244, 304, 148, 1200.00, '2024-11-27 00:00:00', 17, 'Paid some moth'),
(245, 306, 148, 1000.00, '2024-11-27 00:00:00', 17, 'Paid some moth'),
(246, 450, 148, 1200.00, '2024-11-27 00:00:00', 17, 'Paid some moth'),
(247, 324, 161, 1000.00, '2024-11-30 00:00:00', 1, 'Paid some moth'),
(248, 600, 161, 1200.00, '2024-11-30 00:00:00', 1, 'Paid some moth'),
(249, 602, 161, 1200.00, '2024-11-30 00:00:00', 1, 'Paid some moth'),
(250, 602, 161, 1200.00, '2024-11-30 00:00:00', 1, 'Paid some moth'),
(251, 232, NULL, 1200.00, '2024-11-30 00:00:00', 17, 'Paid some moth'),
(252, 912, NULL, 1200.00, '2024-11-30 00:00:00', 17, 'Paid some moth'),
(253, 910, 441, 1000.00, '2024-11-30 00:00:00', 1, 'Paid some moth'),
(254, 915, 441, 1000.00, '2024-11-30 00:00:00', 1, 'Paid some moth'),
(255, NULL, NULL, 200.00, '2024-11-30 00:00:00', 14, '%D9%85%D8%AD%D9%85%D8%AF+%D8%A7%D9%84%D8%B4%D9%8A%D8%AE+%D8%A3%D8%AD%D9%85%D8%AF+%D9%81%D8%A7%D9%84 : محمد الشيخ أحمد فال  | مقدم شهر 11-2024'),
(256, NULL, NULL, 500.00, '2024-11-30 00:00:00', 14, '%D8%B9%D8%A8%D8%AF+%D8%A7%D9%84%D8%AD%D9%85%D9%8A%D8%AF+%D8%A8%D8%B1%D9%83%D9%87 : عبد الحميد بركه  |  شهر 11-2024'),
(257, NULL, NULL, 1200.00, '2024-11-30 00:00:00', 14, 'نقل الأموال من حساب الصندوق الى حساب بنكيلي { صافي يومية  30-11-2024 }'),
(258, NULL, NULL, 50.00, '2024-11-30 00:00:00', 14, 'حساب : المصاريف اليومية و النقل -_- نقل عبد الحميد  - '),
(259, NULL, NULL, 1250.00, '2024-11-30 00:00:00', 14, '%D8%A7%D9%85%D8%AD%D9%85%D8%AF+%D8%A3%D8%AD%D9%85%D8%AF%D9%88+%D8%A7%D9%85%D8%A8%D8%A7%D9%84%D9%87 : امحمد أحمدو امباله | بنكيلي صافي اليومية 30-11-2024'),
(260, NULL, NULL, 500.00, '2024-11-30 00:00:00', 14, '%D9%8A%D8%AD%D9%8A%D9%89+%D8%A7%D9%84%D8%B4%D9%8A%D8%AE+%D8%A7%D9%84%D8%AE%D9%84%D9%8A%D9%81%D8%A9 : يحيى الشيخ الخليفة | شهر 11-2024'),
(261, 457, 242, 1000.00, '2024-11-30 00:00:00', 17, 'Paid some moth'),
(262, 724, 242, 1000.00, '2024-11-30 00:00:00', 17, 'Paid some moth'),
(263, 169, 50, 3000.00, '2024-11-30 00:00:00', 17, 'Paid some moth'),
(264, 320, 157, 3000.00, '2024-12-01 00:00:00', 17, 'Paid some moth'),
(265, 322, 157, 3000.00, '2024-12-01 00:00:00', 17, 'Paid some moth'),
(266, 819, NULL, 1000.00, '2024-12-01 00:00:00', 17, 'Paid some moth'),
(267, 459, NULL, 1200.00, '2024-12-01 00:00:00', 14, 'Paid some moth'),
(268, 934, 448, 1000.00, '2024-12-01 00:00:00', 14, 'Paid some moth'),
(269, 935, 448, 1000.00, '2024-12-01 00:00:00', 14, 'Paid some moth'),
(270, 660, 345, 1200.00, '2024-12-01 00:00:00', 14, 'Paid some moth'),
(271, 425, 225, 1500.00, '2024-12-01 00:00:00', 17, 'Paid some moth'),
(272, 652, 225, 1500.00, '2024-12-01 00:00:00', 17, 'Paid some moth'),
(273, 859, 225, 1000.00, '2024-12-01 00:00:00', 17, 'Paid some moth'),
(274, 936, 449, 1000.00, '2024-12-01 00:00:00', 14, 'Paid some moth'),
(275, 338, NULL, 1000.00, '2024-12-01 00:00:00', 17, 'Paid some moth'),
(276, 389, 204, 1000.00, '2024-12-01 00:00:00', 14, 'Paid some moth'),
(277, 392, 204, 1000.00, '2024-12-01 00:00:00', 14, 'Paid some moth'),
(278, 500, 204, 1000.00, '2024-12-01 00:00:00', 14, 'Paid some moth'),
(279, 709, NULL, 1200.00, '2024-12-01 00:00:00', 17, 'Paid some moth'),
(280, 359, NULL, 1000.00, '2024-12-01 00:00:00', 17, 'Paid some moth'),
(281, 682, NULL, 2000.00, '2024-12-01 00:00:00', 17, 'Paid some moth'),
(282, 509, 450, 1000.00, '2024-12-01 00:00:00', 17, 'Paid some moth'),
(283, 601, 450, 1000.00, '2024-12-01 00:00:00', 17, 'Paid some moth'),
(284, 865, 450, 1000.00, '2024-12-01 00:00:00', 17, 'Paid some moth'),
(285, 234, 93, 1000.00, '2024-12-01 00:00:00', 17, 'Paid some moth'),
(286, 752, 93, 2000.00, '2024-12-01 00:00:00', 17, 'Paid some moth'),
(287, 753, 93, 2000.00, '2024-12-01 00:00:00', 17, 'Paid some moth'),
(288, 438, NULL, 1200.00, '2024-12-01 00:00:00', 14, 'Paid some moth'),
(289, 923, 445, 1200.00, '2024-12-01 00:00:00', 14, 'Paid some moth'),
(290, 924, 445, 1200.00, '2024-12-01 00:00:00', 14, 'Paid some moth'),
(291, NULL, NULL, 4000.00, '2024-12-01 00:00:00', 14, '%D8%B9%D9%85%D8%B1+%D8%A3%D9%86+%D9%85%D8%AD%D9%85%D9%88%D8%AF : عمر أن محمود  | شهر 11-2024'),
(292, NULL, NULL, 1000.00, '2024-12-01 00:00:00', 14, '%D8%B9%D9%85%D8%B1+%D8%A3%D9%86+%D9%85%D8%AD%D9%85%D9%88%D8%AF : عمر أن محمود  |  شهر  11-2024'),
(293, 784, 343, 1000.00, '2024-12-01 00:00:00', 1, 'Paid some moth'),
(294, 653, 343, 1000.00, '2024-12-01 00:00:00', 1, 'Paid some moth'),
(295, 875, NULL, 1000.00, '2024-12-02 00:00:00', 17, 'Paid some moth'),
(296, 683, NULL, 1200.00, '2024-12-02 00:00:00', 17, 'Paid some moth'),
(297, 473, NULL, 1000.00, '2024-12-02 00:00:00', 14, 'رسوم'),
(298, 417, 223, 1000.00, '2024-12-02 00:00:00', 17, 'Paid some moth'),
(299, 643, 223, 1000.00, '2024-12-02 00:00:00', 17, 'Paid some moth'),
(300, 857, 223, 1000.00, '2024-12-02 00:00:00', 17, 'Paid some moth'),
(301, 831, 334, 1000.00, '2024-12-02 00:00:00', 17, 'Paid some moth'),
(302, 624, 334, 1200.00, '2024-12-02 00:00:00', 17, 'Paid some moth'),
(303, 854, 334, 1000.00, '2024-12-02 00:00:00', 17, 'Paid some moth'),
(304, NULL, NULL, 15000.00, '2024-12-02 00:00:00', 17, 'Unknown : تعويض ش11 كاملا علي شكل دفعات '),
(305, 302, 146, 1200.00, '2024-12-02 00:00:00', 17, 'Paid some moth'),
(306, 806, 412, 1000.00, '2024-12-02 00:00:00', 17, 'Paid some moth'),
(307, 807, 412, 1000.00, '2024-12-02 00:00:00', 17, 'Paid some moth'),
(308, 780, NULL, 1200.00, '2024-12-02 00:00:00', 1, 'Paid some moth'),
(309, 940, NULL, 1000.00, '2024-12-02 00:00:00', 14, 'Paid some moth'),
(310, NULL, NULL, 200.00, '2024-12-02 00:00:00', 14, '%D9%85%D8%AD%D9%85%D8%AF+%D8%A7%D9%84%D8%B4%D9%8A%D8%AE+%D8%A3%D8%AD%D9%85%D8%AF+%D9%81%D8%A7%D9%84 : محمد الشيخ أحمد فال  : شهر 11-2024'),
(311, NULL, NULL, 1000.00, '2024-12-02 00:00:00', 14, 'نقل الأموال من حساب الصندوق الى حساب بنكيلي { صافي اليومية : 01-12-2024 }'),
(312, 519, NULL, 1000.00, '2024-12-02 00:00:00', 14, 'Paid some moth'),
(313, 635, 337, 1000.00, '2024-12-02 00:00:00', 17, 'Paid some moth'),
(314, 669, 337, 1000.00, '2024-12-02 00:00:00', 17, 'Paid some moth'),
(315, 943, NULL, 1000.00, '2024-12-02 00:00:00', 17, 'Paid some moth'),
(316, 291, 137, 1000.00, '2024-12-02 00:00:00', 17, 'Paid some moth'),
(317, 413, 137, 1000.00, '2024-12-02 00:00:00', 17, 'Paid some moth'),
(318, 634, 137, 1000.00, '2024-12-02 00:00:00', 17, 'Paid some moth'),
(319, 629, 250, 1000.00, '2024-12-02 00:00:00', 17, 'Paid some moth'),
(320, 642, 250, 1000.00, '2024-12-02 00:00:00', 17, 'Paid some moth'),
(321, 782, 250, 1000.00, '2024-12-02 00:00:00', 17, 'Paid some moth'),
(322, 469, 250, 1000.00, '2024-12-02 00:00:00', 17, 'Paid some moth'),
(323, 181, NULL, 1000.00, '2024-12-02 00:00:00', 14, 'Paid some moth'),
(324, 932, 137, 1000.00, '2024-12-02 00:00:00', 17, 'Paid some moth'),
(325, 371, NULL, 1200.00, '2024-12-02 00:00:00', 17, 'Paid some moth'),
(326, 178, NULL, 1000.00, '2024-12-02 00:00:00', 17, 'Paid some moth'),
(327, 591, NULL, 1200.00, '2024-12-02 00:00:00', 17, 'Paid some moth'),
(328, 573, NULL, 2200.00, '2024-12-02 00:00:00', 17, 'Paid some moth'),
(329, 259, NULL, 1000.00, '2024-12-02 00:00:00', 14, 'رسوم'),
(330, 503, 139, 1500.00, '2024-12-02 00:00:00', 17, 'Paid some moth'),
(331, 293, 139, 1500.00, '2024-12-02 00:00:00', 17, 'Paid some moth'),
(332, 257, NULL, 1000.00, '2024-12-02 00:00:00', 14, 'رسوم'),
(333, 944, NULL, 1200.00, '2024-12-02 00:00:00', 17, 'Paid some moth'),
(334, 945, NULL, 1200.00, '2024-12-02 00:00:00', 1, 'Paid some moth'),
(335, NULL, NULL, 1000.00, '2024-12-02 00:00:00', 14, '%D9%85%D8%AD%D9%85%D8%AF+%D9%88%D9%84%D8%AF+%D8%B9%D8%A8%D8%AF+%D8%A7%D9%84%D9%82%D8%A7%D8%AF%D8%B1 : محمد ولد عبد القادر  - شهر 11-2024'),
(336, 776, 400, 1000.00, '2024-12-02 00:00:00', 17, 'Paid some moth'),
(337, 335, 164, 1000.00, '2024-12-02 00:00:00', 17, 'Paid some moth'),
(338, NULL, NULL, 2000.00, '2024-12-02 00:00:00', 14, 'نقل الأموال من حساب الصندوق الى حساب بنكيلي { صافي اليومية : 02-12-2024 }'),
(339, NULL, NULL, 6000.00, '2024-12-03 00:00:00', 1, 'حساب : الإيجار -_- إيجار البنين 1'),
(340, NULL, NULL, 6500.00, '2024-12-03 00:00:00', 1, 'حساب : الإيجار -_- إيجار التهجي'),
(341, NULL, NULL, 6327.00, '2024-12-03 00:00:00', 1, 'حساب : الكهرباء -_- كهرباء المركزي'),
(342, NULL, NULL, 11000.00, '2024-12-03 00:00:00', 1, 'حساب : المشتريات  -_- فورتي كيت'),
(343, NULL, NULL, 60000.00, '2024-12-03 00:00:00', 1, 'حساب : المشتريات  -_- كوفر + كاميرات ولوجستيات مع التركيب '),
(344, 647, 341, 1000.00, '2024-12-03 00:00:00', 17, 'Paid some moth'),
(345, 644, 341, 1000.00, '2024-12-03 00:00:00', 17, 'Paid some moth'),
(346, 947, NULL, 1000.00, '2024-12-03 00:00:00', 17, 'Paid some moth'),
(347, 801, NULL, 1000.00, '2024-12-03 00:00:00', 1, 'Paid some moth'),
(348, NULL, NULL, 8000.00, '2024-12-03 00:00:00', 17, 'حساب : الأجور  -_- راتب محمدمحمد عالي | صدى القراء'),
(349, NULL, NULL, 10300.00, '2024-12-03 00:00:00', 1, 'حساب : كفالة حلقة قرآنية -- كفالة حلقة المتميزون القرآنية شهر نوفمبر 2024'),
(350, NULL, NULL, 10000.00, '2024-12-03 00:00:00', 1, 'حساب : كفالة حلقة قرآنية -- كفالة حلقة المتميزون القرآنية شهر نوفمبر 2024'),
(351, 961, NULL, 1000.00, '2024-12-03 00:00:00', 18, 'Paid some moth'),
(352, NULL, NULL, 50000.00, '2024-12-03 00:00:00', 1, 'حساب : المركزي -_- الدفعة 12'),
(353, 830, 221, 1000.00, '2024-12-03 00:00:00', 14, 'Paid some moth'),
(354, 415, 221, 1000.00, '2024-12-03 00:00:00', 14, 'Paid some moth'),
(355, 521, 274, 1200.00, '2024-12-03 00:00:00', 14, 'Paid some moth'),
(356, 524, 274, 1200.00, '2024-12-03 00:00:00', 14, 'Paid some moth'),
(357, 267, NULL, 1500.00, '2024-12-03 00:00:00', 17, 'الطالب (ة) محمد المختار أحمدنا  الأشهر: { ديسمبر } '),
(358, 166, 47, 1500.00, '2024-12-03 00:00:00', 17, 'Paid some moth'),
(359, 443, 239, 1000.00, '2024-12-03 00:00:00', 14, 'Paid some moth'),
(360, 224, NULL, 1200.00, '2024-12-03 00:00:00', 17, 'الطالب (ة) عمر محمد عبد الله  الأشهر: { ديسمبر } '),
(361, 209, NULL, 1200.00, '2024-12-03 00:00:00', 17, 'الطالب (ة) المصطفى ادوم  الأشهر: { ديسمبر } '),
(362, 748, 239, 1000.00, '2024-12-03 00:00:00', 14, 'Paid some moth'),
(363, 968, 239, 1000.00, '2024-12-03 00:00:00', 14, 'Paid some moth'),
(364, 294, 141, 1200.00, '2024-12-03 00:00:00', 17, 'Paid some moth'),
(365, 295, 141, 1200.00, '2024-12-03 00:00:00', 17, 'Paid some moth'),
(366, 406, 216, 1000.00, '2024-12-03 00:00:00', 1, 'Paid some moth'),
(367, 458, 216, 1000.00, '2024-12-03 00:00:00', 1, 'Paid some moth'),
(368, 458, 216, 1000.00, '2024-12-03 00:00:00', 1, 'Paid some moth'),
(369, 458, 216, 1000.00, '2024-12-03 00:00:00', 1, 'Paid some moth'),
(370, 458, 216, 1000.00, '2024-12-03 00:00:00', 1, 'Paid some moth'),
(371, 284, 134, 1200.00, '2024-12-03 00:00:00', 14, '  :رسوم لطالب(ة) ()'),
(372, 250, 102, 1000.00, '2024-12-03 00:00:00', 14, 'Paid some moth'),
(373, 423, 224, 1500.00, '2024-12-03 00:00:00', 14, '  :رسوم لطالب(ة) ()'),
(374, 607, 330, 1100.00, '2024-12-03 00:00:00', 14, 'Paid some moth'),
(375, 623, 330, 1100.00, '2024-12-03 00:00:00', 14, 'Paid some moth'),
(376, 441, 237, 1200.00, '2024-12-03 00:00:00', 14, 'Paid some moth'),
(377, 555, 237, 1200.00, '2024-12-03 00:00:00', 14, 'Paid some moth'),
(378, 555, 237, 1200.00, '2024-12-03 00:00:00', 14, 'Paid some moth'),
(379, 555, 237, 1200.00, '2024-12-03 00:00:00', 14, 'Paid some moth'),
(380, 167, NULL, 1000.00, '2024-12-03 00:00:00', 14, 'الطالب (ة) سكينة اباه الأشهر: { ديسمبر } '),
(381, NULL, NULL, 1000.00, '2024-12-04 00:00:00', 14, '%D9%85%D8%AD%D9%85%D8%AF+%D9%88%D9%84%D8%AF+%D8%B9%D8%A8%D8%AF+%D8%A7%D9%84%D9%82%D8%A7%D8%AF%D8%B1 : محمد ولد عبد القادر   | شهر 11-2024'),
(382, 992, NULL, 1000.00, '2024-12-04 00:00:00', 14, 'الطالب (ة) مريم بنت محمد الحسن الأشهر: { ديسمبر } '),
(383, NULL, NULL, 10700.00, '2024-12-04 00:00:00', 14, '%D8%A7%D9%84%D9%82%D8%B7%D8%A8+%D9%88%D9%84%D8%AF+%D8%A7%D9%84%D8%A7%D9%85%D8%A7%D9%85 : تسديد راتب شهر 11-2024'),
(384, 751, NULL, 1000.00, '2024-12-04 00:00:00', 14, 'الطالب (ة) علي الرضى أحمدو الأشهر: { نوفمبر } '),
(385, 400, 211, 1000.00, '2024-12-04 00:00:00', 14, 'Paid some moth'),
(386, 609, 211, 1000.00, '2024-12-04 00:00:00', 14, 'Paid some moth'),
(387, 254, NULL, 1000.00, '2024-12-04 00:00:00', 1, 'الطالب (ة) محمد يسلم ابراهيم الأشهر: { ديسمبر } '),
(388, 611, 211, 1000.00, '2024-12-04 00:00:00', 14, 'Paid some moth'),
(389, 611, 211, 1000.00, '2024-12-04 00:00:00', 14, 'Paid some moth'),
(390, 346, 174, 1000.00, '2024-12-04 00:00:00', 14, 'Paid some moth'),
(391, 348, 174, 1000.00, '2024-12-04 00:00:00', 14, 'Paid some moth'),
(392, 411, 219, 500.00, '2024-12-04 00:00:00', 14, 'Paid some moth'),
(393, 412, 219, 800.00, '2024-12-04 00:00:00', 14, 'Paid some moth'),
(394, 858, 219, 1000.00, '2024-12-04 00:00:00', 14, 'Paid some moth'),
(395, 861, 219, 1000.00, '2024-12-04 00:00:00', 14, 'Paid some moth'),
(396, 268, 116, 1000.00, '2024-12-04 00:00:00', 14, 'Paid some moth'),
(397, 751, 391, 1000.00, '2024-12-04 00:00:00', 14, 'Paid some moth'),
(398, 735, 386, 800.00, '2024-12-04 00:00:00', 14, 'Paid some moth'),
(399, 786, 386, 800.00, '2024-12-04 00:00:00', 14, 'Paid some moth'),
(400, 663, 348, 1000.00, '2024-12-04 00:00:00', 14, 'Paid some moth'),
(401, 738, 348, 1000.00, '2024-12-04 00:00:00', 14, 'Paid some moth'),
(402, 853, 348, 1000.00, '2024-12-04 00:00:00', 14, 'Paid some moth'),
(403, 978, NULL, 800.00, '2024-12-04 00:00:00', 14, 'الطالب (ة) بدرة الحضرامي  الأشهر: { نوفمبر } '),
(404, 527, NULL, 1200.00, '2024-12-04 00:00:00', 14, 'الطالب (ة) خدجة محمد الأشهر: { ديسمبر } '),
(405, 278, 130, 1200.00, '2024-12-04 00:00:00', 14, 'Paid some moth'),
(406, 289, 130, 1000.00, '2024-12-04 00:00:00', 14, 'Paid some moth'),
(407, 531, 284, 1200.00, '2024-12-04 00:00:00', 14, 'Paid some moth'),
(408, 750, 284, 1200.00, '2024-12-04 00:00:00', 14, 'Paid some moth'),
(409, 560, NULL, 1000.00, '2024-12-04 00:00:00', 1, 'الطالب (ة) محمد سيد ابات الأشهر: { ديسمبر } '),
(410, 560, NULL, 2000.00, '2024-12-04 00:00:00', 1, 'الطالب (ة) محمد سيد ابات الأشهر: { أكتوبر, نوفمبر } '),
(411, NULL, NULL, 3900.00, '2024-12-04 00:00:00', 1, ' : شهر 11'),
(412, NULL, NULL, 10000.00, '2024-12-04 00:00:00', 1, '%D8%A7%D8%AD%D9%85%D8%AF+%D8%AF%D9%8A%D8%AF%D8%A9+%D9%85%D8%AD%D9%85%D8%AF+%D8%A7%D9%84%D8%A3%D9%85%D9%8A%D9%86+ : شهر 11'),
(413, NULL, NULL, 3900.00, '2024-12-04 00:00:00', 14, '%D9%85%D8%AD%D9%85%D8%AF+%D8%A7%D9%84%D8%AD%D8%B3%D9%86+%D9%85%D8%AD%D9%81%D9%88%D8%B8 : محمد الحسن محفوظ  |  شهر 11-2024'),
(414, NULL, NULL, 8000.00, '2024-12-04 00:00:00', 1, '%D8%B3%D9%8A%D8%AF%D9%8A+%D9%85%D8%AD%D9%85%D8%AF+%D8%A8%D8%A7%D8%A8 : تكملة شهر 11'),
(415, NULL, NULL, 2800.00, '2024-12-04 00:00:00', 1, '%D9%85%D8%AD%D9%85%D8%AF+%D8%A3%D8%B9%D9%84+%D9%85%D8%AD%D9%85%D9%88%D8%AF+++%2A%D8%AD%D9%85%D8%AF%2A : دفعة من 11-2024'),
(416, 528, NULL, 4000.00, '2024-12-04 00:00:00', 1, 'الطالب (ة) خطري الحسن احبيب  الأشهر: { ديسمبر } '),
(417, 828, NULL, 1000.00, '2024-12-04 00:00:00', 1, 'الطالب (ة) محمد الأمين النين  الأشهر: { نوفمبر } '),
(418, 162, NULL, 1200.00, '2024-12-04 00:00:00', 1, 'الطالب (ة) شيخنا  محمد يحي  الأشهر: { ديسمبر } '),
(419, NULL, NULL, 9300.00, '2024-12-04 00:00:00', 1, '%D8%B9%D8%A8%D8%AF+%D8%A7%D9%84%D9%88%D8%AF%D9%88%D8%AF+%D8%A3%D8%AD%D9%85%D8%AF+%D8%A8%D8%A7%D8%A8 : تكملة شهر 11'),
(420, 970, NULL, 1000.00, '2024-12-04 00:00:00', 1, '  :رسوم لطالب(ة) ()'),
(421, 981, NULL, 3500.00, '2024-12-04 00:00:00', 1, '  :رسوم لطالب(ة) ()'),
(422, 963, NULL, 1000.00, '2024-12-04 00:00:00', 1, '  :رسوم لطالب(ة) ()'),
(423, 140, NULL, 1200.00, '2024-12-04 00:00:00', 14, 'الطالب (ة) محمد محمد المختار الأشهر: { ديسمبر } '),
(424, NULL, NULL, 5000.00, '2024-12-04 00:00:00', 1, '%D8%A7%D9%84%D8%B4%D9%8A%D8%AE+%D8%A3%D8%AD%D9%85%D8%AF+%D9%8A%D9%86%D8%AC : شهر 11'),
(425, NULL, NULL, 6900.00, '2024-12-04 00:00:00', 1, '%D9%85%D8%AD%D9%85%D8%AF+%D8%A7%D9%84%D8%B4%D9%8A%D8%AE+%D8%A3%D8%AD%D9%85%D8%AF+%D9%81%D8%A7%D9%84 : تعويض ش11 كاملا علي شكل دفعات'),
(426, NULL, NULL, 7000.00, '2024-12-04 00:00:00', 1, '%D9%85%D8%AD%D9%85%D8%AF+%D8%B9%D8%A8%D8%AF%D9%88+ : شهر 11'),
(427, 671, NULL, 1500.00, '2024-12-04 00:00:00', 1, 'الطالب (ة) البخاري محمد ماء العينين   الأشهر: { ديسمبر } '),
(428, NULL, NULL, 270.00, '2024-12-04 00:00:00', 14, 'حساب : الصيانة و الأدوات  -{ إصلاح الكهرباء - وشراء المصابيح  }-'),
(429, 494, NULL, 1500.00, '2024-12-04 00:00:00', 1, 'الطالب (ة) محمد الأمين أحمد جدو الأشهر: { ديسمبر } '),
(430, 201, NULL, 1000.00, '2024-12-04 00:00:00', 14, '  :رسوم لطالب(ة) ()'),
(433, 246, 100, 1000.00, '2024-12-04 00:00:00', 1, 'Paid some moth'),
(434, 247, 100, 1000.00, '2024-12-04 00:00:00', 1, 'Paid some moth'),
(436, 248, 100, 1000.00, '2024-12-04 00:00:00', 1, 'Paid some moth'),
(437, NULL, NULL, 1730.00, '2024-12-04 00:00:00', 14, 'نقل الأموال من حساب الصندوق الى حساب بنكيلي { صافي اليومية : 04-12-2024 }'),
(439, NULL, NULL, 13000.00, '2024-12-04 00:00:00', 1, '%D8%B3%D9%8A%D8%AF+%D9%85%D8%AD%D9%85%D8%AF+%D8%A7%D9%84%D9%85%D8%B5%D8%B7%D9%81%D9%89 : شهر 11'),
(440, NULL, NULL, 4300.00, '2024-12-04 00:00:00', 1, '%D9%85%D8%AD%D9%85%D8%AF+%D8%B9%D8%A8%D8%AF+%D8%A7%D9%84%D9%84%D9%87+%D8%A8%D8%B1%D9%83%D9%87 : شهر11'),
(441, 594, 323, 1000.00, '2024-12-04 00:00:00', 1, 'Paid some moth'),
(442, 599, 323, 1500.00, '2024-12-04 00:00:00', 1, 'Paid some moth'),
(443, NULL, NULL, 13000.00, '2024-12-04 00:00:00', 1, '%D9%85%D8%AD%D9%85%D8%AF+%D8%A3%D8%A8%D9%88%D8%A8%D9%83%D8%B1+ : شهر 11'),
(444, NULL, NULL, 10000.00, '2024-12-04 00:00:00', 1, '%D9%85%D9%8A%D9%85%D9%88%D9%86%D8%A9+%D9%85%D8%AD%D9%85%D8%AF+%D8%B3%D8%A7%D9%84%D9%85+ : شهر 11'),
(445, NULL, NULL, 5300.00, '2024-12-04 00:00:00', 1, '%D8%A7%D8%B3%D9%84%D9%85+%D8%A7%D9%85%D9%8A%D9%84%D9%8A%D8%AF : شهر 11'),
(446, NULL, NULL, 6000.00, '2024-12-04 00:00:00', 1, '%D8%A7%D9%84%D8%A8%D9%83%D8%A7%D9%8A+%D8%A7%D9%84%D9%83%D9%86%D8%AA%D9%8A+%D9%84%D8%AE%D8%AF%D9%8A%D9%85+ : دفعة من 11-2024'),
(447, NULL, NULL, 500.00, '2024-12-04 00:00:00', 1, '%D8%A7%D9%84%D9%82%D8%A7%D8%B3%D9%85+%D9%8A%D8%B3%D9%84%D9%85+ : دين من شهر11'),
(448, 969, NULL, 1000.00, '2024-12-06 00:00:00', 18, 'الطالب (ة) فاطمة محمد محمود الأشهر: { نوفمبر } '),
(449, 984, NULL, 1000.00, '2024-12-06 00:00:00', 18, 'الطالب (ة) جديلة محمد محمود  الأشهر: { نوفمبر, ديسمبر } '),
(450, 962, NULL, 800.00, '2024-12-06 00:00:00', 18, 'الطالب (ة) ميمونه مولاي الأشهر: { ديسمبر } '),
(451, 980, NULL, 500.00, '2024-12-06 00:00:00', 18, 'الطالب (ة) خديجة محمد محمود  الأشهر: { ديسمبر } '),
(452, 948, NULL, 1000.00, '2024-12-06 00:00:00', 18, 'الطالب (ة) صفية مولاي بارداس الأشهر: { ديسمبر } '),
(453, 948, NULL, 800.00, '2024-12-06 00:00:00', 18, 'الطالب (ة) صفية مولاي بارداس الأشهر: { ديسمبر } '),
(454, 949, NULL, 1000.00, '2024-12-06 00:00:00', 18, 'الطالب (ة) زينب محمد كابر  الأشهر: { ديسمبر } '),
(455, 949, NULL, 800.00, '2024-12-06 00:00:00', 18, 'الطالب (ة) زينب محمد كابر  الأشهر: { ديسمبر } '),
(456, 949, NULL, 800.00, '2024-12-06 00:00:00', 18, 'الطالب (ة) زينب محمد كابر  الأشهر: { ديسمبر } '),
(457, 950, NULL, 800.00, '2024-12-06 00:00:00', 18, 'الطالب (ة) سميه اخليل الأشهر: { ديسمبر } '),
(458, 950, NULL, 800.00, '2024-12-06 00:00:00', 18, 'الطالب (ة) سميه اخليل الأشهر: { ديسمبر } '),
(459, 950, NULL, 800.00, '2024-12-06 00:00:00', 18, 'الطالب (ة) سميه اخليل الأشهر: { ديسمبر } '),
(460, 951, NULL, 800.00, '2024-12-06 00:00:00', 18, 'الطالب (ة) زيري محمد فال  الأشهر: { ديسمبر } '),
(461, 953, NULL, 1600.00, '2024-12-06 00:00:00', 18, 'الطالب (ة) منت النبي التقي الأشهر: { نوفمبر, ديسمبر } '),
(462, 952, NULL, 800.00, '2024-12-06 00:00:00', 18, 'الطالب (ة) احمدو محمد فال  الأشهر: { ديسمبر } '),
(463, 955, NULL, 800.00, '2024-12-06 00:00:00', 18, 'الطالب (ة) رحمة ابراهيم الأشهر: { ديسمبر } '),
(464, 956, NULL, 800.00, '2024-12-06 00:00:00', 18, 'الطالب (ة) امريم محمد حبيب الأشهر: { ديسمبر } '),
(465, 956, NULL, 800.00, '2024-12-06 00:00:00', 18, 'الطالب (ة) امريم محمد حبيب الأشهر: { ديسمبر } '),
(466, 956, NULL, 800.00, '2024-12-06 00:00:00', 18, 'الطالب (ة) امريم محمد حبيب الأشهر: { ديسمبر } '),
(467, 956, NULL, 800.00, '2024-12-06 00:00:00', 18, 'الطالب (ة) امريم محمد حبيب الأشهر: { ديسمبر } '),
(468, 957, NULL, 800.00, '2024-12-06 00:00:00', 18, 'الطالب (ة) فايزة محمد بده الأشهر: { ديسمبر } '),
(469, 958, NULL, 800.00, '2024-12-06 00:00:00', 18, 'الطالب (ة) خديجة الكوري الأشهر: { ديسمبر } '),
(470, 959, NULL, 800.00, '2024-12-06 00:00:00', 18, 'الطالب (ة) مام اسماعيل الأشهر: { ديسمبر } '),
(471, 960, NULL, 800.00, '2024-12-06 00:00:00', 18, 'الطالب (ة) محجوبة محمد الأشهر: { ديسمبر } '),
(472, 973, NULL, 800.00, '2024-12-06 00:00:00', 18, 'الطالب (ة) أم كلثوم سيد المختار الأشهر: { ديسمبر } '),
(473, 974, NULL, 800.00, '2024-12-06 00:00:00', 18, 'الطالب (ة) مريم الفاضل الأشهر: { ديسمبر } '),
(474, 975, NULL, 800.00, '2024-12-06 00:00:00', 18, 'الطالب (ة) فاطمة محمدو فال  الأشهر: { ديسمبر } '),
(475, 975, NULL, 800.00, '2024-12-06 00:00:00', 18, 'الطالب (ة) فاطمة محمدو فال  الأشهر: { ديسمبر } '),
(476, 976, NULL, 800.00, '2024-12-06 00:00:00', 18, 'الطالب (ة) آسية محمد سالم  الأشهر: { ديسمبر } '),
(477, 961, NULL, 1000.00, '2024-12-06 00:00:00', 18, 'الطالب (ة) ميمونه سيد محمد الأشهر: { ديسمبر } '),
(478, 972, NULL, 800.00, '2024-12-06 00:00:00', 18, 'الطالب (ة) مريم محمد فال  الأشهر: { ديسمبر } '),
(479, 978, NULL, 800.00, '2024-12-06 00:00:00', 18, 'الطالب (ة) بدرة الحضرامي  الأشهر: { ديسمبر } '),
(480, 979, NULL, 500.00, '2024-12-06 00:00:00', 18, 'الطالب (ة) التبره محمد يسلم  الأشهر: { ديسمبر } '),
(481, 977, NULL, 1000.00, '2024-12-06 00:00:00', 18, 'الطالب (ة) مريم اسلمو ابلال الأشهر: { ديسمبر } '),
(482, 982, NULL, 500.00, '2024-12-06 00:00:00', 18, 'الطالب (ة) خديجة محمد عبد الله الأشهر: { ديسمبر } '),
(483, 986, NULL, 500.00, '2024-12-06 00:00:00', 18, 'الطالب (ة) العربية اسلموا الأشهر: { ديسمبر } '),
(484, 987, NULL, 500.00, '2024-12-06 00:00:00', 18, 'الطالب (ة) عائشة المصطفى الأشهر: { ديسمبر } '),
(485, 988, NULL, 500.00, '2024-12-06 00:00:00', 18, 'الطالب (ة) زينب المصطفى الأشهر: { ديسمبر } '),
(486, 989, NULL, 500.00, '2024-12-06 00:00:00', 18, 'الطالب (ة) فايزة محمد محمود  الأشهر: { ديسمبر } '),
(487, 990, NULL, 500.00, '2024-12-06 00:00:00', 18, 'الطالب (ة) مرادي محمد خالد  الأشهر: { ديسمبر } '),
(488, 991, NULL, 500.00, '2024-12-06 00:00:00', 18, 'الطالب (ة) مريم عبد الله  الأشهر: { ديسمبر } '),
(489, 946, NULL, 800.00, '2024-12-06 00:00:00', 18, 'الطالب (ة) محمد المصطفى الكتاب الأشهر: { ديسمبر } '),
(490, 993, NULL, 800.00, '2024-12-06 00:00:00', 18, 'الطالب (ة) أمامه محمد ديدي  الأشهر: { ديسمبر } '),
(491, 993, NULL, 800.00, '2024-12-06 00:00:00', 18, 'الطالب (ة) أمامه محمد ديدي  الأشهر: { ديسمبر } '),
(492, 341, NULL, 1000.00, '2024-12-06 00:00:00', 1, 'الطالب (ة) حد زين *محمد الإمام  اشمخ ببانه الأشهر: { ديسمبر } '),
(493, 827, NULL, 1000.00, '2024-12-06 00:00:00', 1, 'الطالب(ة) سدد(ت)  السعد أحمدو الجنيدي  الأشهر: { نوفمبر } '),
(494, 300, NULL, 1500.00, '2024-12-06 00:00:00', 1, 'الطالب(ة) سدد(ت)  أحمد عبد القادر  الأشهر: { ديسمبر } '),
(495, 407, 218, 1200.00, '2024-12-06 00:00:00', 1, 'الوكيل(ة): أحمدو الندى(22433992)  دفع(ت) الأشهر { ديسمبر }لطالب(ة): عيشة الندى'),
(496, 619, 218, 1200.00, '2024-12-06 00:00:00', 1, 'الوكيل(ة): أحمدو الندى(22433992)  دفع(ت) الأشهر { ديسمبر }لطالب(ة): سيدي محمد الندى '),
(497, 658, 218, 1200.00, '2024-12-06 00:00:00', 1, 'الوكيل(ة): أحمدو الندى(22433992)  دفع(ت) الأشهر { ديسمبر }لطالب(ة): أم البنين الندى '),
(498, 230, 90, 1000.00, '2024-12-06 00:00:00', 1, 'الوكيل(ة): رقية حمود (36323081)  دفع(ت) الأشهر { ديسمبر }لطالب(ة): محمد محمود الشيخ حمد'),
(499, 391, 90, 1000.00, '2024-12-06 00:00:00', 1, 'الوكيل(ة): رقية حمود (36323081)  دفع(ت) الأشهر { ديسمبر }لطالب(ة): سيدي مولود سيد الأمين '),
(500, 395, 90, 1000.00, '2024-12-06 00:00:00', 1, 'الوكيل(ة): رقية حمود (36323081)  دفع(ت) الأشهر { ديسمبر }لطالب(ة): صلاح الشيخ حمد '),
(501, 747, NULL, 1200.00, '2024-12-07 00:00:00', 1, 'الطالب(ة) سدد(ت)  المصطفى محمد سالم الأشهر: { ديسمبر } '),
(502, 382, 199, 1000.00, '2024-12-07 00:00:00', 14, 'الوكيل(ة): ميمات سيدي  محمود(22162300)  دفع(ت) الأشهر { ديسمبر }لطالب(ة): خديجة محفوظ'),
(503, 867, 179, 3000.00, '2024-12-07 00:00:00', 1, 'الوكيل(ة): حداه(34411718)  دفع(ت)  رسوم تسجيل لطالب(ة)  : عبد الحي حداه'),
(504, 467, 156, 800.00, '2024-12-07 00:00:00', 14, 'الوكيل(ة): مليكة ماء العينين (48174343)  دفع(ت) الأشهر { ديسمبر }لطالب(ة): تحي حمود '),
(505, 867, 179, 1000.00, '2024-12-07 00:00:00', 1, 'الوكيل(ة): حداه(34411718)  دفع(ت) الأشهر { ديسمبر }لطالب(ة): عبد الحي حداه'),
(506, 589, 179, 100.00, '2024-12-07 00:00:00', 1, 'الوكيل(ة): حداه(34411718)  دفع(ت) الأشهر { ديسمبر }لطالب(ة): محمد يحظيه حداه'),
(507, 355, 179, 1000.00, '2024-12-07 00:00:00', 1, 'الوكيل(ة): حداه(34411718)  دفع(ت) الأشهر { ديسمبر }لطالب(ة): عبد الله حداه '),
(508, 867, 179, 3000.00, '2024-12-07 00:00:00', 1, ' تم إلغاء الوصل الوكيل(ة): حداه(34411718) دفع(ت) { ديسمبر }لطالب(ة): عبد الحي حداه'),
(509, 511, NULL, 1400.00, '2024-12-07 00:00:00', 14, 'الطالب(ة) سدد(ت)  السالمة عبد القادر الأشهر: { ديسمبر } '),
(510, 994, 464, 1000.00, '2024-12-07 00:00:00', 14, 'الوكيل(ة): لالة عابدين (47076357)  دفع(ت) الأشهر { ديسمبر }لطالب(ة): خديخة خيري'),
(511, 427, NULL, 1200.00, '2024-12-07 00:00:00', 1, 'الطالب(ة) سدد(ت)  سلمى الحسن  الأشهر: { ديسمبر } '),
(512, 384, NULL, 1000.00, '2024-12-07 00:00:00', 17, 'الطالب(ة) سدد(ت)  اعزيزة لقلال  الأشهر: { نوفمبر } '),
(513, 461, 246, 1000.00, '2024-12-07 00:00:00', 14, 'الوكيل(ة): فوكهم سيد محمد(43308320)  دفع(ت) الأشهر { ديسمبر }لطالب(ة): غلانه محمد الامين'),
(514, 462, 246, 1000.00, '2024-12-07 00:00:00', 14, 'الوكيل(ة): فوكهم سيد محمد(43308320)  دفع(ت) الأشهر { ديسمبر }لطالب(ة): العزة محمد الامين'),
(515, 694, NULL, 1000.00, '2024-12-07 00:00:00', 17, 'الطالب(ة) سدد(ت)  عبدو الله محمد  الأشهر: { نوفمبر } '),
(516, 464, 246, 1000.00, '2024-12-07 00:00:00', 14, 'الوكيل(ة): فوكهم سيد محمد(43308320)  دفع(ت) الأشهر { ديسمبر }لطالب(ة): فاطمة زيدان'),
(517, NULL, NULL, 10000.00, '2024-12-07 00:00:00', 1, ' الموظف(ة): احمد ديدة محمد الأمين ,  شهر 11'),
(518, 264, 119, 1200.00, '2024-12-07 00:00:00', 17, 'الوكيل(ة): فاطمة (44739172)  دفع(ت) الأشهر { ديسمبر }لطالب(ة): مصعب سيدي محمد '),
(519, 265, 119, 1200.00, '2024-12-07 00:00:00', 17, 'الوكيل(ة): فاطمة (44739172)  دفع(ت) الأشهر { ديسمبر }لطالب(ة): مريم محمد'),
(520, NULL, NULL, 4000.00, '2024-12-07 00:00:00', 14, ' الموظف(ة): عبد الحميد بركه,  تسديد الباقي من راتب شهر 11-2024'),
(521, 249, 101, 1000.00, '2024-12-07 00:00:00', 17, 'الوكيل(ة): محمد المختار(26754444)  دفع(ت) الأشهر { ديسمبر }لطالب(ة): محمد فال محمد المختار'),
(522, 736, 101, 1000.00, '2024-12-07 00:00:00', 17, 'الوكيل(ة): محمد المختار(26754444)  دفع(ت) الأشهر { ديسمبر }لطالب(ة): أحمد محمد المختار'),
(523, NULL, NULL, 8000.00, '2024-12-07 00:00:00', 14, ' الموظف(ة): محمد العاقب الامام,  تسديد : راتب شهر 11-2024'),
(524, 386, 203, 1200.00, '2024-12-07 00:00:00', 14, 'الوكيل(ة): لمات بنت محمذن فال(33336806)  دفع(ت) الأشهر { ديسمبر }لطالب(ة): عيشة دداه '),
(525, 235, 92, 1200.00, '2024-12-07 00:00:00', 17, 'الوكيل(ة): عيشة بوبالي(32329080)  دفع(ت) الأشهر { نوفمبر }لطالب(ة): سيدنا عبد الفتاح'),
(526, 233, 92, 1200.00, '2024-12-07 00:00:00', 17, 'الوكيل(ة): عيشة بوبالي(32329080)  دفع(ت) الأشهر { نوفمبر }لطالب(ة): عبد الله القرشي'),
(527, 995, 425, 900.00, '2024-12-07 00:00:00', 14, 'الوكيل(ة): زينب أحمد(42109680)  دفع(ت) الأشهر { ديسمبر }لطالب(ة): آمنة سيدي محمد '),
(528, 515, 271, 1200.00, '2024-12-07 00:00:00', 14, 'الوكيل(ة): ياسر الكيحل(33335243)  دفع(ت) الأشهر { ديسمبر }لطالب(ة): مريم الطاهر '),
(529, 518, 271, 1200.00, '2024-12-07 00:00:00', 14, 'الوكيل(ة): ياسر الكيحل(33335243)  دفع(ت) الأشهر { ديسمبر }لطالب(ة): السالكة الطاهر '),
(530, 633, NULL, 1000.00, '2024-12-07 00:00:00', 17, 'الطالب(ة) سدد(ت)  محمد يحي سيدي محمد الأشهر: { ديسمبر } '),
(531, 814, NULL, 1000.00, '2024-12-07 00:00:00', 17, 'الطالب(ة) سدد(ت)  البتول الطالب دحمان  الأشهر: { ديسمبر } '),
(532, 352, 175, 1500.00, '2024-12-07 00:00:00', 17, 'الوكيل(ة): اشريفة الشيخ(22660484)  دفع(ت) الأشهر { ديسمبر }لطالب(ة): سارة محمد محمود'),
(533, 572, 175, 2300.00, '2024-12-07 00:00:00', 17, 'الوكيل(ة): اشريفة الشيخ(22660484)  دفع(ت) الأشهر { ديسمبر }لطالب(ة): مريم أحمد'),
(534, 632, 175, 2500.00, '2024-12-07 00:00:00', 17, 'الوكيل(ة): اشريفة الشيخ(22660484)  دفع(ت) الأشهر { ديسمبر }لطالب(ة): محمد محمد محمود'),
(535, 646, 175, 3000.00, '2024-12-07 00:00:00', 17, 'الوكيل(ة): اشريفة الشيخ(22660484)  دفع(ت) الأشهر { ديسمبر }لطالب(ة): أمل محمد محمود'),
(536, 684, 175, 1200.00, '2024-12-07 00:00:00', 17, 'الوكيل(ة): اشريفة الشيخ(22660484)  دفع(ت) الأشهر { ديسمبر }لطالب(ة): محمد السالم محمد محمود'),
(537, 572, 175, 1500.00, '2024-12-07 00:00:00', 1, ' تم إلغاء الوصل الوكيل(ة): اشريفة الشيخ(22660484)  دفع(ت)  { نصف شهر 10/2024 لجميع الأفراد }لطالب(ة): مريم أحمد'),
(538, 646, 175, 1500.00, '2024-12-07 00:00:00', 1, ' تم إلغاء الوصل الوكيل(ة): اشريفة الشيخ(22660484)  دفع(ت) الأشهر { ديسمبر }لطالب(ة): أمل محمد محمود'),
(539, 646, 175, 1500.00, '2024-12-07 00:00:00', 1, ' تم إلغاء الوصل الوكيل(ة): اشريفة الشيخ(22660484)  دفع(ت)  { نصف شهر 10/2024 لجميع الأفراد }لطالب(ة): أمل محمد محمود'),
(540, 996, NULL, 1000.00, '2024-12-07 00:00:00', 17, 'الطالب(ة) سدد(ت)  الشيخ بان محمد عبد الله  الأشهر: { ديسمبر } '),
(541, 633, NULL, 200.00, '2024-12-07 00:00:00', 17, '.سدد متأخرات : (محمد يحي سيدي محمد)'),
(542, 451, 241, 1000.00, '2024-12-07 00:00:00', 17, 'الوكيل(ة): بشرى البشير (34175616)  دفع(ت) الأشهر { نوفمبر }لطالب(ة): فاطمة الزهراء السالك '),
(543, 540, 241, 1000.00, '2024-12-07 00:00:00', 17, 'الوكيل(ة): بشرى البشير (34175616)  دفع(ت) الأشهر { نوفمبر }لطالب(ة): محمد السالك'),
(544, 824, 241, 1000.00, '2024-12-07 00:00:00', 17, 'الوكيل(ة): بشرى البشير (34175616)  دفع(ت) الأشهر { نوفمبر }لطالب(ة): حميدة السالك'),
(545, 530, 283, 3500.00, '2024-12-07 00:00:00', 17, 'الوكيل(ة): عيشة ابوك(26443309)  دفع(ت) الأشهر { نوفمبر }لطالب(ة): محمد فاضل محمدن '),
(546, 849, NULL, 1500.00, '2024-12-07 00:00:00', 17, 'الطالب(ة) سدد(ت)  بادي محمد  الأشهر: { ديسمبر } '),
(547, NULL, NULL, 6000.00, '2024-12-07 00:00:00', 14, ' الموظف(ة): زينب ,  تسديد راتب شهر 11-2024'),
(548, NULL, NULL, 4330.00, '2024-12-07 00:00:00', 14, ' الموظف(ة): حدمين سيدي عالي,  راتب 13-يوم من شهر 11-2024'),
(549, 523, NULL, 3500.00, '2024-12-07 00:00:00', 17, 'الطالب(ة) سدد(ت)  المصطفى ألمين فال  الأشهر: { ديسمبر } '),
(550, 512, 268, 1500.00, '2024-12-07 00:00:00', 17, 'الوكيل(ة): فاطمة  المعزوز(48930177)  دفع(ت) الأشهر { ديسمبر }لطالب(ة): محمد عبد القادر السالك '),
(551, 608, 268, 1000.00, '2024-12-07 00:00:00', 17, 'الوكيل(ة): فاطمة  المعزوز(48930177)  دفع(ت) الأشهر { ديسمبر }لطالب(ة): أم كلثوم السالك '),
(552, 313, NULL, 3500.00, '2024-12-07 00:00:00', 17, 'الطالب(ة) سدد(ت)  الناجي يب الأشهر: { ديسمبر } '),
(553, 860, NULL, 1200.00, '2024-12-07 00:00:00', 17, 'الطالب(ة) سدد(ت)  سعد بوه محمد فال الأشهر: { ديسمبر } '),
(554, 707, NULL, 1200.00, '2024-12-07 00:00:00', 17, 'الطالب(ة) سدد(ت)  محمد محمود يحي الأشهر: { ديسمبر } '),
(555, 848, NULL, 1000.00, '2024-12-07 00:00:00', 17, 'الطالب(ة) سدد(ت)  جمال محمد الأشهر: { ديسمبر } '),
(556, 216, 80, 1000.00, '2024-12-08 00:00:00', 17, 'الوكيل(ة): نفيسة عالى (26303653)  دفع(ت) الأشهر { نوفمبر }لطالب(ة): رقية محمد الأمين '),
(557, 424, 80, 1500.00, '2024-12-08 00:00:00', 17, 'الوكيل(ة): نفيسة عالى (26303653)  دفع(ت) الأشهر { نوفمبر }لطالب(ة): البتول محمد الأمين '),
(558, 516, 80, 3500.00, '2024-12-08 00:00:00', 17, 'الوكيل(ة): نفيسة عالى (26303653)  دفع(ت) الأشهر { نوفمبر }لطالب(ة): معاذ محمد الأمين '),
(559, 715, NULL, 1000.00, '2024-12-08 00:00:00', 17, 'الطالب(ة) سدد(ت)  محمد محمد سالم مسعود الأشهر: { ديسمبر } '),
(560, 662, NULL, 800.00, '2024-12-08 00:00:00', 14, 'الطالب(ة) سدد(ت)  جميلة عمر الأشهر: { ديسمبر } '),
(561, NULL, NULL, 5000.00, '2024-12-08 00:00:00', 17, ' الموظف(ة): مريم سيدي ,  تكملة شهر 11'),
(562, NULL, NULL, 4000.00, '2024-12-08 00:00:00', 17, ' الموظف(ة): منة ودادي,  شهر 11 '),
(563, NULL, NULL, 200.00, '2024-12-08 00:00:00', 17, 'حساب : المشتريات  -{ كدو+كاز+ }-'),
(564, 452, NULL, 800.00, '2024-12-08 10:23:22', 14, 'الطالب(ة) سدد(ت)  مريم يحي الأشهر: { ديسمبر } '),
(565, 218, NULL, 1000.00, '2024-12-08 17:33:06', 1, 'الطالب(ة) سدد(ت)  محمد فال محمد سالم  الأشهر: { ديسمبر } '),
(566, 435, 232, 1000.00, '2024-12-08 17:38:26', 17, 'الوكيل(ة): حمود (22315612)  دفع(ت) الأشهر { نوفمبر }لطالب(ة): عائشة أحمد حمود '),
(567, 659, 232, 800.00, '2024-12-08 17:38:38', 17, 'الوكيل(ة): حمود (22315612)  دفع(ت) الأشهر { نوفمبر }لطالب(ة): توت أحمد حمود'),
(568, 704, 232, 1000.00, '2024-12-08 17:38:48', 17, 'الوكيل(ة): حمود (22315612)  دفع(ت) الأشهر { نوفمبر }لطالب(ة): محمد أحمد حمود'),
(569, 326, 232, 1000.00, '2024-12-08 17:41:16', 17, 'الوكيل(ة): حمود (22315612)  دفع(ت) الأشهر { نوفمبر }لطالب(ة): أمينة حمود'),
(570, 517, NULL, 3500.00, '2024-12-08 17:49:20', 17, 'الطالب(ة) سدد(ت)  أعل الشيخ المختار  الأشهر: { ديسمبر } '),
(571, 517, NULL, 3500.00, '2024-12-08 17:51:47', 1, 'تم إلغاء الوصل الطالب(ة) سدد(ت)  أعل الشيخ المختار  الأشهر: { ديسمبر }'),
(572, 583, 320, 2000.00, '2024-12-08 18:15:01', 17, 'الوكيل(ة): مريم مولاي عبد الرحمن(22315770)  دفع(ت) الأشهر { نوفمبر, ديسمبر }لطالب(ة): مولاي محمد فال'),
(573, 584, 320, 2000.00, '2024-12-08 18:15:16', 17, 'الوكيل(ة): مريم مولاي عبد الرحمن(22315770)  دفع(ت) الأشهر { نوفمبر, ديسمبر }لطالب(ة): حمود محمود فال'),
(574, 368, NULL, 1000.00, '2024-12-08 18:19:48', 14, 'الطالب(ة) سدد(ت)  أم كلثوم  امباله  الأشهر: { يناير } '),
(575, 648, NULL, 1000.00, '2024-12-08 18:29:24', 17, 'الطالب(ة) سدد(ت)  أسماء البو الأشهر: { نوفمبر } '),
(576, 835, NULL, 700.00, '2024-12-09 08:24:58', 1, 'الطالب(ة) سدد(ت)  محمد الزين كابر الأشهر: { نوفمبر } '),
(577, 1000, NULL, 1000.00, '2024-12-09 08:50:56', 1, 'الطالب(ة): النعمة سيدي محمد عبد الله سديد(ت) رسوم '),
(578, NULL, NULL, 650.00, '2024-12-09 09:32:31', 17, ' الموظف(ة): امحمد أحمدو امباله,  حولي +المنزل '),
(579, NULL, NULL, 4020.00, '2024-12-09 09:36:37', 17, 'حساب : المشتريات  -{ أواني  }-'),
(580, NULL, NULL, 3500.00, '2024-12-09 09:38:51', 17, 'حساب : الأجور  -{ لصالح حمد السفرة  }-'),
(581, NULL, NULL, 9000.00, '2024-12-09 10:35:23', 1, ' الموظف(ة): عمر أن محمود,  نوفمبر2024'),
(582, 592, 222, 1000.00, '2024-12-09 10:58:14', 14, 'الوكيل(ة): محمد الشيخ النعمة(42116355)  دفع(ت) الأشهر { نوفمبر }لطالب(ة): إبراهيم محمد'),
(583, 614, 222, 1000.00, '2024-12-09 10:58:35', 14, 'الوكيل(ة): محمد الشيخ النعمة(42116355)  دفع(ت) الأشهر { نوفمبر }لطالب(ة): فاطمة محمد'),
(584, 615, 222, 1000.00, '2024-12-09 10:58:47', 14, 'الوكيل(ة): محمد الشيخ النعمة(42116355)  دفع(ت) الأشهر { نوفمبر }لطالب(ة): خديجة محمد '),
(585, 767, 222, 1000.00, '2024-12-09 10:59:00', 14, 'الوكيل(ة): محمد الشيخ النعمة(42116355)  دفع(ت) الأشهر { نوفمبر }لطالب(ة): عبد الله محمد الشيخ النعمة'),
(586, 933, 222, 1000.00, '2024-12-09 10:59:21', 14, 'الوكيل(ة): محمد الشيخ النعمة(42116355)  دفع(ت) الأشهر { نوفمبر }لطالب(ة): الداه الشيخ النعمة '),
(587, 0, 222, 500.00, '2024-12-09 11:00:19', 14, 'الوكيل(ة): محمد الشيخ النعمة(42116355)  دفع(ت)  رسوم تسجيل لطالب(ة)  : '),
(588, 835, NULL, 700.00, '2024-12-09 11:12:20', 1, 'تم إلغاء الوصل الطالب(ة) سدد(ت)  محمد الزين كابر الأشهر: { نوفمبر }'),
(589, 368, NULL, 1000.00, '2024-12-09 11:15:14', 1, 'تم إلغاء الوصل الطالب(ة) سدد(ت)  أم كلثوم  امباله  الأشهر: { يناير }'),
(590, NULL, NULL, 100.00, '2024-12-07 17:03:30', 14, 'حساب : الصيانة و الأدوات  -{ إصلاح مقعد إدارة الدروس  }-'),
(591, NULL, NULL, 50.00, '2024-12-07 17:04:15', 14, 'حساب : المشتريات  -{ مشتريات متفرقة  }-'),
(592, NULL, NULL, 430.00, '2024-12-07 17:22:27', 14, 'حساب : الأجور  -{ الموظف حدمين - تكملة 13-يوم  }-'),
(593, NULL, NULL, 50.00, '2024-12-07 17:23:25', 14, ' الموظف(ة): محمد الشيخ أحمد فال,  شهر 12-2024'),
(594, NULL, NULL, 1600.00, '2024-12-08 17:29:41', 14, 'نقل الأموال من حساب الصندوق الى حساب بنكيلي { صافي يومية 08-12-2024 }'),
(595, 385, 202, 1600.00, '2024-12-09 17:45:59', 14, 'الوكيل(ة): سعدنا سيدي عبد الرحمن(22083545)  دفع(ت) الأشهر { نوفمبر, ديسمبر }لطالب(ة): عاتكة سعدنا'),
(596, 431, 202, 1600.00, '2024-12-09 17:46:14', 14, 'الوكيل(ة): سعدنا سيدي عبد الرحمن(22083545)  دفع(ت) الأشهر { نوفمبر, ديسمبر }لطالب(ة): عيشة سعدنا '),
(597, 495, 202, 1600.00, '2024-12-09 17:46:33', 14, 'الوكيل(ة): سعدنا سيدي عبد الرحمن(22083545)  دفع(ت) الأشهر { نوفمبر, ديسمبر }لطالب(ة): المعنية سعدنا '),
(598, 499, 202, 1600.00, '2024-12-09 17:46:50', 14, 'الوكيل(ة): سعدنا سيدي عبد الرحمن(22083545)  دفع(ت) الأشهر { نوفمبر, ديسمبر }لطالب(ة): فاطمة سعدنا '),
(599, 734, 202, 1600.00, '2024-12-09 17:47:06', 14, 'الوكيل(ة): سعدنا سيدي عبد الرحمن(22083545)  دفع(ت) الأشهر { نوفمبر, ديسمبر }لطالب(ة): سيدي سعدنا '),
(600, 436, 233, 1200.00, '2024-12-09 17:51:27', 14, 'الوكيل(ة): السالمة محمد المختار(22066030)  دفع(ت) الأشهر { ديسمبر }لطالب(ة): فاطمة الزهراء محمد المختار'),
(601, 437, 233, 1200.00, '2024-12-09 17:51:51', 14, 'الوكيل(ة): السالمة محمد المختار(22066030)  دفع(ت) الأشهر { ديسمبر }لطالب(ة): أمنة محمد المختار'),
(602, 437, 233, 1200.00, '2024-12-09 17:52:16', 14, 'الوكيل(ة): السالمة محمد المختار(22066030)  دفع(ت) الأشهر { ديسمبر }لطالب(ة): أمنة محمد المختار'),
(603, 153, NULL, 1000.00, '2024-12-09 23:40:49', 1, 'الطالب(ة) سدد(ت)  ممين محمد الأمين الأشهر: { ديسمبر } '),
(604, 285, 133, 1200.00, '2024-12-10 08:47:50', 17, 'الوكيل(ة): زينب يعقوب(49375958)  دفع(ت) الأشهر { نوفمبر }لطالب(ة): فاطمة أحمد'),
(605, 298, 133, 1500.00, '2024-12-10 08:48:01', 17, 'الوكيل(ة): زينب يعقوب(49375958)  دفع(ت) الأشهر { نوفمبر }لطالب(ة): يوسف أحمد'),
(606, 485, 133, 2500.00, '2024-12-10 08:48:18', 17, 'الوكيل(ة): زينب يعقوب(49375958)  دفع(ت) الأشهر { نوفمبر }لطالب(ة): محمد الأمين أحمد '),
(607, 491, NULL, 1500.00, '2024-12-10 08:56:43', 17, 'الطالب(ة) سدد(ت)  الشيخ باي الخليل  الأشهر: { ديسمبر } '),
(608, 498, NULL, 1300.00, '2024-12-10 09:14:57', 17, 'الطالب(ة) سدد(ت)  مولاي الحسن الحسين  الأشهر: { ديسمبر } '),
(609, 673, NULL, 2400.00, '2024-12-10 09:44:09', 17, 'الطالب(ة) سدد(ت)  أحمد ياسين أحمدو الأشهر: { نوفمبر, ديسمبر } '),
(610, 360, 181, 1000.00, '2024-12-10 14:13:35', 14, 'الوكيل(ة): آمنة محمد عالي(32611677)  دفع(ت) الأشهر { ديسمبر }لطالب(ة): محمد عالي محمد فال'),
(611, 361, 181, 1000.00, '2024-12-10 14:14:05', 14, 'الوكيل(ة): آمنة محمد عالي(32611677)  دفع(ت) الأشهر { ديسمبر }لطالب(ة): سيدي محمد محمد فال'),
(612, 420, 181, 1500.00, '2024-12-10 14:14:33', 14, 'الوكيل(ة): آمنة محمد عالي(32611677)  دفع(ت) الأشهر { ديسمبر }لطالب(ة): مريم محمد فال'),
(613, 421, 181, 1500.00, '2024-12-10 14:14:58', 14, 'الوكيل(ة): آمنة محمد عالي(32611677)  دفع(ت) الأشهر { ديسمبر }لطالب(ة): تحي محمد فال'),
(614, 213, NULL, 1000.00, '2024-12-10 15:08:21', 17, 'الطالب(ة) سدد(ت)  الناها النعمة  الأشهر: { ديسمبر } '),
(615, 401, 212, 1000.00, '2024-12-10 16:28:23', 17, 'الوكيل(ة): لمات الداهيه(27671905)  دفع(ت) الأشهر { ديسمبر }لطالب(ة): آمنة أحمد طالب '),
(616, 402, 212, 1200.00, '2024-12-10 16:28:39', 17, 'الوكيل(ة): لمات الداهيه(27671905)  دفع(ت) الأشهر { ديسمبر }لطالب(ة): سليمان أحمد طالب '),
(617, 470, 212, 1200.00, '2024-12-10 16:28:49', 17, 'الوكيل(ة): لمات الداهيه(27671905)  دفع(ت) الأشهر { ديسمبر }لطالب(ة): عائشة أحمد طالب'),
(618, 489, NULL, 2000.00, '2024-12-10 16:38:10', 17, 'الطالب(ة) سدد(ت)  الطيب محمد عبد الله الإمام الأشهر: { نوفمبر } '),
(619, 489, NULL, 2000.00, '2024-12-10 16:56:51', 17, 'الطالب(ة) سدد(ت)  الطيب محمد عبد الله الإمام الأشهر: { ديسمبر } '),
(620, 677, 356, 1200.00, '2024-12-10 17:01:09', 17, 'الوكيل(ة): فاطمة محمد عبد الله(36244871)  دفع(ت) الأشهر { ديسمبر }لطالب(ة): بداه سيدي محمد'),
(621, 678, 356, 1000.00, '2024-12-10 17:01:20', 17, 'الوكيل(ة): فاطمة محمد عبد الله(36244871)  دفع(ت) الأشهر { ديسمبر }لطالب(ة): عثمان سيدي محمد'),
(622, 679, 356, 1200.00, '2024-12-10 17:01:31', 17, 'الوكيل(ة): فاطمة محمد عبد الله(36244871)  دفع(ت) الأشهر { ديسمبر }لطالب(ة): اسماعيل سيدي محمد '),
(623, 680, 356, 1000.00, '2024-12-10 17:01:44', 17, 'الوكيل(ة): فاطمة محمد عبد الله(36244871)  دفع(ت) الأشهر { ديسمبر }لطالب(ة): محمد عبد الله سيدي محمد'),
(624, 817, 313, 1000.00, '2024-12-10 18:09:33', 14, 'الوكيل(ة): محمد عبد الرحمن (37135125)  دفع(ت) الأشهر { ديسمبر }لطالب(ة): سيد محمد عبد الرحمن '),
(625, 506, 313, 1200.00, '2024-12-10 18:10:09', 14, 'الوكيل(ة): محمد عبد الرحمن (37135125)  دفع(ت)  رسوم تسجيل لطالب(ة)  : فاطمة عبد الرحمن '),
(626, 207, NULL, 1000.00, '2024-12-10 18:21:42', 14, 'الطالب(ة) سدد(ت)  آية محمد سيدي  الأشهر: { ديسمبر } ');
INSERT INTO `receipts` (`receipt_id`, `student_id`, `agent_id`, `total_amount`, `receipt_date`, `created_by`, `receipt_description`) VALUES
(627, 474, 248, 1000.00, '2024-12-10 18:32:07', 14, 'الوكيل(ة): فاطمة محمد (36464747)  دفع(ت) الأشهر { نوفمبر }لطالب(ة): خديجة سعدبوه '),
(628, 571, 248, 1000.00, '2024-12-10 18:32:18', 14, 'الوكيل(ة): فاطمة محمد (36464747)  دفع(ت) الأشهر { نوفمبر }لطالب(ة): آية سعد بوه '),
(629, 997, 248, 1000.00, '2024-12-10 18:32:38', 14, 'الوكيل(ة): فاطمة محمد (36464747)  دفع(ت) الأشهر { نوفمبر }لطالب(ة): فاطمة محمد'),
(630, NULL, NULL, 7000.00, '2024-12-10 18:38:41', 14, ' الموظف(ة): يحيى محمد احمد  محم,  تسديد راتب شهر 11-2024'),
(631, NULL, NULL, 9000.00, '2024-12-10 18:39:37', 14, ' الموظف(ة): محمد ولد عبد القادر,  تسديد راتب شهر 11-2024'),
(632, NULL, NULL, 6000.00, '2024-12-10 18:40:04', 14, ' الموظف(ة): فاطمة ابراهيم,  تسديد راتب شهر 11-2024'),
(633, 312, 153, 1000.00, '2024-12-10 18:40:21', 17, 'الوكيل(ة): مريم (22001489)  دفع(ت) الأشهر { ديسمبر }لطالب(ة): يوكيها محمد نافع '),
(634, 316, 153, 1200.00, '2024-12-10 18:40:32', 17, 'الوكيل(ة): مريم (22001489)  دفع(ت) الأشهر { ديسمبر }لطالب(ة): أحمد محمد نافع '),
(635, NULL, NULL, 4500.00, '2024-12-10 18:41:15', 14, ' الموظف(ة): يحيى الشيخ الخليفة,  مقدم شــ  12-2024'),
(636, 852, 153, 1000.00, '2024-12-10 18:41:49', 17, 'الوكيل(ة): مريم (22001489)  دفع(ت) الأشهر { ديسمبر }لطالب(ة): الناه محمد نافع'),
(637, 930, 153, 800.00, '2024-12-10 18:42:03', 17, 'الوكيل(ة): مريم (22001489)  دفع(ت) الأشهر { ديسمبر }لطالب(ة): الشيخ محمد نافع'),
(638, 822, NULL, 1000.00, '2024-12-10 19:06:47', 14, 'الطالب(ة) سدد(ت)  ميمونه احمد ولد سيدي الأشهر: { ديسمبر } '),
(639, 185, 59, 1200.00, '2024-12-10 19:07:43', 17, 'الوكيل(ة): أحمد عالي (22316646)  دفع(ت) الأشهر { ديسمبر }لطالب(ة): سيدي محمد محمد محمود '),
(640, 236, 59, 1200.00, '2024-12-10 19:08:02', 17, 'الوكيل(ة): أحمد عالي (22316646)  دفع(ت) الأشهر { ديسمبر }لطالب(ة): محمد أحمد عالي'),
(641, 238, 59, 1200.00, '2024-12-10 19:08:13', 17, 'الوكيل(ة): أحمد عالي (22316646)  دفع(ت) الأشهر { ديسمبر }لطالب(ة): أحمد عالي'),
(642, 242, 59, 1200.00, '2024-12-10 19:08:23', 17, 'الوكيل(ة): أحمد عالي (22316646)  دفع(ت) الأشهر { ديسمبر }لطالب(ة): سيد أحمد أحمد'),
(643, 245, 59, 1200.00, '2024-12-10 19:08:33', 17, 'الوكيل(ة): أحمد عالي (22316646)  دفع(ت) الأشهر { ديسمبر }لطالب(ة): محمد محمد محمود'),
(644, 964, NULL, 1200.00, '2024-12-10 19:43:52', 17, 'الطالب(ة) سدد(ت)  شهاب الدين ابوه  الأشهر: { ديسمبر } '),
(645, 710, 372, 800.00, '2024-12-10 20:09:07', 17, 'الوكيل(ة): عمر السالك (36941596)  دفع(ت) الأشهر { نوفمبر }لطالب(ة): فاطمة عمر '),
(646, 712, 372, 800.00, '2024-12-10 20:09:18', 17, 'الوكيل(ة): عمر السالك (36941596)  دفع(ت) الأشهر { نوفمبر }لطالب(ة): آسية عمر'),
(647, 713, 372, 800.00, '2024-12-10 20:10:00', 17, 'الوكيل(ة): عمر السالك (36941596)  دفع(ت) الأشهر { نوفمبر }لطالب(ة): مارية عمر '),
(648, 1001, NULL, 800.00, '2024-12-10 20:51:48', 18, 'الطالب(ة): ليلى سيد محمد  سديد(ت) رسوم '),
(649, 244, 99, 1000.00, '2024-12-11 11:40:12', 14, 'الوكيل(ة): عيشة (36905656)  دفع(ت) الأشهر { ديسمبر }لطالب(ة): مصطافة الطيب'),
(650, 455, 99, 1000.00, '2024-12-11 11:40:40', 14, 'الوكيل(ة): عيشة (36905656)  دفع(ت) الأشهر { ديسمبر }لطالب(ة): مريم محمد الأمين'),
(651, 779, 401, 1000.00, '2024-12-11 12:23:58', 14, 'الوكيل(ة): بنين (38066692)  دفع(ت) الأشهر { نوفمبر }لطالب(ة): مريم لحبيب '),
(652, 800, 401, 1000.00, '2024-12-11 12:24:16', 14, 'الوكيل(ة): بنين (38066692)  دفع(ت) الأشهر { نوفمبر }لطالب(ة): فاطمة امباركه لحبيب'),
(653, 805, 401, 1000.00, '2024-12-11 12:24:44', 14, 'الوكيل(ة): بنين (38066692)  دفع(ت) الأشهر { نوفمبر }لطالب(ة): محمد الأمين لحبيب'),
(655, 368, 187, 1000.00, '2024-12-11 12:36:25', 14, 'الوكيل(ة): امحمد امباله(26056959)  دفع(ت) الأشهر { فبراير }لطالب(ة): أم كلثوم  امباله '),
(656, 532, 286, 1000.00, '2024-12-11 12:36:26', 17, 'الوكيل(ة): آمنة عابدين(46004029)  دفع(ت) الأشهر { ديسمبر }لطالب(ة): إبراهيم محمد القاضي'),
(657, 579, 286, 1000.00, '2024-12-11 12:36:35', 17, 'الوكيل(ة): آمنة عابدين(46004029)  دفع(ت) الأشهر { ديسمبر }لطالب(ة): أم كلثوم محمد القاضي '),
(658, 774, 286, 1000.00, '2024-12-11 12:36:43', 17, 'الوكيل(ة): آمنة عابدين(46004029)  دفع(ت) الأشهر { ديسمبر }لطالب(ة): منة محمد عابدين '),
(659, 318, 156, 1400.00, '2024-12-11 13:10:53', 14, 'الوكيل(ة): مليكة ماء العينين (48174343)  دفع(ت) الأشهر { أكتوبر, نوفمبر }لطالب(ة): محمد سالم الطيب '),
(660, 334, 166, 1000.00, '2024-12-11 13:29:23', 14, 'الوكيل(ة): فاطمة ماء العينين (20600484)  دفع(ت) الأشهر { نوفمبر }لطالب(ة): زيدان الداهية '),
(662, 465, 166, 500.00, '2024-12-11 13:36:46', 14, 'الوكيل(ة): فاطمة ماء العينين (20600484)  دفع(ت)  رسوم تسجيل لطالب(ة)  : عيشة ادوم '),
(663, 305, 327, 1000.00, '2024-12-11 15:57:59', 17, 'الوكيل(ة): منينه سيدي عالي(46559396)  دفع(ت) الأشهر { ديسمبر }لطالب(ة): محمد مامبن '),
(664, 628, 327, 1200.00, '2024-12-11 15:58:10', 17, 'الوكيل(ة): منينه سيدي عالي(46559396)  دفع(ت) الأشهر { ديسمبر }لطالب(ة): أم الفضل مامين '),
(665, 630, 327, 1200.00, '2024-12-11 15:58:20', 17, 'الوكيل(ة): منينه سيدي عالي(46559396)  دفع(ت) الأشهر { ديسمبر }لطالب(ة): مريم مامين '),
(666, 764, 327, 1000.00, '2024-12-11 15:58:32', 17, 'الوكيل(ة): منينه سيدي عالي(46559396)  دفع(ت) الأشهر { ديسمبر }لطالب(ة): محمد فاضل مامين'),
(667, 723, 380, 1000.00, '2024-12-11 16:01:14', 17, 'الوكيل(ة): زينب سيد محمد (43135418)  دفع(ت) الأشهر { ديسمبر }لطالب(ة): محمد الأمين محمد محمود'),
(668, 725, 380, 1000.00, '2024-12-11 16:02:41', 17, 'الوكيل(ة): زينب سيد محمد (43135418)  دفع(ت) الأشهر { ديسمبر }لطالب(ة): خيرات محمد محمود'),
(669, 757, NULL, 1200.00, '2024-12-11 16:06:38', 17, 'الطالب(ة) سدد(ت)  أنس أحمد الأشهر: { نوفمبر } '),
(670, 593, NULL, 1000.00, '2024-12-11 16:08:35', 17, 'الطالب(ة) سدد(ت)  عبد الدائم أعمر محمد  الأشهر: { ديسمبر } '),
(671, 793, 382, 1000.00, '2024-12-11 16:11:14', 17, 'الوكيل(ة): بادي  يسلم (32995441)  دفع(ت) الأشهر { نوفمبر }لطالب(ة): لمينة سيد محمد مولاي أعل '),
(672, 728, 382, 1000.00, '2024-12-11 16:11:36', 17, 'الوكيل(ة): بادي  يسلم (32995441)  دفع(ت) الأشهر { نوفمبر }لطالب(ة): مولاي ارشيد سيدي محمد'),
(673, 803, 411, 1000.00, '2024-12-11 16:15:26', 17, 'الوكيل(ة): فاطمة النمين (32924092)  دفع(ت) الأشهر { ديسمبر }لطالب(ة): سيد عبد الله الناجي الحاج ابراهيم '),
(674, 851, 411, 1200.00, '2024-12-11 16:19:56', 17, 'الوكيل(ة): فاطمة النمين (32924092)  دفع(ت) الأشهر { ديسمبر }لطالب(ة): المصطفى الناجي الحاج ابراهيم'),
(675, 565, 312, 1000.00, '2024-12-11 16:22:26', 17, 'الوكيل(ة): سيدي محمد(36345850)  دفع(ت) الأشهر { ديسمبر }لطالب(ة): محمد الامين سيد محمد'),
(676, 576, 312, 1000.00, '2024-12-11 16:22:35', 17, 'الوكيل(ة): سيدي محمد(36345850)  دفع(ت) الأشهر { ديسمبر }لطالب(ة): ديدار سيدي محمد'),
(677, 578, 312, 1000.00, '2024-12-11 16:22:51', 17, 'الوكيل(ة): سيدي محمد(36345850)  دفع(ت) الأشهر { ديسمبر }لطالب(ة): محمد محمود سيد محمد'),
(678, 171, NULL, 1000.00, '2024-12-11 17:14:38', 14, 'الطالب(ة) سدد(ت)  مريم بنت أوداع الأشهر: { ديسمبر } '),
(679, NULL, NULL, 8500.00, '2024-12-11 18:04:39', 17, ' الموظف(ة): اسلم امباله,  شهر 11'),
(680, 368, NULL, 1000.00, '2024-12-11 18:09:46', 17, 'الطالب(ة) سدد(ت)  أم كلثوم  امباله  الأشهر: { مارس } '),
(681, 368, NULL, 1000.00, '2024-12-11 18:10:39', 1, 'تم إلغاء الوصل الطالب(ة) سدد(ت)  أم كلثوم  امباله'),
(682, 368, NULL, 1000.00, '2024-12-11 18:12:46', 17, 'الطالب(ة) سدد(ت)  أم كلثوم  امباله  الأشهر: { أبريل } '),
(683, 368, NULL, 1000.00, '2024-12-11 18:13:12', 1, 'تم إلغاء الوصل الطالب(ة) سدد(ت)  أم كلثوم  امباله  الأشهر {  أبريل  }'),
(684, 261, NULL, 1200.00, '2024-12-11 18:59:56', 17, 'الطالب(ة) سدد(ت)  إدوم السالك فال  الأشهر: { نوفمبر } '),
(685, 429, NULL, 1500.00, '2024-12-11 19:43:49', 17, 'الطالب(ة) سدد(ت)  ميمونة أحمدو  الأشهر: { ديسمبر } '),
(686, 488, 258, 1000.00, '2024-12-11 19:58:08', 17, 'الوكيل(ة): فيروز (37047284)  دفع(ت) الأشهر { ديسمبر }لطالب(ة): عزة محمد الحافظ'),
(687, 693, 258, 1000.00, '2024-12-11 19:58:22', 17, 'الوكيل(ة): فيروز (37047284)  دفع(ت) الأشهر { ديسمبر }لطالب(ة): محمدن محمد الحافظ'),
(688, NULL, NULL, 3200.00, '2024-12-11 20:03:37', 17, ' الموظف(ة): محمد أعل محمود   *حمد*,  اكملة ش11 '),
(689, 176, 42, 1000.00, '2024-12-11 20:27:03', 1, 'الوكيل(ة): زبيدة الداه (22629626)  دفع(ت) الأشهر { ديسمبر }لطالب(ة): فطوم عبد القادر'),
(690, 219, 42, 1200.00, '2024-12-11 20:27:17', 1, 'الوكيل(ة): زبيدة الداه (22629626)  دفع(ت) الأشهر { ديسمبر }لطالب(ة): طه عبد القادر'),
(691, 220, 42, 1200.00, '2024-12-11 20:27:26', 1, 'الوكيل(ة): زبيدة الداه (22629626)  دفع(ت) الأشهر { ديسمبر }لطالب(ة): مصعب عبد القادر'),
(692, 647, 341, 1000.00, '2024-12-12 20:31:50', 1, 'الوكيل(ة): الطالب محمد فال (20000653)  دفع(ت) الأشهر { يناير }لطالب(ة): باب الطالب'),
(693, 647, 341, 1000.00, '2024-12-12 20:32:15', 1, 'الوكيل(ة): الطالب محمد فال (20000653)  دفع(ت) الأشهر { فبراير }لطالب(ة): باب الطالب'),
(694, 647, 341, 1000.00, '2024-12-12 20:41:58', 1, 'الوكيل(ة): الطالب محمد فال (20000653)  دفع(ت) الأشهر { فبراير }لطالب(ة): باب الطالب'),
(695, 644, 341, 1200.00, '2024-12-12 20:44:55', 1, 'الوكيل(ة): الطالب محمد فال (20000653)  دفع(ت) الأشهر { يناير }لطالب(ة): خالد الطالب '),
(696, 647, 341, 3347.00, '2024-12-12 20:46:37', 1, 'الوكيل(ة): الطالب محمد فال (20000653)  دفع(ت) الأشهر { أكتوبر }لطالب(ة): باب الطالب'),
(697, 647, 341, 200.00, '2024-12-12 20:47:54', 1, 'الوكيل(ة): الطالب محمد فال (20000653)  دفع(ت)  رسوم تسجيل لطالب(ة)  : باب الطالب'),
(698, 644, 341, 234.00, '2024-12-12 21:06:54', 1, 'الوكيل(ة): الطالب محمد فال (20000653)  دفع(ت)  رسوم تسجيل لطالب(ة)  : خالد الطالب '),
(699, 647, 341, 234.00, '2024-12-12 21:07:03', 1, 'الوكيل(ة): الطالب محمد فال (20000653)  دفع(ت)  رسوم تسجيل لطالب(ة)  : باب الطالب'),
(700, 647, 341, 1000.00, '2024-12-13 21:38:23', 1, 'الوكيل(ة): الطالب محمد فال (20000653)  دفع(ت) الأشهر { نوفمبر }لطالب(ة): باب الطالب'),
(701, 644, 341, 1000.00, '2024-12-13 22:47:16', 1, 'الوكيل(ة): الطالب محمد فال (20000653)  دفع(ت) الأشهر { مايو }لطالب(ة): خالد الطالب '),
(702, 647, 341, 1000.00, '2024-12-13 22:47:35', 1, 'الوكيل(ة): الطالب محمد فال (20000653)  دفع(ت) الأشهر { مايو }لطالب(ة): باب الطالب'),
(703, 647, 341, 1000.00, '2024-12-13 22:47:48', 1, 'الوكيل(ة): الطالب محمد فال (20000653)  دفع(ت) الأشهر { مايو }لطالب(ة): باب الطالب'),
(704, 451, 241, 1000.00, '2024-12-15 11:42:45', 1, 'الوكيل(ة): بشرى البشير (34175616)  دفع(ت) الأشهر { ديسمبر }لطالب(ة): فاطمة الزهراء السالك '),
(705, 824, 241, 500.00, '2024-12-15 14:16:39', 1, 'الوكيل(ة): بشرى البشير (34175616)  دفع(ت) الأشهر { فبراير }لطالب(ة): حميدة السالك'),
(706, NULL, 241, 1000.00, '2024-12-15 15:38:36', 1, 'الوكيل(ة): بشرى البشير (34175616)  دفع(ت) الأشهر { أكتوبر, نوفمبر, ديسمبر }لطالب(ة): فاطمة الزهراء السالك '),
(707, NULL, 241, 2000.00, '2024-12-15 15:54:08', 1, 'الوكيل(ة): بشرى البشير (34175616)  دفع(ت) الأشهر { ديسمبر }لطالب(ة): '),
(708, NULL, 241, 1000.00, '2024-12-15 15:54:08', 1, 'الوكيل(ة): بشرى البشير (34175616)  دفع(ت) الأشهر { ديسمبر }لطالب(ة): فاطمة الزهراء السالك '),
(709, NULL, 241, 3000.00, '2024-12-15 15:56:17', 1, 'الوكيل(ة): بشرى البشير (34175616)  دفع(ت) الأشهر { مايو }لطالب(ة): '),
(710, 451, 241, 1500.00, '2024-12-15 15:56:17', 1, 'الوكيل(ة): بشرى البشير (34175616)  دفع(ت) الأشهر { مايو }لطالب(ة): فاطمة الزهراء السالك '),
(711, 144, NULL, 1200.00, '2024-12-15 20:33:43', 1, 'الطالب(ة) سدد(ت)  عبد العزيز أحمدو الأشهر: { ديسمبر } '),
(712, NULL, 233, 2400.00, '2024-12-15 22:16:05', 1, 'الوكيل(ة): السالمة محمد المختار(22066030)  دفع(ت) الأشهر { مارس }لطالب(ة): '),
(713, 436, 233, 1200.00, '2024-12-15 22:16:05', 1, 'الوكيل(ة): السالمة محمد المختار(22066030)  دفع(ت) الأشهر { مارس }لطالب(ة): فاطمة الزهراء محمد المختار'),
(714, NULL, 341, 2000.00, '2024-12-16 11:04:37', 1, 'الوكيل(ة): الطالب محمد فال (20000653)  دفع(ت) الأشهر { مارس }لطالبة '),
(717, NULL, 341, 1000.00, '2024-12-16 11:04:37', 1, 'الوكيل(ة): الطالب محمد فال (20000653)  دفع(ت) الأشهر { مارس } '),
(718, NULL, 341, 2000.00, '2024-12-16 11:14:01', 1, 'الوكيل(ة): الطالب محمد فال (20000653)  دفع(ت) الأشهر { أبريل }لطالبة '),
(719, NULL, 341, 2000.00, '2024-12-16 11:14:01', 1, 'الوكيل(ة): الطالب محمد فال (20000653)  دفع(ت) الأشهر { أبريل }لطالبة '),
(845, NULL, 341, 4000.00, '2024-12-16 21:05:53', 1, 'الوكيل(ة): الطالب محمد فال (20000653)  دفع(ت) الأشهر { نوفمبر,مارس }11لطالبة '),
(846, NULL, 341, 4000.00, '2024-12-16 21:05:53', 1, 'الوكيل(ة): الطالب محمد فال (20000653)  دفع(ت) الأشهر { نوفمبر,مارس }11لطالبة '),
(847, NULL, 341, 2000.00, '2024-12-16 21:05:53', 1, 'الوكيل(ة): الطالب محمد فال (20000653)  دفع(ت) الأشهر { نوفمبر,مارس } '),
(848, NULL, 341, 2000.00, '2024-12-16 21:05:53', 1, 'الوكيل(ة): الطالب محمد فال (20000653)  دفع(ت) الأشهر { نوفمبر,مارس } '),
(849, NULL, 341, 1000.00, '2024-12-16 21:09:41', 1, 'الوكيل(ة): الطالب محمد فال (20000653)  دفع(ت) الأشهر { فبراير }11لطالبة '),
(850, NULL, 341, 1000.00, '2024-12-16 21:09:41', 1, 'الوكيل(ة): الطالب محمد فال (20000653)  دفع(ت) الأشهر { فبراير }11لطالبة '),
(851, NULL, 341, 500.00, '2024-12-16 21:09:41', 1, 'الوكيل(ة): الطالب محمد فال (20000653)  دفع(ت) الأشهر { فبراير } '),
(852, NULL, 341, 500.00, '2024-12-16 21:09:41', 1, 'الوكيل(ة): الطالب محمد فال (20000653)  دفع(ت) الأشهر { فبراير } '),
(853, NULL, 341, 3000.00, '2024-12-16 21:57:39', 1, 'الوكيل(ة): الطالب محمد فال (20000653)  دفع(ت) الأشهر { فبراير,مايو }11لطالبة '),
(854, NULL, 341, 3000.00, '2024-12-16 21:57:39', 1, 'الوكيل(ة): الطالب محمد فال (20000653)  دفع(ت) الأشهر { فبراير,مايو }11لطالبة '),
(855, NULL, 341, 1500.00, '2024-12-16 21:57:39', 1, 'الوكيل(ة): الطالب محمد فال (20000653)  دفع(ت) الأشهر { فبراير,مايو } '),
(856, NULL, 341, 1500.00, '2024-12-16 21:57:39', 1, 'الوكيل(ة): الطالب محمد فال (20000653)  دفع(ت) الأشهر { فبراير,مايو } '),
(857, 143, NULL, 500.00, '2024-12-17 12:04:32', 1, 'الطالب(ة) سدد(ت)  محمد ألمين الأشهر: { ديسمبر } '),
(858, 143, NULL, 250.00, '2024-12-17 12:04:46', 1, '.سدد متأخرات : (محمد ألمين)'),
(859, 143, NULL, 500.00, '2024-12-17 14:33:28', 1, 'تم إلغاء الوصل الطالب(ة) سدد(ت)  محمد ألمين الأشهر {  ديسمبر  }'),
(860, 644, 341, 1000.00, '2024-12-17 19:00:04', 1, 'الوكيل(ة): الطالب محمد فال (20000653)  دفع(ت) الأشهر { أبريل }لطالب(ة): خالد الطالب '),
(861, NULL, 341, 3000.00, '2024-12-17 19:00:42', 1, 'الوكيل(ة): الطالب محمد فال (20000653)  دفع(ت) الأشهر { أبريل,يوليو }11لطالبة '),
(862, NULL, 341, 3000.00, '2024-12-17 19:00:42', 1, 'الوكيل(ة): الطالب محمد فال (20000653)  دفع(ت) الأشهر { أبريل,يوليو }11لطالبة '),
(863, NULL, 341, 1500.00, '2024-12-17 19:00:42', 1, 'الوكيل(ة): الطالب محمد فال (20000653)  دفع(ت) الأشهر { أبريل,يوليو } '),
(864, NULL, 341, 1500.00, '2024-12-17 19:00:42', 1, 'الوكيل(ة): الطالب محمد فال (20000653)  دفع(ت) الأشهر { أبريل,يوليو } '),
(865, NULL, 341, 3000.00, '2024-12-17 19:08:50', 1, 'الوكيل(ة): الطالب محمد فال (20000653)  دفع(ت) الأشهر { فبراير,مايو }11لطالبة '),
(866, NULL, 341, 3000.00, '2024-12-17 19:08:50', 1, 'الوكيل(ة): الطالب محمد فال (20000653)  دفع(ت) الأشهر { فبراير,مايو }11لطالبة '),
(867, NULL, 341, 1500.00, '2024-12-17 19:08:50', 1, 'الوكيل(ة): الطالب محمد فال (20000653)  دفع(ت) الأشهر { فبراير,مايو } '),
(868, NULL, 341, 1500.00, '2024-12-17 19:08:50', 1, 'الوكيل(ة): الطالب محمد فال (20000653)  دفع(ت) الأشهر { فبراير,مايو } '),
(869, NULL, 341, 3000.00, '2024-12-17 19:36:24', 1, 'الوكيل(ة): الطالب محمد فال (20000653)  دفع(ت) الأشهر { فبراير,مايو }11لطالبة '),
(870, NULL, 341, 3000.00, '2024-12-17 19:36:24', 1, 'الوكيل(ة): الطالب محمد فال (20000653)  دفع(ت) الأشهر { فبراير,مايو }11لطالبة '),
(871, NULL, 341, 1500.00, '2024-12-17 19:36:24', 1, 'الوكيل(ة): الطالب محمد فال (20000653)  دفع(ت) الأشهر { فبراير,مايو } '),
(872, NULL, 341, 1500.00, '2024-12-17 19:36:24', 1, 'الوكيل(ة): الطالب محمد فال (20000653)  دفع(ت) الأشهر { فبراير,مايو } '),
(873, NULL, 341, 3000.00, '2024-12-17 19:49:20', 1, 'الوكيل(ة): الطالب محمد فال (20000653)  دفع(ت) الأشهر { فبراير,مايو }11لطالبة '),
(874, NULL, 341, 3000.00, '2024-12-17 19:49:20', 1, 'الوكيل(ة): الطالب محمد فال (20000653)  دفع(ت) الأشهر { فبراير,مايو }11لطالبة '),
(875, NULL, 341, 1500.00, '2024-12-17 19:49:20', 1, 'الوكيل(ة): الطالب محمد فال (20000653)  دفع(ت) الأشهر { فبراير,مايو } '),
(876, NULL, 341, 1500.00, '2024-12-17 19:49:20', 1, 'الوكيل(ة): الطالب محمد فال (20000653)  دفع(ت) الأشهر { فبراير,مايو } '),
(877, NULL, 341, 3000.00, '2024-12-17 20:11:10', 1, 'الوكيل(ة): الطالب محمد فال (20000653)  دفع(ت) الأشهر { فبراير,مايو }11لطالبة '),
(878, NULL, 341, 3000.00, '2024-12-17 20:11:10', 1, 'الوكيل(ة): الطالب محمد فال (20000653)  دفع(ت) الأشهر { فبراير,مايو }11لطالبة '),
(879, NULL, 341, 1500.00, '2024-12-17 20:11:10', 1, 'الوكيل(ة): الطالب محمد فال (20000653)  دفع(ت) الأشهر { فبراير,مايو } '),
(880, NULL, 341, 1500.00, '2024-12-17 20:11:10', 1, 'الوكيل(ة): الطالب محمد فال (20000653)  دفع(ت) الأشهر { فبراير,مايو } '),
(881, NULL, 341, 3000.00, '2024-12-17 20:13:49', 1, 'الوكيل(ة): الطالب محمد فال (20000653)  دفع(ت) الأشهر { فبراير,مايو }11لطالبة '),
(882, NULL, 341, 3000.00, '2024-12-17 20:13:49', 1, 'الوكيل(ة): الطالب محمد فال (20000653)  دفع(ت) الأشهر { فبراير,مايو }11لطالبة '),
(883, NULL, 341, 1500.00, '2024-12-17 20:13:49', 1, 'الوكيل(ة): الطالب محمد فال (20000653)  دفع(ت) الأشهر { فبراير,مايو } '),
(884, NULL, 341, 1500.00, '2024-12-17 20:13:49', 1, 'الوكيل(ة): الطالب محمد فال (20000653)  دفع(ت) الأشهر { فبراير,مايو } '),
(885, NULL, 341, 2000.00, '2024-12-17 20:31:49', 1, 'الوكيل(ة): الطالب محمد فال (20000653)  دفع(ت) الأشهر { فبراير }11لطالبة '),
(886, NULL, 341, 2000.00, '2024-12-17 20:31:49', 1, 'الوكيل(ة): الطالب محمد فال (20000653)  دفع(ت) الأشهر { فبراير }11لطالبة '),
(887, NULL, 341, 1000.00, '2024-12-17 20:31:49', 1, 'الوكيل(ة): الطالب محمد فال (20000653)  دفع(ت) الأشهر { فبراير } '),
(888, NULL, 341, 1000.00, '2024-12-17 20:31:49', 1, 'الوكيل(ة): الطالب محمد فال (20000653)  دفع(ت) الأشهر { فبراير } '),
(889, 647, 341, 1000.00, '2024-12-17 20:32:25', 1, 'الوكيل(ة): الطالب محمد فال (20000653)  دفع(ت) الأشهر { يناير }لطالب(ة): باب الطالب'),
(890, NULL, 341, 3000.00, '2024-12-17 20:32:35', 1, 'الوكيل(ة): الطالب محمد فال (20000653)  دفع(ت) الأشهر { يناير,أبريل }11لطالبة '),
(891, NULL, 341, 3000.00, '2024-12-17 20:32:35', 1, 'الوكيل(ة): الطالب محمد فال (20000653)  دفع(ت) الأشهر { يناير,أبريل }11لطالبة '),
(892, NULL, 341, 1500.00, '2024-12-17 20:32:35', 1, 'الوكيل(ة): الطالب محمد فال (20000653)  دفع(ت) الأشهر { يناير,أبريل } '),
(893, NULL, 341, 1500.00, '2024-12-17 20:32:35', 1, 'الوكيل(ة): الطالب محمد فال (20000653)  دفع(ت) الأشهر { يناير,أبريل } '),
(894, NULL, 341, 3000.00, '2024-12-17 20:40:28', 1, 'الوكيل(ة): الطالب محمد فال (20000653)  دفع(ت) الأشهر { يناير,أبريل }11لطالبة '),
(895, NULL, 341, 3000.00, '2024-12-17 20:40:28', 1, 'الوكيل(ة): الطالب محمد فال (20000653)  دفع(ت) الأشهر { يناير,أبريل }11لطالبة '),
(896, NULL, 341, 1500.00, '2024-12-17 20:40:28', 1, 'الوكيل(ة): الطالب محمد فال (20000653)  دفع(ت) الأشهر { يناير,أبريل } '),
(897, NULL, 341, 1500.00, '2024-12-17 20:40:28', 1, 'الوكيل(ة): الطالب محمد فال (20000653)  دفع(ت) الأشهر { يناير,أبريل } '),
(898, NULL, 341, 3000.00, '2024-12-17 20:43:27', 1, 'الوكيل(ة): الطالب محمد فال (20000653)  دفع(ت) الأشهر { يناير,أبريل }11لطالبة '),
(899, NULL, 341, 3000.00, '2024-12-17 20:43:27', 1, 'الوكيل(ة): الطالب محمد فال (20000653)  دفع(ت) الأشهر { يناير,أبريل }11لطالبة '),
(900, NULL, 341, 1500.00, '2024-12-17 20:43:27', 1, 'الوكيل(ة): الطالب محمد فال (20000653)  دفع(ت) الأشهر { يناير,أبريل } '),
(901, NULL, 341, 1500.00, '2024-12-17 20:43:27', 1, 'الوكيل(ة): الطالب محمد فال (20000653)  دفع(ت) الأشهر { يناير,أبريل } '),
(902, NULL, 341, 3000.00, '2024-12-17 20:52:58', 1, 'الوكيل(ة): الطالب محمد فال (20000653)  دفع(ت) الأشهر { يناير,أبريل }11لطالبة '),
(903, NULL, 341, 3000.00, '2024-12-17 20:52:58', 1, 'الوكيل(ة): الطالب محمد فال (20000653)  دفع(ت) الأشهر { يناير,أبريل }11لطالبة '),
(904, NULL, 341, 1500.00, '2024-12-17 20:52:58', 1, 'الوكيل(ة): الطالب محمد فال (20000653)  دفع(ت) الأشهر { يناير,أبريل } '),
(905, NULL, 341, 1500.00, '2024-12-17 20:52:58', 1, 'الوكيل(ة): الطالب محمد فال (20000653)  دفع(ت) الأشهر { يناير,أبريل } '),
(906, NULL, 341, 4000.00, '2024-12-17 20:55:52', 1, 'الوكيل(ة): الطالب محمد فال (20000653)  دفع(ت) الأشهر { مايو,أغسطس }11لطالبة '),
(907, NULL, 341, 4000.00, '2024-12-17 20:55:52', 1, 'الوكيل(ة): الطالب محمد فال (20000653)  دفع(ت) الأشهر { مايو,أغسطس }11لطالبة '),
(908, NULL, 341, 2000.00, '2024-12-17 20:55:52', 1, 'الوكيل(ة): الطالب محمد فال (20000653)  دفع(ت) الأشهر { مايو,أغسطس } '),
(909, NULL, 341, 2000.00, '2024-12-17 20:55:52', 1, 'الوكيل(ة): الطالب محمد فال (20000653)  دفع(ت) الأشهر { مايو,أغسطس } '),
(910, NULL, 341, 3600.00, '2024-12-17 20:56:20', 1, 'الوكيل(ة): الطالب محمد فال (20000653)  دفع(ت) الأشهر { مارس,يونيو }11لطالبة '),
(911, NULL, 341, 3600.00, '2024-12-17 20:56:20', 1, 'الوكيل(ة): الطالب محمد فال (20000653)  دفع(ت) الأشهر { مارس,يونيو }11لطالبة '),
(912, NULL, 341, 1800.00, '2024-12-17 20:56:20', 1, 'الوكيل(ة): الطالب محمد فال (20000653)  دفع(ت) الأشهر { مارس,يونيو } '),
(913, NULL, 341, 1800.00, '2024-12-17 20:56:20', 1, 'الوكيل(ة): الطالب محمد فال (20000653)  دفع(ت) الأشهر { مارس,يونيو } '),
(914, NULL, 341, 3500.00, '2024-12-17 21:07:57', 1, 'الوكيل(ة): الطالب محمد فال (20000653)  دفع(ت) الأشهر { يوليو,سبتمبر }11لطالبة '),
(915, NULL, 341, 3500.00, '2024-12-17 21:07:57', 1, 'الوكيل(ة): الطالب محمد فال (20000653)  دفع(ت) الأشهر { يوليو,سبتمبر }11لطالبة '),
(916, NULL, 341, 1750.00, '2024-12-17 21:07:57', 1, 'الوكيل(ة): الطالب محمد فال (20000653)  دفع(ت) الأشهر { يوليو,سبتمبر } '),
(917, NULL, 341, 1750.00, '2024-12-17 21:07:57', 1, 'الوكيل(ة): الطالب محمد فال (20000653)  دفع(ت) الأشهر { يوليو,سبتمبر } '),
(918, NULL, 341, 3600.00, '2024-12-17 21:16:39', 1, 'الوكيل(ة): الطالب محمد فال (20000653)  دفع(ت) الأشهر { يوليو,أغسطس }11لطالبة '),
(919, NULL, 341, 3600.00, '2024-12-17 21:16:39', 1, 'الوكيل(ة): الطالب محمد فال (20000653)  دفع(ت) الأشهر { يوليو,أغسطس }11لطالبة '),
(920, NULL, 341, 1800.00, '2024-12-17 21:16:39', 1, 'الوكيل(ة): الطالب محمد فال (20000653)  دفع(ت) الأشهر { يوليو,أغسطس } '),
(921, NULL, 341, 1800.00, '2024-12-17 21:16:39', 1, 'الوكيل(ة): الطالب محمد فال (20000653)  دفع(ت) الأشهر { يوليو,أغسطس } '),
(922, NULL, 341, 3700.00, '2024-12-17 21:28:27', 1, 'الوكيل(ة): الطالب محمد فال (20000653)  دفع(ت) الأشهر { يوليو,أغسطس }11لطالبة '),
(923, NULL, 341, 3700.00, '2024-12-17 21:28:27', 1, 'الوكيل(ة): الطالب محمد فال (20000653)  دفع(ت) الأشهر { يوليو,أغسطس }11لطالبة '),
(924, NULL, 341, 1850.00, '2024-12-17 21:28:27', 1, 'الوكيل(ة): الطالب محمد فال (20000653)  دفع(ت) الأشهر { يوليو,أغسطس } '),
(925, NULL, 341, 1850.00, '2024-12-17 21:28:27', 1, 'الوكيل(ة): الطالب محمد فال (20000653)  دفع(ت) الأشهر { يوليو,أغسطس } '),
(938, NULL, 341, 2000.00, '2024-12-18 20:41:41', 1, 'الوكيل(ة): الطالب محمد فال (20000653)  دفع(ت) الأشهر { نوفمبر }11لطالبة '),
(939, NULL, 341, 2000.00, '2024-12-18 20:41:41', 1, 'الوكيل(ة): الطالب محمد فال (20000653)  دفع(ت) الأشهر { نوفمبر }11لطالبة '),
(940, NULL, 341, 1000.00, '2024-12-18 20:41:41', 1, 'الوكيل(ة): الطالب محمد فال (20000653)  دفع(ت) الأشهر { نوفمبر } '),
(941, NULL, 341, 1000.00, '2024-12-18 20:41:41', 1, 'الوكيل(ة): الطالب محمد فال (20000653)  دفع(ت) الأشهر { نوفمبر } '),
(942, NULL, 341, 1000.00, '2024-12-18 21:00:59', 1, 'الوكيل(ة): الطالب محمد فال (20000653)  دفع(ت) الأشهر { فبراير }11لطالبة '),
(943, NULL, 341, 1000.00, '2024-12-18 21:00:59', 1, 'الوكيل(ة): الطالب محمد فال (20000653)  دفع(ت) الأشهر { فبراير }11لطالبة '),
(944, NULL, 341, 500.00, '2024-12-18 21:00:59', 1, 'الوكيل(ة): الطالب محمد فال (20000653)  دفع(ت) الأشهر { فبراير } '),
(945, NULL, 341, 500.00, '2024-12-18 21:00:59', 1, 'الوكيل(ة): الطالب محمد فال (20000653)  دفع(ت) الأشهر { فبراير } '),
(946, NULL, 341, 1000.00, '2024-12-18 21:02:07', 1, 'الوكيل(ة): الطالب محمد فال (20000653)  دفع(ت) الأشهر { يناير }11لطالبة '),
(947, NULL, 341, 1000.00, '2024-12-18 21:02:07', 1, 'الوكيل(ة): الطالب محمد فال (20000653)  دفع(ت) الأشهر { يناير }11لطالبة '),
(948, NULL, 341, 500.00, '2024-12-18 21:02:07', 1, 'الوكيل(ة): الطالب محمد فال (20000653)  دفع(ت) الأشهر { يناير } '),
(949, NULL, 341, 500.00, '2024-12-18 21:02:07', 1, 'الوكيل(ة): الطالب محمد فال (20000653)  دفع(ت) الأشهر { يناير } '),
(950, NULL, 341, 1800.00, '2024-12-18 21:03:08', 1, 'الوكيل(ة): الطالب محمد فال (20000653)  دفع(ت) الأشهر { أبريل }11لطالبة '),
(951, NULL, 341, 1800.00, '2024-12-18 21:03:08', 1, 'الوكيل(ة): الطالب محمد فال (20000653)  دفع(ت) الأشهر { أبريل }11لطالبة '),
(952, NULL, 341, 900.00, '2024-12-18 21:03:08', 1, 'الوكيل(ة): الطالب محمد فال (20000653)  دفع(ت) الأشهر { أبريل } '),
(953, NULL, 341, 900.00, '2024-12-18 21:03:08', 1, 'الوكيل(ة): الطالب محمد فال (20000653)  دفع(ت) الأشهر { أبريل } '),
(954, 647, 341, 1000.00, '2024-12-18 21:04:00', 1, 'الوكيل(ة): الطالب محمد فال (20000653)  دفع(ت) الأشهر { مايو }لطالب(ة): باب الطالب'),
(955, NULL, 341, 2800.00, '2024-12-18 21:04:14', 1, 'الوكيل(ة): الطالب محمد فال (20000653)  دفع(ت) الأشهر { مايو,أغسطس }11لطالبة '),
(956, NULL, 341, 2800.00, '2024-12-18 21:04:14', 1, 'الوكيل(ة): الطالب محمد فال (20000653)  دفع(ت) الأشهر { مايو,أغسطس }11لطالبة '),
(957, NULL, 341, 1400.00, '2024-12-18 21:04:14', 1, 'الوكيل(ة): الطالب محمد فال (20000653)  دفع(ت) الأشهر { مايو,أغسطس } '),
(958, NULL, 341, 1400.00, '2024-12-18 21:04:14', 1, 'الوكيل(ة): الطالب محمد فال (20000653)  دفع(ت) الأشهر { مايو,أغسطس } '),
(967, NULL, 341, 3000.00, '2024-12-19 00:23:54', 1, 'الوكيل(ة): الطالب محمد فال (20000653)  سدد(ت) متأخرات '),
(968, NULL, 341, 3000.00, '2024-12-19 00:23:54', 1, 'الوكيل(ة): الطالب محمد فال (20000653)  سدد(ت) متأخرات '),
(969, NULL, 341, 0.00, '2024-12-19 00:24:17', 1, 'الوكيل(ة): الطالب محمد فال (20000653)  دفع(ت) { 11 } لطالبة '),
(970, NULL, 341, 0.00, '2024-12-19 00:24:17', 1, 'الوكيل(ة): الطالب محمد فال (20000653)  دفع(ت) { 11 } لطالبة '),
(971, NULL, 341, 200.00, '2024-12-19 00:24:32', 1, 'الوكيل(ة): الطالب محمد فال (20000653)  سدد(ت) متأخرات '),
(972, NULL, 341, 200.00, '2024-12-19 00:24:32', 1, 'الوكيل(ة): الطالب محمد فال (20000653)  سدد(ت) متأخرات ');

-- --------------------------------------------------------

--
-- Structure de la table `receipt_payments`
--

CREATE TABLE `receipt_payments` (
  `receipt_id` int(11) NOT NULL,
  `transaction_id` int(11) NOT NULL
) ENGINE=InnoDB DEFAULT CHARSET=utf8mb4 COLLATE=utf8mb4_general_ci;

--
-- Déchargement des données de la table `receipt_payments`
--

INSERT INTO `receipt_payments` (`receipt_id`, `transaction_id`) VALUES
(115, 172),
(116, 173),
(117, 174),
(118, 175),
(119, 176),
(120, 177),
(121, 178),
(122, 179),
(123, 180),
(124, 181),
(125, 182),
(126, 183),
(128, 185),
(129, 186),
(130, 187),
(131, 188),
(132, 189),
(133, 190),
(134, 191),
(135, 192),
(136, 193),
(137, 194),
(138, 195),
(139, 196),
(140, 197),
(141, 198),
(142, 199),
(143, 200),
(144, 201),
(145, 202),
(145, 203),
(146, 204),
(147, 205),
(148, 206),
(150, 207),
(151, 208),
(152, 209),
(153, 210),
(154, 211),
(155, 212),
(156, 213),
(157, 214),
(158, 215),
(158, 216),
(159, 217),
(159, 218),
(160, 219),
(161, 220),
(162, 221),
(163, 222),
(164, 223),
(165, 224),
(166, 225),
(167, 226),
(168, 227),
(169, 228),
(170, 229),
(171, 230),
(172, 231),
(173, 232),
(174, 233),
(175, 234),
(176, 235),
(177, 236),
(178, 237),
(179, 238),
(180, 239),
(181, 240),
(182, 241),
(183, 242),
(184, 243),
(185, 244),
(186, 245),
(187, 246),
(188, 247),
(190, 249),
(191, 250),
(192, 251),
(193, 252),
(194, 253),
(195, 254),
(196, 255),
(197, 256),
(198, 257),
(199, 258),
(200, 259),
(202, 260),
(203, 261),
(204, 262),
(205, 263),
(207, 265),
(208, 266),
(210, 267),
(211, 268),
(212, 269),
(213, 270),
(214, 271),
(214, 272),
(215, 273),
(216, 274),
(217, 275),
(218, 276),
(218, 277),
(219, 278),
(220, 279),
(221, 280),
(222, 281),
(223, 282),
(224, 283),
(224, 284),
(225, 285),
(225, 286),
(226, 287),
(227, 288),
(228, 289),
(229, 290),
(230, 291),
(231, 292),
(232, 293),
(233, 294),
(234, 295),
(235, 296),
(236, 297),
(237, 298),
(238, 299),
(239, 300),
(240, 301),
(241, 302),
(242, 303),
(243, 304),
(244, 305),
(245, 306),
(246, 307),
(247, 308),
(248, 309),
(250, 310),
(251, 311),
(252, 312),
(253, 313),
(254, 314),
(255, 315),
(256, 316),
(257, 317),
(258, 318),
(259, 319),
(260, 320),
(261, 321),
(262, 322),
(263, 323),
(264, 324),
(265, 325),
(266, 326),
(267, 327),
(268, 328),
(269, 329),
(270, 330),
(271, 331),
(272, 332),
(273, 333),
(274, 334),
(275, 335),
(276, 336),
(277, 337),
(278, 338),
(279, 339),
(280, 340),
(281, 341),
(282, 342),
(283, 343),
(284, 344),
(285, 345),
(285, 346),
(286, 347),
(286, 348),
(287, 349),
(287, 350),
(288, 351),
(289, 352),
(290, 353),
(291, 354),
(292, 355),
(293, 356),
(294, 357),
(295, 358),
(296, 359),
(297, 360),
(298, 361),
(299, 362),
(300, 363),
(301, 364),
(302, 365),
(303, 366),
(304, 367),
(305, 368),
(306, 369),
(307, 370),
(308, 371),
(309, 372),
(310, 373),
(311, 374),
(312, 375),
(313, 376),
(314, 377),
(315, 378),
(316, 379),
(317, 380),
(318, 381),
(319, 382),
(320, 383),
(321, 384),
(322, 385),
(323, 386),
(324, 387),
(325, 388),
(326, 389),
(327, 390),
(328, 391),
(329, 392),
(330, 393),
(331, 394),
(332, 395),
(333, 396),
(334, 397),
(335, 398),
(336, 399),
(337, 400),
(338, 401),
(339, 402),
(340, 403),
(341, 404),
(342, 405),
(343, 406),
(344, 407),
(345, 408),
(346, 409),
(347, 410),
(348, 411),
(349, 412),
(350, 413),
(351, 414),
(351, 415),
(352, 416),
(353, 417),
(354, 418),
(355, 419),
(356, 420),
(357, 421),
(358, 422),
(359, 423),
(360, 424),
(361, 425),
(362, 426),
(363, 427),
(364, 428),
(365, 429),
(366, 430),
(369, 431),
(370, 432),
(371, 433),
(372, 434),
(373, 435),
(374, 436),
(375, 437),
(376, 438),
(379, 439),
(380, 440),
(381, 441),
(382, 442),
(383, 443),
(384, 444),
(385, 445),
(386, 446),
(387, 447),
(389, 448),
(390, 449),
(391, 450),
(392, 451),
(393, 452),
(394, 453),
(395, 454),
(396, 455),
(397, 456),
(398, 457),
(399, 458),
(400, 459),
(401, 460),
(402, 461),
(403, 462),
(404, 463),
(405, 464),
(406, 465),
(407, 466),
(408, 467),
(409, 468),
(410, 469),
(410, 470),
(411, 471),
(412, 472),
(413, 473),
(414, 474),
(415, 475),
(416, 476),
(417, 477),
(418, 478),
(419, 479),
(420, 480),
(421, 481),
(422, 482),
(423, 483),
(424, 484),
(425, 485),
(426, 486),
(427, 487),
(428, 488),
(429, 489),
(430, 490),
(433, 493),
(434, 494),
(436, 496),
(437, 497),
(439, 499),
(440, 500),
(441, 501),
(442, 502),
(443, 503),
(444, 504),
(445, 505),
(446, 506),
(447, 507),
(448, 508),
(449, 509),
(449, 510),
(450, 511),
(451, 512),
(452, 513),
(453, 514),
(454, 515),
(455, 516),
(456, 517),
(457, 518),
(458, 519),
(459, 520),
(460, 521),
(461, 522),
(461, 523),
(462, 524),
(463, 525),
(464, 526),
(465, 527),
(466, 528),
(467, 529),
(468, 530),
(469, 531),
(470, 532),
(471, 533),
(472, 534),
(473, 535),
(474, 536),
(475, 537),
(476, 538),
(477, 539),
(478, 540),
(479, 541),
(480, 542),
(481, 543),
(482, 544),
(483, 545),
(484, 546),
(485, 547),
(486, 548),
(487, 549),
(488, 550),
(489, 551),
(490, 552),
(491, 553),
(492, 554),
(493, 555),
(494, 556),
(495, 557),
(496, 558),
(497, 559),
(498, 560),
(499, 561),
(500, 562),
(501, 563),
(502, 564),
(504, 566),
(505, 567),
(506, 568),
(507, 569),
(508, 570),
(509, 571),
(510, 572),
(511, 573),
(512, 574),
(512, 575),
(513, 576),
(514, 577),
(515, 578),
(516, 579),
(517, 580),
(518, 581),
(519, 582),
(520, 583),
(521, 584),
(522, 585),
(523, 586),
(524, 587),
(525, 588),
(526, 589),
(527, 590),
(528, 591),
(529, 592),
(530, 593),
(531, 594),
(532, 595),
(533, 597),
(534, 598),
(534, 599),
(536, 602),
(537, 603),
(538, 604),
(539, 605),
(540, 606),
(541, 607),
(542, 608),
(543, 609),
(544, 610),
(545, 611),
(546, 612),
(547, 613),
(548, 614),
(549, 615),
(550, 616),
(551, 617),
(552, 618),
(553, 619),
(554, 620),
(555, 621),
(556, 622),
(557, 623),
(558, 624),
(559, 625),
(560, 626),
(561, 627),
(562, 628),
(563, 629),
(564, 630),
(565, 631),
(566, 632),
(567, 633),
(568, 634),
(569, 635),
(571, 637),
(572, 638),
(573, 639),
(575, 641),
(577, 643),
(578, 644),
(579, 645),
(580, 646),
(581, 647),
(582, 648),
(583, 649),
(584, 650),
(585, 651),
(586, 652),
(587, 653),
(588, 654),
(589, 655),
(590, 656),
(591, 657),
(592, 658),
(593, 659),
(594, 660),
(595, 661),
(596, 662),
(597, 663),
(598, 664),
(599, 665),
(600, 666),
(601, 667),
(602, 668),
(603, 669),
(604, 670),
(605, 671),
(606, 672),
(607, 673),
(608, 674),
(609, 675),
(610, 676),
(611, 677),
(612, 678),
(613, 679),
(614, 680),
(615, 681),
(616, 682),
(617, 683),
(618, 684),
(619, 685),
(620, 686),
(621, 687),
(622, 688),
(623, 689),
(624, 690),
(625, 691),
(626, 692),
(627, 693),
(628, 694),
(629, 695),
(630, 696),
(631, 697),
(632, 698),
(633, 699),
(634, 700),
(635, 701),
(636, 702),
(637, 703),
(638, 704),
(639, 705),
(640, 706),
(641, 707),
(642, 708),
(643, 709),
(644, 710),
(645, 711),
(646, 712),
(647, 713),
(648, 714),
(649, 715),
(650, 716),
(651, 717),
(652, 718),
(653, 719),
(655, 721),
(656, 722),
(657, 723),
(658, 724),
(659, 725),
(660, 726),
(662, 728),
(663, 729),
(664, 730),
(665, 731),
(666, 732),
(667, 733),
(668, 734),
(669, 735),
(670, 736),
(671, 737),
(672, 738),
(673, 739),
(674, 740),
(675, 741),
(676, 742),
(905, 950),
(905, 952),
(905, 954),
(909, 956),
(909, 958),
(909, 960),
(909, 962),
(913, 964),
(913, 966),
(913, 968),
(913, 970),
(917, 972),
(917, 974),
(917, 976),
(917, 978),
(921, 980),
(921, 982),
(921, 984),
(921, 986),
(925, 988),
(925, 990),
(941, 1018),
(941, 1020),
(945, 1022),
(945, 1024),
(949, 1026),
(949, 1028),
(953, 1030),
(953, 1032),
(954, 1033),
(958, 1035),
(958, 1037),
(958, 1039),
(968, 1043),
(968, 1045),
(972, 1047);

-- --------------------------------------------------------

--
-- Structure de la table `roles`
--

CREATE TABLE `roles` (
  `id` int(11) NOT NULL,
  `role_name` varchar(100) NOT NULL
) ENGINE=InnoDB DEFAULT CHARSET=utf8mb4 COLLATE=utf8mb4_general_ci;

--
-- Déchargement des données de la table `roles`
--

INSERT INTO `roles` (`id`, `role_name`) VALUES
(1, 'المدير العام'),
(2, 'مدير الدروس'),
(3, 'مدير التسجيل والحسابات'),
(4, 'المراقب'),
(5, 'إدارة المقرأة');

-- --------------------------------------------------------

--
-- Structure de la table `students`
--

CREATE TABLE `students` (
  `id` int(11) NOT NULL,
  `agent_phone` varchar(20) DEFAULT NULL,
  `student_name` varchar(255) NOT NULL,
  `part_count` int(11) NOT NULL,
  `gender` enum('ذكر','أنثى') NOT NULL,
  `birth_date` date DEFAULT NULL,
  `birth_place` varchar(255) DEFAULT NULL,
  `registration_date` datetime DEFAULT current_timestamp(),
  `regstration_date_count` datetime DEFAULT current_timestamp(),
  `student_photo` blob DEFAULT NULL,
  `payment_nature` varchar(255) NOT NULL,
  `fees` decimal(10,2) DEFAULT NULL,
  `discount` decimal(10,2) DEFAULT NULL,
  `remaining` decimal(10,2) DEFAULT NULL,
  `class_id` int(11) DEFAULT NULL,
  `branch_id` int(11) DEFAULT NULL,
  `agent_id` int(11) DEFAULT NULL,
  `phone` int(8) NOT NULL,
  `level_id` int(11) DEFAULT NULL
) ENGINE=InnoDB DEFAULT CHARSET=utf8mb4 COLLATE=utf8mb4_general_ci;

--
-- Déchargement des données de la table `students`
--

INSERT INTO `students` (`id`, `agent_phone`, `student_name`, `part_count`, `gender`, `birth_date`, `birth_place`, `registration_date`, `regstration_date_count`, `student_photo`, `payment_nature`, `fees`, `discount`, `remaining`, `class_id`, `branch_id`, `agent_id`, `phone`, `level_id`) VALUES
(140, NULL, 'محمد محمد المختار', 1, 'ذكر', '2016-12-31', 'انواكشوط', '2024-11-30 00:00:00', '2024-11-30 00:00:00', NULL, 'طبيعي', 1200.00, 0.00, 1200.00, 18, 18, 29, 36354096, 13),
(141, NULL, 'امبارك محمد سالم  ميني', 5, 'ذكر', '2016-12-31', '', '2024-11-18 19:09:16', '2024-11-18 17:10:32', NULL, 'طبيعي', 1200.00, 0.00, 1200.00, 18, 18, 30, 0, 13),
(143, NULL, 'محمد ألمين', 0, 'ذكر', '2014-12-31', 'النعمة', '2024-11-16 00:00:00', '2024-11-18 17:20:22', NULL, 'طبيعي', 1200.00, 200.00, 1000.00, 33, 20, 31, 0, 13),
(144, NULL, 'عبد العزيز أحمدو', 2, 'ذكر', '2010-12-31', 'انواكشوط', '2024-10-13 00:00:00', '2024-11-18 17:20:56', NULL, 'طبيعي', 0.00, 0.00, 1200.00, 18, 18, 35, 0, 13),
(145, NULL, 'محمد الديه', 10, 'ذكر', '2014-12-31', 'النعمة', '2024-11-18 19:09:43', '2024-11-18 17:24:35', NULL, 'طبيعي', 0.00, 700.00, 500.00, 32, 20, 31, 0, 13),
(146, NULL, 'عبد الرحمن محمد الامين', 2, 'ذكر', '2016-12-31', 'انواكشوط', '2024-10-12 00:00:00', '2024-11-18 17:26:53', NULL, 'طبيعي', 0.00, 0.00, 1200.00, 18, 18, 36, 0, 13),
(147, NULL, 'محمد يحي', 9, 'ذكر', '2015-12-31', '', '2023-08-20 00:00:00', '2024-11-18 17:28:03', NULL, 'طبيعي', 1200.00, 200.00, 1000.00, 30, 20, 31, 0, 13),
(148, NULL, ' محمد المختار مياب', 0, 'ذكر', '2016-12-31', 'نواكشوط', '2024-11-11 00:00:00', '2024-11-18 17:32:45', NULL, 'طبيعي', 1200.00, 200.00, 1000.00, 33, 20, 27, 0, 13),
(149, NULL, 'أحمد عال', 4, 'ذكر', '2013-12-20', 'انواكشوط', '2024-10-01 00:00:00', '2024-11-18 17:33:53', NULL, 'طبيعي', 0.00, 0.00, 1200.00, 18, 18, 37, 0, 13),
(150, NULL, 'محمد العاقب مياب', 9, 'ذكر', '2012-12-12', 'نواكشوط', '2024-10-26 00:00:00', '2024-11-18 17:35:23', NULL, 'طبيعي', 1200.00, 0.00, 1200.00, 30, 20, 27, 26234325, 13),
(151, NULL, 'المصطفى أحمد', 0, 'ذكر', '2015-12-12', 'كيفه', '0000-00-00 00:00:00', '2024-11-18 17:40:11', NULL, 'طبيعي', 0.00, 0.00, 1200.00, 33, 20, 39, 0, 13),
(152, '', 'محمد يحي أحمد', 0, 'ذكر', '2013-12-12', 'نواكشوط', '2024-11-18 00:00:00', '2024-11-18 17:44:22', NULL, 'طبيعي', 1200.00, 0.00, 1200.00, 31, 20, 39, 0, 13),
(153, NULL, 'ممين محمد الأمين', 4, 'ذكر', '2018-12-31', 'انواكشوط', '2024-11-30 00:00:00', '2024-11-18 00:00:00', NULL, 'طبيعي', 0.00, 0.00, 1200.00, 18, 18, 38, 37107170, 13),
(154, NULL, 'شيخنا صالح ', 15, 'ذكر', '2012-12-31', '', '2023-09-02 00:00:00', '2024-11-18 17:45:54', NULL, 'طبيعي', 3500.00, 0.00, 3500.00, 24, 19, 28, 0, 18),
(155, NULL, 'محمد يسلم أحمد', 0, 'ذكر', '2015-12-12', 'كيفه', '2024-11-04 00:00:00', '2024-11-18 17:49:20', NULL, 'طبيعي', 0.00, 0.00, 1200.00, 31, 20, 39, 0, 13),
(156, NULL, 'رقية أحمد', 0, 'أنثى', '2016-12-12', 'كيفه', '2024-11-04 00:00:00', '2024-11-18 17:51:13', NULL, 'طبيعي', 0.00, 0.00, 1200.00, 40, 21, 39, 0, 13),
(159, NULL, 'أحمد الطالب', 0, 'ذكر', '2014-12-31', 'نواكشوط', '2024-11-03 00:00:00', '2024-11-18 18:00:40', NULL, 'طبيعي', 1200.00, 200.00, 1000.00, 33, 20, 40, 0, 13),
(162, NULL, 'شيخنا  محمد يحي ', 17, 'ذكر', '2006-01-01', '', '2024-11-18 00:00:00', '2023-11-18 00:00:00', NULL, 'طبيعي', 1500.00, 300.00, 1200.00, 26, 19, 44, 42029519, 14),
(163, NULL, 'محمد البشير', 0, 'ذكر', '2018-12-31', 'نواكشوط', '2024-11-02 00:00:00', '2024-11-18 18:04:36', NULL, 'طبيعي', 1200.00, 200.00, 1000.00, 33, 20, 46, 0, 13),
(164, NULL, 'راشد البشير', 60, 'ذكر', '2009-09-02', 'نواكشوط', '2017-12-31 00:00:00', '2024-11-18 18:07:39', NULL, 'طبيعي', 1000.00, 0.00, 1000.00, 28, 20, 46, 0, 19),
(165, NULL, 'عبد الله المختار مولود', 1, 'ذكر', '2016-12-31', 'انواكشوط', '2024-02-10 00:00:00', '2024-11-18 18:09:30', NULL, 'طبيعي', 0.00, 0.00, 1200.00, 18, 18, 43, 0, 13),
(166, NULL, 'السالم المصطفى ', 60, 'ذكر', '2011-12-31', '', '2023-10-29 00:00:00', '2024-11-18 18:09:40', NULL, 'طبيعي', 0.00, 500.00, 1500.00, 26, 19, 47, 0, 15),
(167, NULL, 'سكينة اباه', 0, 'أنثى', '2018-11-18', 'نواكشوط', '2024-11-18 00:00:00', '2024-11-18 18:12:56', NULL, 'طبيعي', 1000.00, 0.00, 1000.00, 23, 17, 49, 0, 12),
(169, NULL, 'محمد الحسن دحيد ', 38, 'ذكر', '2012-12-31', '', '2024-11-28 00:00:00', '2024-11-28 00:00:00', NULL, 'طبيعي', 4500.00, 1500.00, 3000.00, 26, 19, 50, 20617113, 18),
(170, NULL, 'محمد حمادي', 1, 'ذكر', '2014-12-31', 'نواكشوط', '2024-11-02 00:00:00', '2024-11-18 18:15:44', NULL, 'طبيعي', 1000.00, 0.00, 1000.00, 33, 20, 48, 0, 13),
(171, NULL, 'مريم بنت أوداع', 0, 'أنثى', '2018-11-18', 'نواكشوط', '2024-11-18 00:00:00', '2024-11-18 18:16:06', NULL, 'طبيعي', 1000.00, 0.00, 1000.00, 23, 17, 25, 0, 12),
(173, NULL, 'محمد جمال العالم ', 11, 'ذكر', '2010-12-31', '', '0000-00-00 00:00:00', '2024-11-18 18:16:53', NULL, 'طبيعي', 0.00, 500.00, -500.00, 26, 19, 51, 0, 14),
(174, NULL, 'البكاي حمادي', 2, 'ذكر', '2011-12-31', 'نواكشوط', '2024-11-02 00:00:00', '2024-11-18 18:17:44', NULL, 'طبيعي', 1200.00, 200.00, 1000.00, 29, 20, 48, 0, 13),
(175, NULL, 'فاطمة براهيم', 0, 'أنثى', '2018-11-18', 'نواكشوط', '2024-11-18 00:00:00', '2024-11-18 18:18:24', NULL, 'طبيعي', 1000.00, 0.00, 1000.00, 23, 17, 41, 0, 12),
(176, NULL, 'فطوم عبد القادر', 0, 'أنثى', '2024-11-18', 'نواكشوط', '2024-11-18 00:00:00', '2024-11-18 18:19:14', NULL, 'طبيعي', 1000.00, 0.00, 1000.00, 23, 17, 42, 0, 12),
(177, NULL, 'فاطمة محمد', 1, 'أنثى', '2018-11-18', 'نواكشوط', '2024-11-18 00:00:00', '2024-11-18 18:20:10', NULL, 'طبيعي', 1000.00, 200.00, 800.00, 23, 17, 45, 0, 12),
(178, NULL, 'الطيب محمد', 1, 'ذكر', '2019-12-31', 'نواكشوط', '0000-00-00 00:00:00', '2024-11-18 18:20:36', NULL, 'طبيعي', 1000.00, 0.00, 1000.00, 33, 20, 52, 0, 13),
(179, NULL, 'محمد صالح سيدي ', 47, 'ذكر', '2011-12-31', '', '2024-10-26 00:00:00', '2024-11-18 18:20:51', NULL, 'طبيعي', 1400.00, 0.00, 1400.00, 26, 19, 53, 22407718, 15),
(180, NULL, 'توت محمد فال', 0, 'أنثى', '2018-11-18', '', '2024-11-18 00:00:00', '2024-11-18 18:21:42', NULL, 'طبيعي', 1000.00, 0.00, 1000.00, 23, 17, 54, 0, 12),
(181, NULL, 'مريم بنت محمد', 0, 'أنثى', '2019-11-18', 'نواكشوط', '2024-11-18 00:00:00', '2024-11-18 18:23:11', NULL, 'طبيعي', 1000.00, 0.00, 1000.00, 23, 17, 55, 0, 12),
(182, NULL, 'محمد أحمد بن أعمر', 0, 'ذكر', '2017-12-31', 'نواكشوط', '2024-09-12 00:00:00', '2024-11-18 00:00:00', NULL, 'طبيعي', 0.00, 0.00, 1200.00, 33, 20, 56, 47178656, 13),
(183, NULL, 'عيشية امباركة اباه', 0, 'أنثى', '2019-11-18', 'نواكشوط', '2024-11-18 00:00:00', '2024-11-18 18:24:40', NULL, 'طبيعي', 1000.00, 0.00, 1000.00, 23, 17, 57, 0, 12),
(184, NULL, 'مريم العيد', 0, 'أنثى', '2017-11-18', 'نواكشوط', '2024-11-18 00:00:00', '2024-11-18 18:26:16', NULL, 'طبيعي', 0.00, 0.00, 1000.00, 23, 17, 58, 0, 12),
(185, NULL, 'سيدي محمد محمد محمود ', 34, 'ذكر', '2009-12-31', '', '2023-10-24 00:00:00', '2024-11-18 18:27:23', NULL, 'طبيعي', 1200.00, 0.00, 1200.00, 26, 19, 59, 0, 15),
(186, NULL, 'أم كلثوم سيد محمدأم كلثوم بنت محمد الامين ', 0, 'أنثى', '2017-11-18', 'نواكشوط', '2024-11-18 00:00:00', '2024-11-01 00:00:00', NULL, 'طبيعي', 1000.00, 0.00, 1000.00, 23, 17, NULL, 33706163, 12),
(187, NULL, 'سيد أحمد المختار مولود', 6, 'ذكر', '2012-12-31', 'انواكشوط', '2024-02-10 00:00:00', '2024-11-18 18:28:26', NULL, 'طبيعي', 0.00, 0.00, 1200.00, 18, 18, 43, 0, 13),
(188, NULL, 'زينب سعدنا', 0, 'أنثى', NULL, '', '2024-11-18 00:00:00', '2024-11-18 18:28:55', NULL, 'طبيعي', 1000.00, 300.00, 700.00, 23, 17, 62, 0, 12),
(189, NULL, 'الددو إسحاق', 1, 'ذكر', '2018-12-31', 'نواكشوط', '2024-10-13 00:00:00', '2024-11-18 18:29:05', NULL, 'طبيعي', 0.00, 0.00, 1200.00, 33, 20, 60, 0, 13),
(190, NULL, 'مولود المختار مولود', 8, 'ذكر', '2009-12-31', 'انواكشوط', '2024-02-10 00:00:00', '2024-11-18 18:30:12', NULL, 'طبيعي', 0.00, 0.00, 1200.00, 18, 18, 43, 0, 13),
(191, NULL, 'السعد عبد الله ', 14, 'ذكر', '2014-12-31', '', '2024-10-31 00:00:00', '2024-10-01 18:30:37', NULL, 'طبيعي', 1000.00, 0.00, 1000.00, 26, 19, 63, 47277725, 14),
(192, NULL, 'فيتيه ابراهيم', 0, 'أنثى', '2017-11-18', 'نواكشوط', '2024-11-18 00:00:00', '2024-11-18 18:30:39', NULL, 'طبيعي', 1000.00, 0.00, 1000.00, 23, 17, 64, 0, 12),
(193, NULL, 'أمل ابراهيم ', 0, 'أنثى', '2016-11-18', 'نواكشوط', '2024-11-18 00:00:00', '2024-11-18 18:31:23', NULL, 'طبيعي', 1000.00, 0.00, 1000.00, 23, 17, 64, 0, 12),
(194, NULL, 'خالد ودو', 18, 'ذكر', '2009-12-31', 'نواكشوط', '2024-10-13 00:00:00', '2024-11-18 18:32:12', NULL, 'طبيعي', 1200.00, 0.00, 1200.00, 30, 20, 60, 0, 14),
(195, NULL, 'أحمد سالم عبد الله ', 60, 'ذكر', '2011-12-31', '', '2023-10-31 10:00:00', '2024-11-18 18:32:53', NULL, 'طبيعي', 1000.00, 0.00, 1000.00, 26, 19, 63, 47277725, 19),
(196, NULL, 'السالكة المصطفى ', 1, 'أنثى', '2016-11-18', 'نواكشوط', '2024-11-18 00:00:00', '2024-11-18 18:33:37', NULL, 'طبيعي', 1000.00, 0.00, 1000.00, 23, 17, 65, 0, 12),
(197, NULL, 'محمدو عبد الله', 10, 'ذكر', '2010-12-31', 'نواكشوط', '2024-10-13 00:00:00', '2024-11-18 18:33:47', NULL, 'طبيعي', 0.00, 0.00, 1200.00, 30, 20, 60, 0, 13),
(198, NULL, 'حمود الدحة', 2, 'ذكر', '2013-12-31', 'انواكشوط', '2024-01-29 00:00:00', '2024-11-18 18:34:05', NULL, 'طبيعي', 0.00, 0.00, 1200.00, 18, 18, 66, 0, 13),
(200, NULL, 'مونى محمد المختار ', 1, 'أنثى', '2013-11-18', '', '0000-00-00 00:00:00', '2024-11-18 18:34:52', NULL, 'طبيعي', 1000.00, 300.00, 700.00, 23, 17, 67, 0, 12),
(201, NULL, 'فاطمة البتول بدي ', 0, 'أنثى', '2013-11-18', 'نواكشوط', '2024-11-18 00:00:00', '2024-11-18 18:35:59', NULL, 'طبيعي', 1000.00, 0.00, 1000.00, 23, 17, 68, 0, 12),
(202, NULL, 'حماد الديه ', 48, 'ذكر', '2010-12-31', '', '2023-08-20 00:00:00', '2024-11-18 18:36:05', NULL, 'طبيعي', 500.00, 0.00, 500.00, 26, 19, 31, 0, 15),
(203, NULL, 'زيدان عباد', 5, 'ذكر', '2007-12-31', 'انواكشوط', '2024-10-31 00:00:00', '2024-10-31 00:00:00', NULL, 'طبيعي', 1200.00, 300.00, 900.00, 18, 18, 69, 22950790, 13),
(204, NULL, 'آمنة محمد الأمين امصيدف ', 1, 'أنثى', '2015-11-18', 'نواكشوط', '2024-11-18 00:00:00', '2024-11-18 18:37:36', NULL, 'طبيعي', 1000.00, 0.00, 1000.00, 23, 17, 70, 0, 12),
(205, NULL, 'عبد الله ادو إسحاق', 12, 'ذكر', '2012-12-31', 'نواكشوط', '2024-10-13 00:00:00', '2024-11-18 18:38:02', NULL, 'طبيعي', 1200.00, 0.00, 1200.00, 29, 20, 60, 0, 14),
(206, NULL, 'زينب محمد الأمين بلال ', 2, 'أنثى', '2018-11-18', '', '2024-11-18 00:00:00', '2024-11-18 18:39:30', NULL, 'طبيعي', 1000.00, 0.00, 1000.00, 23, 17, 71, 0, 12),
(207, NULL, 'آية محمد سيدي ', 1, 'أنثى', '2020-11-18', 'نواكشوط', '2024-11-18 00:00:00', '2024-11-18 18:40:49', NULL, 'طبيعي', 1000.00, 0.00, 1000.00, 23, 17, 75, 0, 12),
(208, NULL, 'الشيخ التراد سعدنا الضيف', 1, 'ذكر', '2015-12-31', 'نواكشوط', '2024-10-12 00:00:00', '2024-11-18 18:41:37', NULL, 'طبيعي', 1000.00, 0.00, 1000.00, 33, 20, 74, 0, 13),
(209, NULL, 'المصطفى ادوم ', 18, 'ذكر', '2013-05-31', '', '2024-10-21 00:00:00', '2024-11-18 18:41:46', NULL, 'طبيعي', 1200.00, 0.00, 1200.00, 26, 19, 73, 0, 14),
(210, NULL, 'سلمت المختار الحسن ', 1, 'أنثى', '2016-11-18', 'نواكشوط', '2024-11-18 00:00:00', '2024-11-18 18:42:18', NULL, 'طبيعي', 1200.00, 0.00, 1200.00, 22, 17, 76, 0, 13),
(211, NULL, 'محمد سعدنا الضيف', 0, 'ذكر', '2014-12-31', 'نواكشوط', '2023-10-17 00:00:00', '2024-11-18 18:43:09', NULL, 'طبيعي', 1200.00, 0.00, 1200.00, 33, 20, 74, 0, 13),
(212, NULL, 'محمد الخضر محمد الطيب', 13, 'ذكر', '2010-12-31', 'انواكشوط', '2024-10-26 00:00:00', '2023-10-01 00:00:00', NULL, 'طبيعي', 0.00, 0.00, 1500.00, 18, 18, 72, 36282951, 14),
(213, NULL, 'الناها النعمة ', 0, 'أنثى', '2019-11-18', 'نواكشوط', '2024-11-18 00:00:00', '2024-11-18 18:43:37', NULL, 'طبيعي', 1000.00, 0.00, 1000.00, 23, 17, 78, 0, 12),
(214, NULL, 'محمد محمد سالم اليدالي ', 8, 'ذكر', '2013-12-31', '', '2024-10-30 00:00:00', '2024-11-18 18:44:38', NULL, 'طبيعي', 1200.00, 0.00, 1200.00, 26, 19, 77, 22073585, 13),
(216, NULL, 'رقية محمد الأمين ', 0, 'أنثى', '2019-11-18', 'نواكشوط', '0000-00-00 00:00:00', '2024-11-18 18:46:51', NULL, 'طبيعي', 1000.00, 0.00, 1000.00, 23, 17, 80, 0, 12),
(218, NULL, 'محمد فال محمد سالم ', 5, 'ذكر', '2014-12-20', '', '2024-11-30 00:00:00', '2024-11-30 00:00:00', NULL, 'طبيعي', 1000.00, 0.00, 1000.00, 26, 19, 81, 46510870, 13),
(219, NULL, 'طه عبد القادر', 7, 'ذكر', '2017-12-31', 'نواكشوط', '2024-10-12 00:00:00', '2024-11-18 18:53:20', NULL, 'طبيعي', 0.00, 0.00, 1200.00, 33, 20, 42, 0, 13),
(220, NULL, 'مصعب عبد القادر', 1, 'ذكر', '2015-12-31', 'نواكشوط', '2024-10-12 00:00:00', '2024-11-18 18:55:32', NULL, 'طبيعي', 0.00, 0.00, 1200.00, 33, 20, 42, 0, 13),
(221, NULL, 'أحمد لولي محمد عبد الله ', 2, 'ذكر', '2011-12-31', '', '2024-07-06 00:00:00', '2024-11-18 18:57:26', NULL, 'طبيعي', 1000.00, 0.00, 1000.00, 26, 19, 83, 0, 13),
(224, NULL, 'عمر محمد عبد الله ', 20, 'ذكر', '2013-12-31', '', '2024-11-26 00:00:00', '2023-11-18 00:00:00', NULL, 'طبيعي', 1200.00, 0.00, 1200.00, 26, 19, 85, 32036825, 14),
(226, NULL, 'عبد الرحمن محمد أحيد', 1, 'ذكر', '2016-12-31', 'نواكشوط', '2024-10-12 00:00:00', '2024-11-18 19:02:26', NULL, 'طبيعي', 0.00, 0.00, 1200.00, 33, 20, 84, 0, 13),
(227, NULL, 'القاسم سيدي محمد', 1, 'ذكر', '2017-11-18', 'نواكشوط', '2024-11-18 19:12:29', '2024-11-18 19:04:46', NULL, 'طبيعي', 1200.00, 0.00, 1200.00, 18, 18, 87, 0, 13),
(228, NULL, 'محمد عبد الله أبي ', 12, 'ذكر', '2014-12-31', '', '2023-10-31 00:00:00', '2024-11-18 19:05:06', NULL, 'طبيعي', 1200.00, 0.00, 1200.00, 26, 19, 88, 0, 14),
(229, NULL, 'الشيخ عبد الله الشيخ باي ', 9, 'ذكر', '2010-12-31', '', '2023-08-10 00:00:00', '2024-11-18 19:08:12', NULL, 'طبيعي', 1000.00, 0.00, 1000.00, 26, 19, 89, 0, 13),
(230, NULL, 'محمد محمود الشيخ حمد', 17, 'ذكر', '2012-12-31', '', '2023-12-09 00:00:00', '2024-11-18 19:11:47', NULL, 'طبيعي', 1000.00, 0.00, 1000.00, 26, 19, 90, 0, 14),
(231, NULL, 'محمد محمد أحيد', 5, 'ذكر', '2012-12-31', 'نواكشوط', '2024-10-12 00:00:00', '2024-11-18 19:13:50', NULL, 'طبيعي', 0.00, 0.00, 1200.00, 30, 20, 84, 0, 13),
(232, NULL, 'محمد محمود أحمد  بلول', 7, 'ذكر', '2017-12-31', '', '2024-11-24 00:00:00', '2024-11-24 00:00:00', NULL, 'طبيعي', 1200.00, 0.00, 1200.00, 26, 19, 91, 31043332, 13),
(233, NULL, 'عبد الله القرشي', 2, 'ذكر', '2016-12-13', 'نواكشوط', '2024-10-07 00:00:00', '2024-11-18 19:17:45', NULL, 'طبيعي', 0.00, 0.00, 1200.00, 33, 20, 92, 0, 13),
(234, NULL, 'أنس الشيخ السعيدي ', 2, 'ذكر', '2015-12-31', '', '2024-10-26 00:00:00', '2024-10-26 00:00:00', NULL, 'طبيعي', 500.00, 0.00, 500.00, 26, 19, 93, 36850012, 13),
(235, NULL, 'سيدنا عبد الفتاح', 13, 'ذكر', '2009-12-31', 'نواكشوط', '2024-10-07 00:00:00', '2024-11-18 19:19:41', NULL, 'طبيعي', 1200.00, 0.00, 1200.00, 29, 20, 92, 0, 14),
(236, NULL, 'محمد أحمد عالي', 5, 'ذكر', '2017-12-31', 'نواكشوط', '2023-11-11 00:00:00', '2024-11-18 19:22:36', NULL, 'طبيعي', 0.00, 0.00, 1200.00, 33, 20, 59, 0, 13),
(237, NULL, 'الشيخ الحسن ', 7, 'ذكر', '2014-12-13', '', '2023-09-10 00:00:00', '2024-11-18 19:22:55', NULL, 'معفى', 0.00, 0.00, 0.00, 26, 19, 94, 0, 13),
(238, NULL, 'أحمد عالي', 41, 'ذكر', '2009-12-31', 'نواكشوط', '2023-10-24 00:00:00', '2024-11-18 19:25:25', NULL, 'طبيعي', 1200.00, 0.00, 1200.00, 29, 20, 59, 0, 15),
(239, NULL, 'إدوم عبدالله ', 0, 'ذكر', '2018-11-18', 'نواكشوط', '2024-10-31 00:00:00', '2024-11-18 19:26:22', NULL, 'طبيعي', 1000.00, 0.00, 1000.00, 19, 18, 96, 22406468, 12),
(240, NULL, 'سيد محمد عبد الفتاح ', 4, 'ذكر', '2015-12-31', '', '2023-09-01 00:00:00', '2024-11-18 00:00:00', NULL, 'طبيعي', 1000.00, 0.00, 1000.00, 26, 19, NULL, 0, 13),
(241, NULL, 'محمد المعزوز', 0, 'ذكر', '2018-11-18', 'نواكشوط', '2024-11-18 00:00:00', '2024-11-18 19:28:34', NULL, 'طبيعي', 1000.00, 0.00, 1000.00, 19, 18, 97, 0, 12),
(242, NULL, 'سيد أحمد أحمد', 23, 'ذكر', '2010-12-31', '', '2023-10-24 00:00:00', '2024-11-18 19:29:21', NULL, 'طبيعي', 1200.00, 0.00, 1200.00, 32, 20, 59, 0, 14),
(243, NULL, 'محمد المصطفى ', 1, 'ذكر', '2017-01-31', '', '2023-09-01 00:00:00', '2024-11-18 19:29:47', NULL, 'طبيعي', 800.00, 0.00, 800.00, 26, 19, 98, 0, 13),
(244, NULL, 'مصطافة الطيب', 0, 'ذكر', '2019-11-18', 'نواكشوط', '2024-11-18 00:00:00', '2024-11-18 19:29:48', NULL, 'طبيعي', 1000.00, 0.00, 1000.00, 19, 18, 99, 0, 12),
(245, NULL, 'محمد محمد محمود', 27, 'ذكر', '2011-12-31', '', '2023-10-21 00:00:00', '2024-11-18 19:30:28', NULL, 'طبيعي', 1200.00, 0.00, 1200.00, 32, 20, 59, 0, 14),
(246, NULL, 'المصطاف إنجيه', 1, 'ذكر', '2014-12-31', 'نواكشوط', '2023-10-29 00:00:00', '2024-11-18 19:35:29', NULL, 'طبيعي', 0.00, 200.00, 1000.00, 33, 20, 100, 0, 13),
(247, NULL, 'السالك إنجيه', 2, 'ذكر', '2010-12-31', 'نواكشوط', '2023-10-29 00:00:00', '2024-11-18 19:37:47', NULL, 'طبيعي', 1000.00, 0.00, 1000.00, 31, 20, 100, 0, 13),
(248, NULL, 'محمد المختار إنجيه', 20, 'ذكر', '2009-12-31', 'نواكشوط', '2023-10-29 00:00:00', '2024-11-18 19:39:08', NULL, 'طبيعي', 1000.00, 0.00, 1000.00, 31, 20, 100, 0, 14),
(249, NULL, 'محمد فال محمد المختار', 1, 'ذكر', '2015-05-31', 'لعيون', '2023-10-29 00:00:00', '2024-11-18 00:00:00', NULL, 'طبيعي', 0.00, 0.00, 1200.00, 33, 20, 101, 26754444, 13),
(250, NULL, 'إدوم ولد محمد', 0, 'ذكر', '2024-11-18', 'نواكشوط', '0000-00-00 00:00:00', '2024-11-18 19:45:00', NULL, 'طبيعي', 1000.00, 0.00, 1000.00, 19, 18, 102, 0, 12),
(251, NULL, 'آده سيدي عالي', 0, 'ذكر', '2016-12-31', 'كرو', '2023-10-29 00:00:00', '2024-11-18 19:45:00', NULL, 'طبيعي', 1000.00, 0.00, 1000.00, 33, 20, 103, 0, 13),
(252, NULL, 'أحمد عبد الله ', 0, 'ذكر', '2019-11-18', 'نواكشوط', '0000-00-00 00:00:00', '2024-11-18 19:46:13', NULL, 'طبيعي', 1000.00, 0.00, 1000.00, 19, 18, 104, 0, 12),
(254, NULL, 'محمد يسلم ابراهيم', 2, 'ذكر', '2017-08-04', 'نواكشوط', '2023-11-23 00:00:00', '2024-11-18 00:00:00', NULL, 'طبيعي', 1000.00, 0.00, 1000.00, 33, 20, 106, 42051215, 13),
(255, NULL, 'محمد ولد الطالب', 0, 'ذكر', '2018-11-18', 'نواكشوط', '0000-00-00 00:00:00', '2024-11-18 19:51:08', NULL, 'طبيعي', 1000.00, 0.00, 1000.00, 19, 18, 109, 0, 12),
(256, NULL, 'السالك سيدي ابراهيم', 0, 'ذكر', '2019-11-18', 'نواكشوط', '2024-11-18 00:00:00', '2024-11-18 19:54:02', NULL, 'طبيعي', 1000.00, 0.00, 1000.00, 19, 18, 110, 0, 12),
(257, NULL, 'محمد سيد محمد ', 0, 'أنثى', '2019-11-18', 'نواكشوط', '2024-08-20 00:00:00', '2024-11-18 19:56:31', NULL, 'طبيعي', 1000.00, 0.00, 1000.00, 19, 18, 111, 0, 12),
(258, NULL, 'محمد الطاهر محمد الشيخ', 0, 'ذكر', '2018-11-18', 'نواكشوط', '2024-08-20 00:00:00', '2024-11-18 19:59:04', NULL, 'طبيعي', 1000.00, 0.00, 1000.00, 19, 18, 112, 0, 12),
(259, NULL, 'أحمد الشيخ محمد', 0, 'ذكر', '2018-11-18', 'نواكشوط', '2024-07-27 00:00:00', '2024-11-18 20:00:36', NULL, 'طبيعي', 1000.00, 0.00, 1000.00, 19, 18, 113, 0, 12),
(260, NULL, 'محفوظ الدحة ', 0, 'ذكر', '2020-11-18', 'نواكشوط', '2024-07-06 00:00:00', '2024-11-18 20:01:42', NULL, 'طبيعي', 1000.00, 0.00, 1000.00, 19, 18, 66, 0, 12),
(261, NULL, 'إدوم السالك فال ', 2, 'ذكر', '2012-12-31', '', '2024-10-21 00:00:00', '2024-11-18 20:02:40', NULL, 'طبيعي', 1200.00, 0.00, 1200.00, 26, 19, 114, 0, 13),
(263, NULL, 'الكوري عبد الدائم ', 13, 'ذكر', '2017-12-31', '', '2024-07-09 00:00:00', '2024-11-18 20:06:17', NULL, 'طبيعي', 1200.00, 0.00, 1200.00, 26, 19, 117, 0, 14),
(264, NULL, 'مصعب سيدي محمد ', 4, 'ذكر', '2015-05-31', '', '2024-11-26 00:00:00', '2023-11-03 00:00:00', NULL, 'طبيعي', 1200.00, 0.00, 1200.00, 26, 19, 119, 44739172, 13),
(265, NULL, 'مريم محمد', 0, 'أنثى', '2018-06-30', '', '2024-11-26 00:00:00', '2023-10-10 00:00:00', NULL, 'طبيعي', 1000.00, 0.00, 1000.00, 37, 21, 119, 44739172, 12),
(267, NULL, 'محمد المختار أحمدنا ', 41, 'ذكر', '2014-12-31', '', '2024-10-26 00:00:00', '2023-02-19 00:00:00', NULL, 'طبيعي', 1500.00, 0.00, 1500.00, 26, 19, 121, 49006525, 15),
(268, NULL, 'محمد سالم محمد ', 0, 'ذكر', '2017-11-18', 'نواكشوط', '2024-11-30 00:00:00', '2024-11-30 00:00:00', NULL, 'طبيعي', 1000.00, 0.00, 1000.00, 19, 18, 116, 22418457, 12),
(269, NULL, 'سيدي أحمد الشيخ سيدي أحمد ', 16, 'ذكر', '2017-12-31', '', '2023-09-01 00:00:00', '2024-11-18 20:27:13', NULL, 'طبيعي', 1200.00, 0.00, 1200.00, 26, 19, 122, 0, 14),
(270, NULL, 'محمد عالي اباه', 0, 'ذكر', '2017-11-18', 'نواكشوط', '2024-04-28 00:00:00', '2024-11-18 20:27:23', NULL, 'طبيعي', 1000.00, 0.00, 1000.00, 19, 18, 123, 0, 12),
(271, NULL, 'الطيب محمد المختار ', 0, 'ذكر', '2017-11-18', 'نواكشوط', '2024-03-12 00:00:00', '2024-11-18 20:28:32', NULL, 'طبيعي', 1000.00, 0.00, 1000.00, 19, 18, 67, 0, 12),
(272, NULL, 'محمد المختار محمد الامين', 0, 'ذكر', '2020-11-18', 'نواكشوط', '2024-02-26 00:00:00', '2024-11-18 20:38:31', NULL, 'طبيعي', 1000.00, 0.00, 1000.00, 19, 18, 125, 0, 12),
(273, NULL, 'لمهابة عبد الله تكدي ', 0, 'ذكر', '2017-11-18', 'نواكشوط', '2024-01-13 00:00:00', '2024-11-18 20:45:15', NULL, 'طبيعي', 1000.00, 0.00, 1000.00, 19, 18, 126, 0, 12),
(274, NULL, 'محمد الأمين محمد الشيخ ', 0, 'أنثى', '2015-11-18', '', '2023-09-01 00:00:00', '2024-11-18 20:46:15', NULL, 'طبيعي', 1000.00, 0.00, 1000.00, 19, 18, 112, 0, 12),
(275, NULL, 'محمد ولد المامي', 8, 'ذكر', '2008-11-18', 'انواكشوط', '2024-10-21 00:00:00', '2024-11-18 20:53:23', NULL, 'طبيعي', 1200.00, 0.00, 1200.00, 17, 18, 127, 0, 13),
(276, NULL, 'المصطفى سيدي', 11, 'ذكر', '2012-11-20', 'انواكشوط', '2024-10-20 00:00:00', '2024-11-18 20:56:38', NULL, 'طبيعي', 1200.00, 0.00, 1200.00, 17, 18, 128, 0, 13),
(277, NULL, 'ألمين أحمد', 4, 'ذكر', '2011-11-18', 'انواكشوط', '2024-10-13 00:00:00', '2024-11-18 20:58:31', NULL, 'طبيعي', 1200.00, 0.00, 1200.00, 17, 18, 35, 0, 13),
(278, NULL, 'سيدي يحي سيد محمد', 8, 'ذكر', '2014-11-18', 'انواكشوط', '2024-10-05 00:00:00', '2024-11-18 21:02:10', NULL, 'طبيعي', 1200.00, 0.00, 1200.00, 17, 18, 130, 0, 13),
(279, NULL, 'الساموري الشيخ اسلم ', 5, 'ذكر', '2015-11-18', 'انواكشوط', '2024-10-01 00:00:00', '2024-11-18 21:07:32', NULL, 'طبيعي', 1200.00, 0.00, 1200.00, 17, 18, 131, 36878731, 13),
(280, NULL, 'الشيخ اسلم أحمد سيدي', 9, 'ذكر', '2013-11-18', 'انواكشوط', '2024-10-01 00:00:00', '2024-11-18 21:08:31', NULL, 'طبيعي', 1200.00, 0.00, 1200.00, 17, 18, 131, 36878731, 13),
(281, NULL, 'أحمدو محمد الامين', 1, 'ذكر', '2017-12-31', 'الطلحيات', '2023-10-08 00:00:00', '2024-11-19 09:37:43', NULL, 'طبيعي', 1000.00, 0.00, 1000.00, 33, 20, 132, 0, 13),
(282, NULL, 'سيدي محمد الامين', 3, 'ذكر', '2015-12-31', '', '2023-10-08 00:00:00', '2024-11-19 09:40:42', NULL, 'طبيعي', 1000.00, 0.00, 1000.00, 31, 20, 132, 0, 13),
(283, NULL, 'السالك محمد الامين', 23, 'ذكر', '2009-12-31', 'الطلحيات', '2023-10-08 00:00:00', '2024-11-19 09:43:20', NULL, 'طبيعي', 1500.00, 300.00, 1200.00, 32, 20, 132, 0, 14),
(284, NULL, 'محفوظ محمد', 4, 'ذكر', '2016-11-19', 'نواكشوط', '2024-07-21 00:00:00', '2024-11-19 09:43:27', NULL, 'طبيعي', 1200.00, 0.00, 1200.00, 17, 18, 134, 0, 13),
(285, NULL, 'فاطمة أحمد', 4, 'أنثى', '2011-12-31', 'انواكشوط', '2024-10-19 00:00:00', '2024-11-19 09:44:26', NULL, 'طبيعي', 0.00, 0.00, 1200.00, 42, 17, 133, 0, 13),
(286, NULL, 'محفوظ لحبيب ', 5, 'ذكر', '2012-11-19', 'نواكشوط', '0000-00-00 00:00:00', '2024-11-19 09:45:03', NULL, 'طبيعي', 1200.00, 0.00, 1200.00, 17, 18, 135, 0, 13),
(287, NULL, 'محمد سيدي ', 6, 'ذكر', '2014-11-19', 'نواكشوط', '2024-06-23 00:00:00', '2024-11-19 09:46:50', NULL, 'طبيعي', 1200.00, 0.00, 1200.00, 18, 18, 136, 0, 13),
(288, NULL, 'محمد فال محمد الامين', 13, 'ذكر', '2011-12-31', 'الطلحيات', '2023-10-08 00:00:00', '2024-11-19 09:47:20', NULL, 'طبيعي', 1500.00, 500.00, 1000.00, 30, 20, 132, 0, 14),
(289, NULL, 'محمد سيد محمد ', 3, 'ذكر', '2018-11-19', 'نواكشوط', '2024-10-30 00:00:00', '2024-10-30 00:00:00', NULL, 'طبيعي', 1200.00, 200.00, 1000.00, 17, 18, 130, 26900864, 13),
(291, NULL, 'إبراهيم الشيخ', 0, 'ذكر', '2018-12-31', 'عرفات', '2023-10-08 00:00:00', '2024-11-19 09:51:54', NULL, 'طبيعي', 1200.00, 200.00, 1000.00, 33, 20, 137, 0, 13),
(292, NULL, 'خدجة يعقوب', 6, 'أنثى', '2015-12-31', 'انواكشوط', '2024-10-13 00:00:00', '2024-11-19 09:52:34', NULL, 'طبيعي', 0.00, 0.00, 1200.00, 42, 17, 138, 0, 13),
(293, NULL, 'محمد عبد القادر', 0, 'ذكر', '2019-12-31', 'نواكشوط', '2024-10-29 00:00:00', '2023-08-29 00:00:00', NULL, 'طبيعي', 1000.00, 0.00, 1000.00, 33, 20, 139, 49516382, 13),
(294, NULL, 'أحمد هنون ', 10, 'ذكر', '2016-12-31', 'نواكشوط', '2024-11-02 00:00:00', '2024-11-19 00:00:00', NULL, 'طبيعي', 1200.00, 0.00, 1200.00, 30, 20, 141, 38781818, 13),
(295, NULL, 'إسلكو هنون ', 11, 'ذكر', '2015-12-31', 'نواكشوط', '2024-11-02 00:00:00', '2024-11-19 00:00:00', NULL, 'طبيعي', 1200.00, 0.00, 1200.00, 31, 20, 141, 38781818, 13),
(297, NULL, 'عبد الله الشيخ أحمد', 1, 'ذكر', '2012-12-31', 'نواكشوط', '2024-10-19 00:00:00', '2024-11-19 10:06:48', NULL, 'طبيعي', 1200.00, 0.00, 1200.00, 30, 20, 142, 0, 13),
(298, NULL, 'يوسف أحمد', 4, 'ذكر', '2013-12-31', 'نواكشوط', '2024-10-19 00:00:00', '2024-11-19 10:10:28', NULL, 'طبيعي', 1500.00, 0.00, 1500.00, 30, 20, 133, 0, 13),
(299, NULL, 'محمد سالم محمد محمود ابيمين', 5, 'ذكر', '2010-11-19', 'نواكشوط', '2024-10-22 00:00:00', '2024-11-19 10:10:28', NULL, 'طبيعي', 1000.00, 0.00, 1000.00, 17, 18, 143, 0, 13),
(300, NULL, 'أحمد عبد القادر ', 15, 'ذكر', '2009-11-19', 'نواكشوط', '2024-11-24 00:00:00', '2024-11-01 00:00:00', NULL, 'طبيعي', 1500.00, 0.00, 1500.00, 17, 18, 144, 36611219, 14),
(301, NULL, 'محمد أحمد', 1, 'ذكر', '2013-12-31', 'نواكشوط', '2024-10-19 00:00:00', '2024-11-19 10:15:44', NULL, 'طبيعي', 1200.00, 0.00, 1200.00, 30, 20, 145, 0, 13),
(302, NULL, 'أحمدو محمد الامين', 8, 'ذكر', '2015-12-31', 'نواكشوط', '2024-10-15 00:00:00', '2024-11-19 10:18:46', NULL, 'طبيعي', 1200.00, 0.00, 1200.00, 30, 20, 146, 0, 13),
(303, NULL, 'رضى محمد نافع', 2, 'أنثى', '2009-12-31', 'انواكشوط', '2024-10-12 00:00:00', '2024-11-19 10:19:07', NULL, 'طبيعي', 0.00, 0.00, 1200.00, 42, 17, 147, 0, 13),
(304, NULL, 'عبد الكريم محمد عالم', 1, 'ذكر', '2017-12-31', 'نواكشوط', '2024-10-12 00:00:00', '2024-11-19 10:21:37', NULL, 'طبيعي', 1200.00, 0.00, 1200.00, 30, 20, 148, 0, 13),
(305, NULL, 'محمد مامبن ', 0, 'ذكر', '2020-02-01', '', '2024-11-30 00:00:00', '2023-10-10 00:00:00', NULL, 'طبيعي', 1000.00, 0.00, 1000.00, 34, 21, 327, 46559396, 12),
(306, NULL, 'محمد العالم', 18, 'ذكر', '2013-12-13', 'نواكشوط', '2024-10-09 00:00:00', '2024-10-02 00:00:00', NULL, 'طبيعي', 1000.00, 0.00, 1000.00, 43, 20, 148, 42453509, 14),
(307, NULL, 'الحسن عبد الله لولي ', 0, 'ذكر', '2019-12-31', '', '2024-11-02 00:00:00', '2024-11-19 10:25:50', NULL, 'طبيعي', 3000.00, 0.00, 3000.00, 34, 21, 150, 0, 17),
(308, NULL, 'سالم يحي', 1, 'ذكر', '2017-09-09', 'نواكشوط', '2024-10-06 00:00:00', '2024-11-19 10:26:12', NULL, 'طبيعي', 0.00, 0.00, 1200.00, 30, 20, 151, 0, 13),
(310, NULL, 'محمدو عبد الله الولي ', 1, 'ذكر', '2011-12-31', '', '2024-11-02 00:00:00', '2024-11-19 10:27:50', NULL, 'طبيعي', 0.00, 0.00, 3000.00, 24, 19, 150, 0, 18),
(311, NULL, 'السعد السلطان', 1, 'ذكر', '2016-12-31', 'نواكشوط', '2024-10-02 00:00:00', '2024-11-19 10:28:17', NULL, 'طبيعي', 0.00, 0.00, 1200.00, 30, 20, 120, 0, 13),
(312, NULL, 'يوكيها محمد نافع ', 0, 'أنثى', '2020-12-31', '', '2024-11-26 00:00:00', '2024-11-19 00:00:00', NULL, 'طبيعي', 1000.00, 0.00, 1000.00, 34, 21, 153, 22001489, 12),
(313, NULL, 'الناجي يب', 6, 'ذكر', '2011-12-31', 'نواكشوط', '2024-11-28 00:00:00', '2024-11-19 00:00:00', NULL, 'طبيعي', 3500.00, 0.00, 3500.00, 30, 20, 154, 48431201, 18),
(314, NULL, 'المصطفى محمد عبد الله', 30, 'ذكر', '2013-11-19', 'نواكشوط', '0000-00-00 00:00:00', '2024-11-19 10:33:54', NULL, 'طبيعي', 1200.00, 200.00, 1000.00, 17, 18, 152, 0, 13),
(316, NULL, 'أحمد محمد نافع ', 3, 'ذكر', '2019-12-31', '', '2024-11-26 00:00:00', '2023-10-31 00:00:00', NULL, 'طبيعي', 1200.00, 0.00, 1200.00, 27, 19, 153, 22001489, 13),
(317, NULL, 'محمدو أحمد', 3, 'ذكر', '2011-12-31', 'الرياض', '2024-07-08 00:00:00', '2024-11-19 10:36:48', NULL, 'طبيعي', 1000.00, 0.00, 1000.00, 30, 20, 155, 0, 13),
(318, NULL, 'محمد سالم الطيب ', 7, 'ذكر', '2015-11-19', 'نواكشوط', '2024-10-30 00:00:00', '2024-10-30 00:00:00', NULL, 'طبيعي', 1200.00, 500.00, 700.00, 17, 18, 156, 48174343, 13),
(319, NULL, 'أحمدو الدحة ', 3, 'ذكر', '2017-11-19', 'نواكشوط', '2024-01-29 00:00:00', '2024-11-19 10:38:16', NULL, 'طبيعي', 1200.00, 0.00, 1200.00, 17, 18, 66, 0, 13),
(320, NULL, 'سيديا الخليل ', 0, 'ذكر', '2019-12-31', '', '2024-10-26 00:00:00', '2024-11-19 10:38:27', NULL, 'طبيعي', 3000.00, 0.00, 3000.00, 34, 21, 157, 0, 17),
(322, NULL, 'محمد الخليل ', 12, 'ذكر', '2015-12-12', '', '2024-11-22 00:00:00', '2024-11-19 00:00:00', NULL, 'طبيعي', 3000.00, 0.00, 3000.00, 24, 19, 157, 46240428, 17),
(323, NULL, 'الناجي عبد الله المختار', 13, 'ذكر', '2006-12-31', 'نواكشوط', '2024-03-25 00:00:00', '2024-11-19 10:42:25', NULL, 'طبيعي', 1000.00, 0.00, 1000.00, 30, 20, 160, 0, 14),
(324, NULL, 'حسان اليدالي ', 0, 'ذكر', '2019-12-31', '', '2024-10-22 00:00:00', '2024-11-19 10:43:25', NULL, 'طبيعي', 1000.00, 0.00, 1000.00, 34, 21, 161, 0, 12),
(325, NULL, 'الشيخ التراد عبد الله المختار', 26, 'ذكر', '2006-12-31', 'نواكشوط', '2024-03-25 00:00:00', '2024-11-19 10:45:20', NULL, 'طبيعي', 1200.00, 0.00, 1200.00, 30, 20, 160, 0, 14),
(326, NULL, 'أمينة حمود', 10, 'أنثى', '1997-12-31', 'كرو', '2024-10-26 00:00:00', '2024-11-19 00:00:00', NULL, 'طبيعي', 1200.00, 200.00, 1000.00, 42, 17, 232, 22315612, 13),
(327, NULL, 'اسلامة يحي ', 0, 'ذكر', '2010-12-31', '', '2024-10-20 00:00:00', '2024-11-19 10:45:31', NULL, 'طبيعي', 1000.00, 0.00, 1000.00, 34, 21, 145, 0, 12),
(330, NULL, 'بيب أحمد سالم ', 0, 'ذكر', '2020-12-31', '', '2024-10-14 00:00:00', '2024-11-19 10:52:45', NULL, 'طبيعي', 1000.00, 0.00, 1000.00, 34, 21, 163, 0, 12),
(332, NULL, 'بياهي محمد نافع', 0, 'ذكر', '2020-12-31', '', '2024-10-12 00:00:00', '2024-11-19 10:53:48', NULL, 'طبيعي', 1000.00, 0.00, 1000.00, 34, 21, 147, 0, 12),
(333, NULL, 'أحمد الدحة ', 7, 'ذكر', '2024-11-19', '', '0000-00-00 00:00:00', '2024-11-19 10:55:14', NULL, 'طبيعي', 0.00, 0.00, 1200.00, 17, 18, 66, 0, 13),
(334, NULL, 'زيدان الداهية ', 4, 'ذكر', '2014-11-19', 'نواكشوط', '2024-10-30 00:00:00', '2024-10-30 00:00:00', NULL, 'طبيعي', 1200.00, 200.00, 1000.00, 17, 18, 166, 20600484, 13),
(335, NULL, 'الشيخ الخليفة ', 0, 'ذكر', '2015-12-31', '', '2024-10-06 00:00:00', '2024-11-19 10:56:58', NULL, 'طبيعي', 1000.00, 0.00, 1000.00, 35, 21, 164, 0, 12),
(336, NULL, 'فاطمة المختارالسالم ', 60, 'أنثى', '2008-12-31', 'انواكشوط', '2024-01-21 00:00:00', '2024-11-19 10:58:59', NULL, 'طبيعي', 2000.00, 1000.00, 1000.00, 42, 17, 165, 0, 15),
(337, NULL, 'عبد الرحمن هاشم', 8, 'ذكر', '2015-12-31', 'نواكشوط', '2023-11-18 00:00:00', '2024-11-19 11:01:18', NULL, 'طبيعي', 1000.00, 0.00, 1000.00, 30, 20, 167, 0, 13),
(338, NULL, 'تكبر محمد سيدي ', 0, 'أنثى', '0000-00-00', '', '2024-10-31 00:00:00', '2024-11-19 11:02:08', NULL, 'طبيعي', 1200.00, 200.00, 1000.00, 40, 21, 168, 0, 13),
(339, NULL, 'محمد هاشم', 60, 'ذكر', NULL, '', '2024-10-23 00:00:00', '2023-09-19 00:00:00', NULL, 'طبيعي', 1200.00, 0.00, 1200.00, 28, 20, 167, 48500606, 19),
(340, NULL, 'فاطمة الشيخ', 60, 'أنثى', '2003-10-28', 'انواكشوط', '2024-11-04 00:00:00', '2024-11-19 11:04:07', NULL, 'طبيعي', 2000.00, 500.00, 1500.00, 42, 17, 169, 0, 15),
(341, NULL, 'حد زين *محمد الإمام  اشمخ ببانه', 0, 'ذكر', '2020-12-31', '', '2024-11-01 00:00:00', '2024-11-19 00:00:00', NULL, 'طبيعي', 1000.00, 0.00, 1000.00, 34, 21, 170, 26922653, 12),
(342, NULL, 'إدوم داهي', 1, 'ذكر', '2016-03-26', 'كنكوصة', '2023-11-11 00:00:00', '2024-11-19 11:06:06', NULL, 'طبيعي', 1200.00, 0.00, 1200.00, 30, 20, 171, 0, 13),
(343, NULL, 'فرحة صلاح', 26, 'أنثى', '2008-12-31', 'انواكشوط', '2023-11-04 00:00:00', '2024-11-19 11:08:19', NULL, 'طبيعي', 1500.00, 500.00, 1000.00, 42, 17, 172, 0, 14),
(344, NULL, 'آنو ممادو ', 0, 'ذكر', '2017-12-31', '', '2024-09-07 00:00:00', '2024-11-19 11:08:45', NULL, 'طبيعي', 1000.00, 0.00, 1000.00, 34, 21, 173, 0, 12),
(345, NULL, 'محمد صلاح', 7, 'ذكر', '2015-08-04', 'نواكشوط', '2023-10-23 00:00:00', '2024-11-19 11:09:47', NULL, 'طبيعي', 1000.00, 0.00, 1000.00, 30, 20, 172, 0, 13),
(346, NULL, 'أحمد محمد يسلم ', 0, 'ذكر', '2019-09-04', '', '2024-11-30 00:00:00', '2024-11-30 00:00:00', NULL, 'طبيعي', 1000.00, 0.00, 1000.00, 34, 21, 174, 31666085, 12),
(347, NULL, 'المصطفى صلاح', 17, 'ذكر', '2011-12-31', 'روصو', '2023-10-23 00:00:00', '2024-11-19 11:11:32', NULL, 'طبيعي', 1000.00, 0.00, 1000.00, 31, 20, 172, 0, 14),
(348, NULL, 'فاطمة محمد يسلم ', 5, 'أنثى', '2016-09-04', '', '2024-11-30 00:00:00', '2024-11-30 00:00:00', NULL, 'طبيعي', 1200.00, 200.00, 1000.00, 40, 21, 174, 31666085, 13),
(349, NULL, 'الطالب مصطف الواقف', 1, 'ذكر', '2016-11-19', 'نواكشوط', '2023-12-05 00:00:00', '2024-11-19 11:14:08', NULL, 'طبيعي', 1200.00, 0.00, 1200.00, 17, 18, 176, 0, 13),
(350, NULL, 'بون محمد', 15, 'ذكر', '2009-12-31', 'نواكشوط', '2023-11-30 00:00:00', '2024-11-19 00:00:00', NULL, 'طبيعي', 1500.00, 500.00, 1000.00, 30, 20, 177, 22077629, 14),
(351, NULL, 'الشريف أحمد محمد فرحان', 2, 'ذكر', '2007-11-19', 'نواكشوط', '2024-10-31 00:00:00', '2024-10-30 00:00:00', NULL, 'طبيعي', 1200.00, 300.00, 900.00, 17, 18, 69, 22950790, 13),
(352, NULL, 'سارة محمد محمود', 18, 'أنثى', '2010-12-13', 'كرو', '2023-10-16 00:00:00', '2024-11-19 11:15:44', NULL, 'طبيعي', 1500.00, 0.00, 1500.00, 42, 17, 175, 0, 14),
(353, NULL, 'محمد محمود الصيد', 6, 'ذكر', '2018-11-19', 'نواكشوط', '2024-10-31 00:00:00', '2024-11-19 11:17:23', NULL, 'طبيعي', 1000.00, 0.00, 1000.00, 17, 18, 178, 22595911, 13),
(354, NULL, 'عبد الله محمد المختار الصيد ', 1, 'ذكر', '2009-11-19', 'نواكشوط', '2024-10-31 00:00:00', '2024-11-19 11:18:45', NULL, 'طبيعي', 1000.00, 0.00, 1000.00, 17, 18, 178, 22595911, 13),
(355, NULL, 'عبد الله حداه ', 0, 'ذكر', '2020-12-31', '', '2024-11-03 00:00:00', '2024-11-19 00:00:00', NULL, 'طبيعي', 1000.00, 0.00, 1000.00, 34, 21, 179, 34411718, 12),
(356, NULL, 'توت كابر', 60, 'أنثى', '2008-12-31', 'انواكشوط', '2023-10-14 00:00:00', '2024-11-19 11:21:29', NULL, 'طبيعي', 2500.00, 1000.00, 1500.00, 42, 17, 180, 0, 19),
(357, NULL, 'لرباس لمات ', 25, 'ذكر', '2015-11-19', 'نواكشوط', '2023-11-28 00:00:00', '2024-11-19 11:21:36', NULL, 'طبيعي', 1500.00, 300.00, 1200.00, 17, 18, 182, 0, 14),
(358, NULL, 'سيدي محمد سالم ', 0, 'ذكر', '2018-12-31', '', '2024-10-26 00:00:00', '2024-11-19 11:21:48', NULL, 'طبيعي', 1000.00, 0.00, 1000.00, 34, 21, 183, 46802221, 12),
(359, NULL, 'محمد محمد فاضل ', 0, 'ذكر', '2018-12-31', '', '2024-10-27 00:00:00', '2024-10-26 00:00:00', NULL, 'طبيعي', 1000.00, 0.00, 1000.00, 34, 21, 184, 43830011, 12),
(360, NULL, 'محمد عالي محمد فال', 7, 'ذكر', '2010-10-31', 'نواكشوط', '2024-11-30 00:00:00', '2024-11-19 00:00:00', NULL, 'طبيعي', 1200.00, 200.00, 1000.00, 30, 20, 181, 32611677, 13),
(361, NULL, 'سيدي محمد محمد فال', 14, 'ذكر', '2017-10-31', 'نواكشوط', '2024-11-30 00:00:00', '2024-11-19 00:00:00', NULL, 'طبيعي', 1000.00, 0.00, 1000.00, 29, 20, 181, 32611677, 14),
(362, NULL, 'عيشة المامي ', 0, 'ذكر', '2018-12-31', '', '2024-05-28 00:00:00', '2024-11-19 11:27:23', NULL, 'طبيعي', 1000.00, 0.00, 1000.00, 34, 21, 185, 0, 12),
(363, NULL, 'اسماعيل ادوم عبد الجليل ', 4, 'ذكر', '2015-11-19', 'نواكشوط', '2023-11-21 00:00:00', '2024-11-19 11:32:11', NULL, 'طبيعي', 1200.00, 0.00, 1200.00, 17, 18, 189, 0, 13),
(364, NULL, 'نافع عبد الله', 10, 'ذكر', '2011-12-31', 'نواكشوط', '2023-09-01 00:00:00', '2024-11-19 11:32:19', NULL, 'طبيعي', 500.00, 0.00, 500.00, 30, 20, 186, 0, 13),
(365, NULL, 'فاطمة امباله', 60, 'أنثى', '2008-12-31', 'انواكشوط', '0000-00-00 00:00:00', '2024-11-19 11:32:24', NULL, 'طبيعي', 2500.00, 1000.00, 1500.00, 42, 17, 187, 0, 19),
(366, NULL, 'محمد محمد المختار', 12, 'ذكر', '2009-11-19', 'نواكشوط', '2023-11-12 00:00:00', '2024-11-19 11:33:51', NULL, 'طبيعي', 1200.00, 0.00, 1200.00, 17, 18, 67, 0, 13),
(368, NULL, 'أم كلثوم  امباله ', 0, 'ذكر', '2018-12-31', '', '2024-05-01 00:00:00', '2024-11-19 11:36:09', NULL, 'طبيعي', 1000.00, 0.00, 1000.00, 34, 21, 187, 0, 12),
(369, NULL, 'عيشة سيدي', 13, 'أنثى', '2009-12-31', 'انواكشوط', '2023-10-03 00:00:00', '2024-11-19 11:36:22', NULL, 'طبيعي', 1500.00, 500.00, 1000.00, 42, 17, 190, 0, 14),
(370, NULL, 'شيخنا محمد', 34, 'ذكر', '2010-12-31', 'عرفات', '2023-10-23 00:00:00', '2024-11-19 11:36:32', NULL, 'طبيعي', 2000.00, 800.00, 1200.00, 30, 20, 191, 0, 15),
(371, NULL, 'باب عبد الكريم ', 28, 'ذكر', '2012-11-19', 'نواكشوط', '2023-10-10 00:00:00', '2024-11-19 00:00:00', NULL, 'طبيعي', 1500.00, 300.00, 1200.00, 17, 18, 193, 42262631, 14),
(372, NULL, 'عبد الرحمن محمد الشيخ ', 2, 'ذكر', '2012-12-31', 'نواكشوط', '2024-09-01 00:00:00', '2024-11-19 11:39:06', NULL, 'طبيعي', 1200.00, 0.00, 1200.00, 17, 18, 112, 0, 13),
(373, NULL, 'ءاسية السماني', 60, 'أنثى', '2009-12-31', 'انواكشوط', '0000-00-00 00:00:00', '2024-11-19 11:39:52', NULL, 'طبيعي', 2500.00, 1700.00, 800.00, 42, 17, 194, 0, 19),
(374, NULL, 'محمد البار', 7, 'ذكر', '2017-01-31', 'نواكشوط', '2023-08-01 00:00:00', '2024-11-19 11:39:56', NULL, 'طبيعي', 1200.00, 400.00, 800.00, 30, 20, 195, 0, 13),
(375, NULL, 'محمد زيدان ', 35, 'ذكر', '2008-12-31', '', '2024-01-03 00:00:00', '2024-11-19 11:40:02', NULL, 'طبيعي', 1001.00, 0.00, 1001.00, 25, 19, 196, 0, 15),
(376, NULL, 'حدمين لمرابط', 3, 'ذكر', '2015-11-19', 'نواكشوط', '2023-09-01 00:00:00', '2024-11-19 11:40:49', NULL, 'طبيعي', 1200.00, 0.00, 1200.00, 18, 18, 197, 0, 13),
(377, NULL, 'محمد الأمين سيد محمد ', 3, 'ذكر', '2017-11-19', 'نواكشوط', '2023-11-19 00:00:00', '2024-11-19 11:42:05', NULL, 'طبيعي', 1200.00, 0.00, 1200.00, 17, 18, 87, 0, 13),
(378, NULL, 'مريم المصطفى', 36, 'أنثى', '2007-12-31', 'انواكشوط', '0000-00-00 00:00:00', '2024-11-19 11:42:32', NULL, 'طبيعي', 2000.00, 1000.00, 1000.00, 42, 17, 198, 0, 15),
(379, '', 'اعل البار', 45, 'ذكر', '2017-12-31', 'نواكشوط', '2023-10-01 00:00:00', '2024-11-19 11:42:59', NULL, 'طبيعي', 1200.00, 400.00, 800.00, 28, 20, 195, 0, 13),
(380, NULL, 'الطالب سيد محمد', 5, 'ذكر', '2017-11-19', 'نواكشوط', '2023-09-22 00:00:00', '2024-11-19 11:43:10', NULL, 'طبيعي', 1200.00, 0.00, 1200.00, 17, 18, 87, 0, 13),
(381, NULL, 'فاطمة محمذن السماني ', 0, 'أنثى', '2020-12-31', '', '2024-10-31 00:00:00', '2024-11-19 11:44:54', NULL, 'طبيعي', 1000.00, 0.00, 1000.00, 40, 21, 194, 33887882, 12),
(382, NULL, 'خديجة محفوظ', 40, 'أنثى', '2007-12-31', 'انواكشوط', '0000-00-00 00:00:00', '2024-11-19 11:45:34', NULL, 'طبيعي', 2000.00, 1000.00, 1000.00, 42, 17, 199, 0, 15),
(383, NULL, 'محمد الامين محمدو', 13, 'ذكر', '2017-01-31', 'نواكشوط', '2023-08-01 00:00:00', '2024-11-19 11:46:33', NULL, 'طبيعي', 1000.00, 0.00, 1000.00, 30, 20, 200, 0, 14),
(384, NULL, 'اعزيزة لقلال ', 0, 'أنثى', '2017-12-31', '', '2024-10-25 00:00:00', '2024-07-18 00:00:00', NULL, 'طبيعي', 1000.00, 0.00, 1000.00, 34, 21, 201, 36414150, 12),
(385, NULL, 'عاتكة سعدنا', 14, 'أنثى', '2012-10-12', 'انواكشوط', '2024-10-30 00:00:00', '2024-10-30 00:00:00', NULL, 'طبيعي', 1500.00, 700.00, 800.00, 42, 17, 202, 22083545, 14),
(386, NULL, 'عيشة دداه ', 17, 'أنثى', '2011-11-19', 'نواكشوط', '2024-11-03 00:00:00', '2024-11-19 11:49:28', NULL, 'طبيعي', 1500.00, 300.00, 1200.00, 20, 17, 203, 0, 14),
(387, NULL, 'حفصة احمد جدو', 0, 'أنثى', '1994-11-19', 'نواكشوط', '2024-11-03 00:00:00', '2024-11-19 11:50:21', NULL, 'طبيعي', 1200.00, 0.00, 1200.00, 20, 17, 130, 0, 13),
(389, NULL, 'سمية المصطفى', 6, 'أنثى', '2015-12-31', 'انواكشوط', '0000-00-00 00:00:00', '2024-11-19 11:52:45', NULL, 'طبيعي', 1200.00, 200.00, 1000.00, 42, 17, 204, 0, 13),
(390, NULL, 'زينب ابراهيم ', 5, 'أنثى', '2008-11-19', 'نواكشوط', '2024-11-30 00:00:00', '2024-11-30 00:00:00', NULL, 'طبيعي', 1500.00, 0.00, 1500.00, 20, 17, 207, 47490249, 14),
(391, NULL, 'سيدي مولود سيد الأمين ', 0, 'ذكر', '2018-12-31', '', '2023-12-09 00:00:00', '2024-11-19 11:54:25', NULL, 'طبيعي', 1000.00, 0.00, 1000.00, 34, 21, 90, 0, 12),
(392, NULL, 'فاطمة المصطفى', 10, 'أنثى', '2015-12-31', 'انواكشوط', '0000-00-00 00:00:00', '2024-11-19 11:54:45', NULL, 'طبيعي', 1500.00, 500.00, 1000.00, 42, 17, 204, 0, 14),
(393, NULL, 'عائشة المعزوز', 24, 'أنثى', '1998-11-19', 'نواكشوط', '2024-11-30 00:00:00', '2024-11-30 00:00:00', NULL, 'طبيعي', 1500.00, 300.00, 1200.00, 20, 17, 97, 31773800, 14),
(394, NULL, 'حنان محمد نافع', 12, 'أنثى', '2012-11-19', 'نواكشوط', '2024-11-30 00:00:00', '2024-11-30 00:00:00', NULL, 'طبيعي', 1500.00, 300.00, 1200.00, 20, 17, 147, 36121273, 14),
(395, NULL, 'صلاح الشيخ حمد ', 6, 'ذكر', '2017-12-31', '', '2024-11-01 00:00:00', '2024-11-19 00:00:00', NULL, 'طبيعي', 1200.00, 0.00, 1200.00, 27, 19, 90, 36323081, 13),
(396, NULL, 'سارة الزوي', 6, 'أنثى', '2008-12-31', 'انواكشوط', '2024-10-31 00:00:00', '2024-11-19 11:57:33', NULL, 'طبيعي', 1200.00, 200.00, 1000.00, 42, 17, 26, 46124806, 13),
(397, NULL, 'جميلة سيدي ', 0, 'أنثى', '1998-11-01', 'نواكشوط', '2024-11-30 00:00:00', '2024-11-30 00:00:00', NULL, 'طبيعي', 1200.00, 0.00, 1200.00, 20, 17, 208, 42124104, 13),
(398, NULL, 'محمد محمود سيدي  ابراهيم ', 0, 'ذكر', '2019-12-31', '', '2024-12-09 00:00:00', '2024-11-19 12:00:37', NULL, 'طبيعي', 1000.00, 0.00, 1000.00, 34, 21, 210, 0, 12),
(399, NULL, 'باته محمد فال', 60, 'أنثى', '2002-12-13', 'انواكشوط', '2023-10-11 00:00:00', '2024-11-19 12:02:32', NULL, 'طبيعي', 2500.00, 1500.00, 1000.00, 42, 17, 209, 0, 19),
(400, NULL, 'اتفرح اعلي الشيخ لمليح', 7, 'أنثى', '2015-11-19', 'نواكشوط', '2024-11-30 00:00:00', '2024-11-30 00:00:00', NULL, 'طبيعي', 1200.00, 200.00, 1000.00, 21, 17, 211, 32808002, 13),
(401, NULL, 'آمنة أحمد طالب ', 0, 'ذكر', '2020-01-26', '', '2024-11-26 00:00:00', '2023-10-10 00:00:00', NULL, 'طبيعي', 1000.00, 0.00, 1000.00, 34, 21, 212, 27671905, 12),
(402, NULL, 'سليمان أحمد طالب ', 3, 'ذكر', '0000-00-00', '', '2024-11-26 00:00:00', '2023-10-10 00:00:00', NULL, 'طبيعي', 1200.00, 0.00, 1200.00, 27, 19, 212, 27671905, 13),
(403, NULL, 'فاطمة باب', 11, 'أنثى', '2013-11-19', 'نواكشوط', '2024-01-21 00:00:00', '2024-11-19 12:07:03', NULL, 'طبيعي', 1500.00, 300.00, 1200.00, 20, 17, 214, 0, 14),
(404, NULL, 'سمية الحسن ', 60, 'أنثى', '2008-12-31', 'انواكشوط', '2024-10-26 00:00:00', '2024-11-19 12:07:10', NULL, 'طبيعي', 2500.00, 2000.00, 500.00, 42, 17, 213, 26420001, 19),
(405, NULL, 'محمد ناجي عبد الله ', 14, 'ذكر', '2010-12-31', '', '2024-03-09 00:00:00', '2024-11-19 12:10:33', NULL, 'طبيعي', 1200.00, 0.00, 1200.00, 25, 19, 215, 0, 14),
(406, NULL, 'جميلة عبد الودود ', 0, 'ذكر', '2019-12-31', '', '0023-12-11 00:00:00', '2024-11-19 12:13:58', NULL, 'طبيعي', 1000.00, 0.00, 1000.00, 34, 21, 216, 0, 12),
(407, NULL, 'عيشة الندى', 6, 'أنثى', '2009-11-19', 'نواكشوط', '2024-11-30 00:00:00', '2024-11-30 00:00:00', NULL, 'طبيعي', 1200.00, 0.00, 1200.00, 20, 17, 218, 22433992, 13),
(408, NULL, 'محمد موسي ', 1, 'ذكر', '2015-10-21', '', '2023-10-21 00:00:00', '2024-11-19 12:16:35', NULL, 'طبيعي', 1002.00, 0.00, 1002.00, 34, 21, 217, 0, 12),
(409, NULL, 'عائشة / محمد عبد الله ', 10, 'أنثى', '2010-12-13', 'انواكشوط', '2023-08-19 00:00:00', '2024-11-19 12:17:04', NULL, 'طبيعي', 1500.00, 500.00, 1000.00, 42, 17, 45, 0, 14),
(410, NULL, 'خدجة سيدي محمد', 23, 'أنثى', '2010-11-19', 'نواكشوط', '2024-12-30 00:00:00', '2024-12-30 00:00:00', NULL, 'طبيعي', 1500.00, 300.00, 1200.00, 20, 17, 24, 22386181, 14),
(411, NULL, 'سيدي محمد أحمد عبدو', 0, 'ذكر', '2015-10-21', '', '2024-10-30 00:00:00', '2024-10-30 00:00:00', NULL, 'طبيعي', 1000.00, 500.00, 500.00, 34, 21, 219, 22656530, 12),
(412, NULL, 'فاطمة أحمد عبدو', 0, 'أنثى', '2018-01-22', '', '2024-10-30 00:00:00', '2024-10-30 00:00:00', NULL, 'طبيعي', 800.00, 0.00, 800.00, 35, 21, 219, 22656530, 12),
(413, NULL, 'الخليفة الشيخ ', 0, 'ذكر', '2020-12-31', '', '2023-10-08 00:00:00', '2024-11-19 12:23:56', NULL, 'طبيعي', 1000.00, 0.00, 1000.00, 34, 21, 137, 0, 12),
(414, NULL, 'فتية سيدي محمد ', 7, 'أنثى', '2015-11-19', 'نواكشوط', '2024-12-30 00:00:00', '2024-12-30 00:00:00', NULL, 'طبيعي', 1200.00, 0.00, 1200.00, 20, 17, 24, 22386181, 13),
(415, NULL, 'أسماء امهادي', 3, 'أنثى', '2016-11-19', 'نواكشوط', '2024-10-30 00:00:00', '2024-10-30 00:00:00', NULL, 'طبيعي', 1200.00, 200.00, 1000.00, 36, 17, 221, 36386181, 13),
(416, NULL, 'العالية محمد ', 11, 'أنثى', '2002-11-19', 'نواكشوط', '2024-11-30 00:00:00', '2024-11-30 00:00:00', NULL, 'طبيعي', 1500.00, 300.00, 1200.00, 20, 17, 177, 22077629, 14),
(417, NULL, 'خولة محمد سالم', 7, 'أنثى', '2014-11-19', 'نواكشوط', '2024-11-30 00:00:00', '2024-11-30 00:00:00', NULL, 'طبيعي', 1200.00, 200.00, 1000.00, 20, 17, 223, 31045256, 13),
(418, NULL, 'عيشة كابر', 9, 'أنثى', '2013-11-19', 'نواكشوط', '2023-10-14 00:00:00', '2024-11-19 12:37:35', NULL, 'طبيعي', 1200.00, 0.00, 1200.00, 20, 17, 180, 0, 13),
(419, NULL, 'مريم محمد', 28, 'أنثى', '2008-12-13', 'انواكشوط', '2023-08-01 00:00:00', '2024-11-19 00:00:00', NULL, 'طبيعي', 1500.00, 500.00, 1000.00, 42, 17, 222, 0, 14),
(420, NULL, 'مريم محمد فال', 8, 'أنثى', '2008-11-19', 'نواكشوط', '2024-11-30 00:00:00', '2024-11-30 00:00:00', NULL, 'طبيعي', 1500.00, 0.00, 1500.00, 20, 17, 181, 32611677, 14),
(421, NULL, 'تحي محمد فال', 11, 'ذكر', '2009-11-19', 'نواكشوط', '2024-11-30 00:00:00', '2024-11-30 00:00:00', NULL, 'طبيعي', 1500.00, 0.00, 1500.00, 20, 17, 181, 32611677, 14),
(422, NULL, 'نبغوه الغوث', 11, 'أنثى', '2013-11-19', 'نواكشوط', '2024-11-30 00:00:00', '2024-11-19 00:00:00', NULL, 'طبيعي', 1500.00, 300.00, 1200.00, 20, 17, 220, 32648389, 14),
(423, NULL, 'أم الفضل عبدي ', 15, 'أنثى', '2008-11-19', 'نواكشوط', '2023-07-10 00:00:00', '2024-11-19 12:54:45', NULL, 'طبيعي', 1500.00, 0.00, 1500.00, 20, 17, 224, 0, 14),
(424, NULL, 'البتول محمد الأمين ', 30, 'أنثى', '2015-11-19', 'نواكشوط', '2024-11-30 00:00:00', '2024-11-30 00:00:00', NULL, 'طبيعي', 1500.00, 0.00, 1500.00, 20, 17, 80, 26303653, 14),
(425, NULL, 'حنان بالله ', 12, 'أنثى', '2008-11-19', 'نواكشوط', '2024-11-30 00:00:00', '2024-11-30 00:00:00', NULL, 'طبيعي', 1500.00, 0.00, 1500.00, 20, 17, 225, 46547371, 14),
(427, NULL, 'سلمى الحسن ', 12, 'أنثى', '2007-11-19', 'نواكشوط', '2024-11-30 00:00:00', '2024-11-30 00:00:00', NULL, 'طبيعي', 1500.00, 300.00, 1200.00, 20, 17, 227, 30597763, 14),
(428, NULL, 'أميرة أيوب ', 13, 'أنثى', '2012-11-19', 'نواكشوط', '2024-10-31 00:00:00', '2024-11-19 13:02:12', NULL, 'طبيعي', 1500.00, 1000.00, 500.00, 20, 17, 229, 0, 14),
(429, NULL, 'ميمونة أحمدو ', 5, 'أنثى', '2001-12-31', 'انواكشوط', '2024-11-03 00:00:00', '2024-11-19 13:02:45', NULL, 'طبيعي', 1500.00, 0.00, 1500.00, 21, 17, 228, 0, 14),
(430, NULL, 'ديجة محمد ', 5, 'أنثى', '2011-11-19', 'نواكشوط', '2023-09-01 00:00:00', '2024-11-19 13:03:30', NULL, 'طبيعي', 1200.00, 0.00, 1200.00, 20, 17, 186, 0, 13),
(431, NULL, 'عيشة سعدنا ', 15, 'أنثى', '2016-11-19', 'نواكشوط', '2024-12-30 00:00:00', '2024-12-30 00:00:00', NULL, 'طبيعي', 1500.00, 700.00, 800.00, 20, 17, 202, 22083545, 14),
(432, NULL, 'الخرشية محمد يحي ', 6, 'أنثى', '1995-11-19', 'نواكشوط', '2023-09-01 00:00:00', '2024-11-19 13:06:23', NULL, 'طبيعي', 1500.00, 300.00, 1200.00, 20, 17, 230, 0, 14),
(433, NULL, 'حماس مامون', 1, 'أنثى', '2005-12-31', 'انواكشوط', '2024-11-02 00:00:00', '2024-11-19 13:07:00', NULL, 'طبيعي', 1200.00, 0.00, 1200.00, 21, 17, 231, 0, 13),
(434, NULL, 'نسيبة الحسن ', 15, 'أنثى', '2017-11-19', 'نواكشوط', '2023-10-01 00:00:00', '2024-11-19 00:00:00', NULL, 'طبيعي', 1200.00, 0.00, 1200.00, 20, 17, 213, 26420001, 13),
(435, NULL, 'عائشة أحمد حمود ', 15, 'أنثى', '2010-11-19', 'نواكشوط', '2024-10-26 00:00:00', '2024-11-19 00:00:00', NULL, 'طبيعي', 1500.00, 500.00, 1000.00, 20, 17, 232, 22315612, 14),
(436, NULL, 'فاطمة الزهراء محمد المختار', 1, 'أنثى', '2008-12-31', '', '2024-11-02 00:00:00', '2024-11-19 13:11:23', NULL, 'طبيعي', 1200.00, 0.00, 1200.00, 21, 17, 233, 0, 13),
(437, NULL, 'أمنة محمد المختار', 1, 'أنثى', '2004-12-31', 'انواكشوط', '2024-11-02 00:00:00', '2024-11-19 13:13:23', NULL, 'طبيعي', 1200.00, 0.00, 1200.00, 21, 17, 233, 0, 13),
(438, NULL, 'مريم امان', 1, 'أنثى', '2024-12-31', 'انواكشوط', '2024-10-20 00:00:00', '2024-11-19 13:16:56', NULL, 'طبيعي', 1200.00, 0.00, 1200.00, 21, 17, 0, 0, 13),
(439, NULL, 'عائشة جمال', 2, 'أنثى', '2015-12-31', 'انواكشوط', '2024-11-30 00:00:00', '2024-11-30 00:00:00', NULL, 'طبيعي', 1200.00, 0.00, 1200.00, 21, 17, 235, 26590720, 13),
(441, NULL, 'أماتي الراجل', 2, 'أنثى', '2014-12-31', 'انواكشوط', '2024-11-30 00:00:00', '2024-11-30 00:00:00', NULL, 'طبيعي', 1200.00, 0.00, 1200.00, 21, 17, 237, 49587910, 13),
(442, NULL, 'فتاته محمد المختار', 5, 'أنثى', '2015-11-19', 'انواكشوط', '2024-11-30 00:00:00', '2024-11-30 00:00:00', NULL, 'طبيعي', 1200.00, 0.00, 1200.00, 21, 17, 238, 31310130, 13),
(443, NULL, 'صفية محفوط', 1, 'أنثى', '2017-12-13', 'انواكشوط', '2024-11-01 00:00:00', '2024-11-01 00:00:00', NULL, 'طبيعي', 1200.00, 200.00, 1000.00, 21, 17, 239, 22731238, 13),
(445, NULL, 'آمنة لحبيب ', 5, 'أنثى', '2008-11-19', 'نواكشوط', '2024-11-03 00:00:00', '2024-11-19 13:44:05', NULL, 'طبيعي', 1200.00, 200.00, 1000.00, 36, 17, 135, 0, 13),
(446, NULL, 'نزهة سيدي خطاري', 3, 'أنثى', '2008-12-13', 'انواكشوط', '2024-09-02 00:00:00', '2024-11-19 13:45:37', NULL, 'طبيعي', 1200.00, 0.00, 1200.00, 21, 17, 240, 0, 13),
(447, NULL, 'مريم سيدي', 1, 'أنثى', '2012-12-31', 'انواكشوط', '2024-06-23 00:00:00', '2024-11-19 13:49:03', NULL, 'طبيعي', 1200.00, 0.00, 1200.00, 21, 17, 128, 0, 13),
(448, NULL, 'صفية محمد نافع ', 2, 'أنثى', '2024-11-19', 'نواكشوط', '2024-11-19 00:00:00', '2024-11-19 13:49:09', NULL, 'طبيعي', 1200.00, 200.00, 1000.00, 36, 17, 147, 0, 13),
(449, NULL, 'الزينة لحبيب', 5, 'أنثى', '2017-08-03', 'نواكشوط', '0000-00-00 00:00:00', '2024-11-19 13:50:09', NULL, 'طبيعي', 1200.00, 200.00, 1000.00, 36, 17, 135, 0, 13),
(450, NULL, 'زينب العالم ', 12, 'أنثى', '2008-12-31', 'انواكشوط', '2024-10-03 00:00:00', '2024-10-02 00:00:00', NULL, 'طبيعي', 1500.00, 300.00, 1200.00, 21, 17, 148, 42453509, 14),
(451, NULL, 'فاطمة الزهراء السالك ', 2, 'أنثى', '2017-11-19', 'نواكشوط', '2024-10-30 00:00:00', '2024-10-30 13:54:33', NULL, 'طبيعي', 1200.00, 200.00, 1000.00, 36, 17, 241, 0, 13),
(452, NULL, 'مريم يحي', 6, 'أنثى', '2005-12-31', 'انواكشوط', '2024-11-19 00:00:00', '2024-11-19 13:56:31', NULL, 'طبيعي', 1200.00, 400.00, 800.00, 21, 17, 182, 0, 13),
(453, NULL, 'فاطمة الزهراء الزايد', 4, 'أنثى', '2017-11-19', 'نواكشوط', '2024-11-19 00:00:00', '2024-11-19 13:57:45', NULL, 'طبيعي', 1200.00, 200.00, 1000.00, 36, 17, 190, 0, 13),
(454, NULL, 'خديجة محمد المختار', 4, 'أنثى', '2012-12-13', 'انواكشوط', '2024-11-19 00:00:00', '2024-11-19 14:00:07', NULL, 'طبيعي', 0.00, 500.00, 700.00, 21, 17, 67, 0, 13),
(455, NULL, 'مريم محمد الأمين', 0, 'أنثى', '2013-12-13', 'انواكشوط', '2024-11-19 00:00:00', '2024-11-19 00:00:00', NULL, 'طبيعي', 1200.00, 200.00, 1000.00, 22, 17, 99, 33706163, 13),
(456, NULL, 'فال احمتو ', 11, 'أنثى', '1980-12-13', 'انواكشوط', '2024-11-19 00:00:00', '2024-11-19 14:04:52', NULL, 'طبيعي', 1500.00, 500.00, 1000.00, 21, 17, 61, 22462606, 14),
(457, NULL, 'مريم عبد الرحمن', 3, 'أنثى', '2010-11-19', 'نواكشوط', '2024-11-19 00:00:00', '2024-11-19 14:05:46', NULL, 'طبيعي', 1200.00, 200.00, 1000.00, 36, 17, 242, 0, 13),
(458, NULL, 'مريم عبد الودود', 5, 'أنثى', '2015-11-19', 'نواكشوط', '2024-11-19 00:00:00', '2024-11-19 00:00:00', NULL, 'طبيعي', 1200.00, 200.00, 1000.00, 40, 21, 216, 42381997, 13),
(459, NULL, 'فاطمة محمد فاضل ', 11, 'أنثى', '2008-12-13', 'انواكشوط', '2024-12-01 00:00:00', '2024-11-19 00:00:00', NULL, 'طبيعي', 1500.00, 300.00, 1200.00, 21, 17, 243, 41509338, 14);
INSERT INTO `students` (`id`, `agent_phone`, `student_name`, `part_count`, `gender`, `birth_date`, `birth_place`, `registration_date`, `regstration_date_count`, `student_photo`, `payment_nature`, `fees`, `discount`, `remaining`, `class_id`, `branch_id`, `agent_id`, `phone`, `level_id`) VALUES
(460, NULL, 'توت الواقف', 2, 'أنثى', '2014-12-12', 'انواكشوط', '2024-11-19 00:00:00', '2024-11-19 14:11:05', NULL, 'طبيعي', 1200.00, 200.00, 1000.00, 22, 17, 176, 0, 13),
(461, NULL, 'غلانه محمد الامين', 5, 'أنثى', '2017-01-12', 'انواكشوط', '2024-11-19 00:00:00', '2024-11-19 14:17:08', NULL, 'طبيعي', 1200.00, 200.00, 1000.00, 21, 17, 246, 0, 13),
(462, NULL, 'العزة محمد الامين', 7, 'أنثى', '2017-10-12', 'انواكشوط', '2024-11-19 00:00:00', '2024-11-19 14:18:52', NULL, 'طبيعي', 1200.00, 200.00, 1000.00, 21, 17, 246, 0, 13),
(463, NULL, 'حاجة محمد', 5, 'أنثى', '2010-11-19', 'نواكشوط', '2024-11-19 00:00:00', '2024-11-19 14:20:49', NULL, 'طبيعي', 1200.00, 400.00, 800.00, 36, 17, 245, 0, 13),
(464, NULL, 'فاطمة زيدان', 60, 'أنثى', '2007-12-31', 'انواكشوط', '2024-11-19 00:00:00', '2024-11-19 14:22:02', NULL, 'طبيعي', 2500.00, 1500.00, 1000.00, 21, 17, 246, 0, 19),
(465, NULL, 'عيشة ادوم ', 4, 'أنثى', '2014-12-12', 'انواكشوط', '2024-10-01 00:00:00', '2024-01-10 00:00:00', NULL, 'طبيعي', 1200.00, 700.00, 500.00, 21, 17, 166, 20600484, 13),
(466, NULL, 'عيشة الزبير', 11, 'أنثى', '2007-12-12', 'انواكشوط', '2024-11-19 00:00:00', '2024-11-19 14:32:43', NULL, 'طبيعي', 1500.00, 700.00, 800.00, 21, 17, 55, 0, 14),
(467, NULL, 'تحي حمود ', 8, 'أنثى', '2012-12-31', 'انواكشوط', '2024-11-19 00:00:00', '2024-11-19 14:35:42', NULL, 'طبيعي', 1200.00, 400.00, 800.00, 21, 17, 156, 0, 13),
(468, NULL, 'لكلاع عبد الله تكدي', 4, 'أنثى', '2015-12-31', 'انواكشوط', '2024-10-30 00:00:00', '2024-10-30 00:00:00', NULL, 'طبيعي', 1200.00, 200.00, 1000.00, 21, 17, 126, 34343702, 13),
(469, NULL, 'مريم بادي', 3, 'أنثى', '2014-11-19', 'نواكشوط', '2024-10-26 00:00:00', '2024-11-19 00:00:00', NULL, 'طبيعي', 1200.00, 200.00, 1000.00, 36, 17, 250, 36618730, 13),
(470, NULL, 'عائشة أحمد طالب', 6, 'أنثى', '2015-11-19', 'نواكشوط', '2024-11-26 00:00:00', '2023-10-10 00:00:00', NULL, 'طبيعي', 1200.00, 0.00, 1200.00, 36, 17, 212, 27671905, 13),
(471, NULL, 'فاطمة الحسن', 5, 'أنثى', '2015-11-19', 'نواكشوط', '2023-11-19 00:00:00', '2024-11-19 15:09:09', NULL, 'طبيعي', 1200.00, 200.00, 1000.00, 36, 17, 252, 0, 13),
(472, NULL, 'شهيدة أحمدو أمباله ', 5, 'أنثى', '2015-11-19', 'نواكشوط', '2023-10-04 00:00:00', '2024-11-19 15:10:15', NULL, 'طبيعي', 1200.00, 200.00, 1000.00, 36, 17, 185, 0, 13),
(473, NULL, 'السالمة محمد سالم ', 2, 'أنثى', '2018-11-19', 'نواكشوط', '2023-09-02 00:00:00', '2024-11-19 15:12:27', NULL, 'طبيعي', 1200.00, 200.00, 1000.00, 36, 17, 253, 0, 13),
(474, NULL, 'خديجة سعدبوه ', 1, 'أنثى', '2015-12-31', 'انواكشوط', '2024-10-30 00:00:00', '2024-10-30 00:00:00', NULL, 'طبيعي', 1200.00, 200.00, 1000.00, 21, 17, 248, 36464747, 13),
(475, NULL, 'اخويره الناجي', 3, 'أنثى', '2013-12-12', 'كرو', '2024-11-19 00:00:00', '2024-11-19 15:40:15', NULL, 'طبيعي', 1200.00, 200.00, 1000.00, 21, 17, 249, 0, 13),
(476, NULL, 'منة كابر', 1, 'أنثى', '2018-12-21', 'انواكشوط', '0000-00-00 00:00:00', '2024-11-19 15:55:33', NULL, 'طبيعي', 1200.00, 0.00, 1200.00, 21, 17, 180, 0, 13),
(477, NULL, ' سمية أيوب ', 4, 'أنثى', '2014-11-19', 'نواكشوط', '2024-10-31 00:00:00', '2024-11-19 15:56:20', NULL, 'طبيعي', 1200.00, 700.00, 500.00, 36, 17, 229, 0, 13),
(478, NULL, 'خديجة البشير ', 6, 'أنثى', '2014-11-19', 'نواكشوط', '2023-09-01 00:00:00', '2024-11-19 16:00:11', NULL, 'طبيعي', 1200.00, 0.00, 1200.00, 36, 17, 254, 0, 13),
(479, NULL, 'أماتي مولاي صالح', 4, 'أنثى', '2014-11-19', 'نواكشوط', '2024-10-26 00:00:00', '2024-11-19 16:01:22', NULL, 'طبيعي', 1200.00, 0.00, 1200.00, 36, 17, 255, 36158586, 13),
(481, NULL, 'عبد الرحمن عبد الله السالم ', 43, 'ذكر', '2009-12-31', '', '2024-12-09 00:00:00', '2024-10-10 00:00:00', NULL, 'طبيعي', 1500.00, 0.00, 1500.00, 25, 19, 256, 47945328, 15),
(482, NULL, 'محمد عبد الله', 60, 'ذكر', '2008-11-19', '', '2024-10-31 10:00:00', '2024-11-19 16:09:12', NULL, 'طبيعي', 1200.00, 0.00, 1200.00, 25, 19, 63, 47277725, 19),
(483, NULL, 'بيده الحسن', 1, 'أنثى', '2015-12-31', '', '2024-11-19 00:00:00', '2024-11-19 16:09:36', NULL, 'طبيعي', 0.00, 200.00, 1300.00, 21, 17, 252, 0, 14),
(484, NULL, 'مريم محمد يحي', 8, 'أنثى', '2017-12-31', 'انواكشوط', '2024-11-19 00:00:00', '2024-11-19 16:12:05', NULL, 'طبيعي', 1200.00, 0.00, 1200.00, 21, 17, 230, 0, 13),
(485, NULL, 'محمد الأمين أحمد ', 60, 'ذكر', '2008-12-31', '', '2024-10-19 00:00:00', '2024-11-19 16:13:56', NULL, 'طبيعي', 2500.00, 0.00, 2500.00, 25, 19, 133, 0, 19),
(486, NULL, 'السالكه سيدي محمد', 10, 'أنثى', '2011-12-31', 'انواكشوط', '2024-11-19 00:00:00', '2024-11-19 16:15:31', NULL, 'طبيعي', 1200.00, 200.00, 1000.00, 21, 17, 257, 0, 13),
(488, NULL, 'عزة محمد الحافظ', 7, 'أنثى', '2014-11-19', 'نواكشوط', '2024-11-30 00:00:00', '2024-11-19 00:00:00', NULL, 'طبيعي', 1200.00, 200.00, 1000.00, 36, 17, 258, 37047284, 13),
(489, NULL, 'الطيب محمد عبد الله الإمام', 60, 'ذكر', '2007-12-31', '', '2024-10-20 00:00:00', '2024-11-19 16:19:04', NULL, 'طبيعي', 2000.00, 0.00, 2000.00, 25, 19, 259, 0, 19),
(490, '', 'أحمد محمد ابيمين ', 60, 'ذكر', '2006-12-26', ' ', '2024-12-09 00:00:00', '2024-11-19 00:00:00', NULL, 'طبيعي', 2500.00, 500.00, 2000.00, 25, 19, 143, 36316036, 19),
(491, NULL, 'الشيخ باي الخليل ', 60, 'ذكر', NULL, '', '2024-11-26 00:00:00', '2024-01-07 00:00:00', NULL, 'طبيعي', 1500.00, 0.00, 1500.00, 25, 19, 260, 36393478, 19),
(492, NULL, 'محمد عبد الرحمن محمد الطيب ', 60, 'ذكر', '2006-12-31', '', '2024-10-26 00:00:00', '2024-12-10 00:00:00', NULL, 'طبيعي', 2000.00, 0.00, 2000.00, 25, 19, 72, 36282951, 19),
(493, NULL, 'الطالب العربي', 0, 'ذكر', '2009-12-31', 'نواكشوط', '2024-11-12 00:00:00', '2024-11-19 16:26:10', NULL, 'طبيعي', 0.00, 0.00, 1200.00, 29, 20, 261, 0, 13),
(494, '', 'محمد الأمين أحمد جدو', 60, 'ذكر', '2007-12-31', ' ', '2024-12-09 00:00:00', '2023-10-19 00:00:00', NULL, 'طبيعي', 2500.00, 1000.00, 1500.00, 25, 19, 262, 22287361, 19),
(495, NULL, 'المعنية سعدنا ', 5, 'أنثى', '2013-11-19', 'نواكشوط', '2024-10-30 00:00:00', '2024-10-30 00:00:00', NULL, 'طبيعي', 1200.00, 400.00, 800.00, 36, 17, 202, 22083545, 13),
(497, NULL, 'المصطفى محمدن ', 60, 'ذكر', '2009-12-31', '', '2024-12-09 00:00:00', '2023-10-01 00:00:00', NULL, 'طبيعي', 1000.00, 0.00, 1000.00, 25, 19, 209, 22213726, 19),
(498, NULL, 'مولاي الحسن الحسين ', 60, 'ذكر', '2006-12-31', '', '2024-11-26 00:00:00', '2023-11-19 00:00:00', NULL, 'طبيعي', 0.00, 0.00, 1300.00, 25, 19, 264, 37150646, 19),
(499, NULL, 'فاطمة سعدنا ', 5, 'أنثى', '2010-11-19', 'نواكشوط', '2024-10-30 00:00:00', '2024-10-30 00:00:00', NULL, 'طبيعي', 1200.00, 400.00, 800.00, 36, 17, 202, 22083545, 13),
(500, NULL, 'سكينة المصطفى ', 4, 'أنثى', '2018-11-19', 'نواكشوط', '2024-11-01 00:00:00', '2024-11-01 00:00:00', NULL, 'طبيعي', 1200.00, 200.00, 1000.00, 36, 17, 204, 36301729, 13),
(501, NULL, 'مولاي أحمد الشيخ محمد الأمين ', 60, 'ذكر', '2006-12-31', '', '2024-12-09 00:00:00', '2023-10-01 00:00:00', NULL, 'طبيعي', 1500.00, 0.00, 1500.00, 25, 19, 266, 22613714, 19),
(502, NULL, 'سيد المختار محمدن', 5, 'ذكر', '2014-12-31', 'نواكشوط', '2024-10-16 00:00:00', '2024-11-19 16:33:50', NULL, 'طبيعي', 0.00, 0.00, 1200.00, 29, 20, 265, 0, 13),
(503, NULL, 'مريم عبد القادر', 6, 'أنثى', '2012-11-19', 'نواكشوط', '2024-10-27 00:00:00', '2024-08-27 00:00:00', NULL, 'طبيعي', 1500.00, 0.00, 1500.00, 36, 17, 139, 49516382, 14),
(504, NULL, 'ابيب محمد', 7, 'أنثى', '2012-11-19', 'نواكشوط', '2023-08-20 00:00:00', '2024-11-19 16:35:58', NULL, 'طبيعي', 1200.00, 0.00, 1200.00, 36, 17, 267, 0, 13),
(505, NULL, 'المختار اسحاق ', 60, 'ذكر', '2009-12-31', '', '2024-10-10 00:00:00', '2024-11-19 16:36:09', NULL, 'طبيعي', 1500.00, 0.00, 1500.00, 25, 19, 60, 0, 19),
(506, NULL, 'فاطمة عبد الرحمن ', 6, 'أنثى', '2015-11-19', 'نواكشوط', '2024-11-01 00:00:00', '2024-11-30 00:00:00', NULL, 'طبيعي', 1200.00, 0.00, 1200.00, 22, 17, 313, 37135125, 13),
(507, NULL, 'مريم الشيخ محمد الأمين ', 10, 'أنثى', '2012-11-19', 'نواكشوط', '2023-08-20 00:00:00', '2024-11-19 16:37:55', NULL, 'طبيعي', 1200.00, 600.00, 600.00, 36, 17, 266, 0, 13),
(508, NULL, 'محمد محمد نافع', 4, 'ذكر', '2015-12-31', 'نواكشوط', '2024-10-12 00:00:00', '2024-11-19 16:38:50', NULL, 'طبيعي', 0.00, 0.00, 1200.00, 29, 20, 147, 0, 13),
(509, NULL, 'فاطمة محمد سالم أعمر ', 4, 'أنثى', '2017-11-19', 'نواكشوط', '2024-10-26 00:00:00', '2024-10-26 00:00:00', NULL, 'طبيعي', 1200.00, 200.00, 1000.00, 36, 17, 450, 22045250, 13),
(510, NULL, 'محمد السالك فال', 6, 'ذكر', '2017-12-31', '', '2024-10-01 00:00:00', '2024-11-19 16:41:51', NULL, 'طبيعي', 1000.00, 0.00, 1000.00, 29, 20, 114, 0, 13),
(511, NULL, 'السالمة عبد القادر', 32, 'أنثى', '1997-12-12', 'كيفة', '0000-00-00 00:00:00', '2024-11-19 16:42:35', NULL, 'طبيعي', 2000.00, 600.00, 1400.00, 39, 17, 270, 0, 15),
(512, NULL, 'محمد عبد القادر السالك ', 60, 'ذكر', '2011-12-31', '', '2024-12-09 00:00:00', '0024-11-19 00:00:00', NULL, 'طبيعي', 1500.00, 0.00, 1500.00, 25, 19, 268, 48930177, 19),
(514, NULL, 'محمد محمد محمود', 0, 'ذكر', '2012-12-31', 'نواكشوط', '2024-10-01 00:00:00', '2024-11-19 16:48:52', NULL, 'طبيعي', 0.00, 200.00, 1000.00, 29, 20, 272, 0, 13),
(515, NULL, 'مريم الطاهر ', 3, 'أنثى', '2012-02-21', 'انواكشوط', '2024-11-19 00:00:00', '2024-11-19 16:53:41', NULL, 'طبيعي', 0.00, 0.00, 1200.00, 39, 17, 271, 0, 13),
(516, NULL, 'معاذ محمد الأمين ', 60, 'ذكر', '2012-12-31', '', '2024-10-26 00:00:00', '2024-11-26 00:00:00', NULL, 'طبيعي', 4500.00, 1000.00, 3500.00, 24, 19, 80, 26303653, 18),
(517, NULL, 'أعل الشيخ المختار ', 22, 'ذكر', '2011-12-31', '', '2023-10-10 00:00:00', '2024-11-19 16:57:34', NULL, 'طبيعي', 4000.00, 500.00, 3500.00, 24, 19, 33, 0, 18),
(518, NULL, 'السالكة الطاهر ', 2, 'أنثى', '2016-11-19', 'نواكشوط', '2024-11-04 00:00:00', '2024-11-19 16:58:16', NULL, 'طبيعي', 1200.00, 0.00, 1200.00, 22, 17, 271, 0, 13),
(519, NULL, 'لكلاع محمد', 5, 'أنثى', '2012-11-19', 'نواكشوط', '2024-11-02 00:00:00', '2024-11-19 16:59:33', NULL, 'طبيعي', 1200.00, 200.00, 1000.00, 22, 17, 69, 0, 13),
(520, NULL, 'عمر لارباس ', 5, 'ذكر', '2012-12-31', '', '2024-10-05 00:00:00', '2024-11-19 17:00:44', NULL, 'طبيعي', 3500.00, 0.00, 3500.00, 24, 19, 273, 0, 13),
(521, NULL, 'خدجة محمدو آم', 3, 'أنثى', '2015-10-30', 'نواكشوط', '2024-10-30 00:00:00', '2024-11-19 17:01:58', NULL, 'طبيعي', 1200.00, 0.00, 1200.00, 22, 17, 274, 0, 13),
(522, NULL, 'الداه سيدي ', 60, 'ذكر', '2009-12-31', '', '2024-09-28 00:00:00', '2024-11-19 17:02:41', NULL, 'طبيعي', 4000.00, 0.00, 4000.00, 24, 19, 275, 0, 19),
(523, NULL, 'المصطفى ألمين فال ', 2, 'ذكر', '2012-12-31', '', '2024-11-28 00:00:00', '2024-11-19 00:00:00', NULL, 'طبيعي', 3500.00, 0.00, 3500.00, 24, 19, 276, 22326778, 13),
(524, NULL, 'عيشة محمدو آم', 5, 'أنثى', '2011-12-31', 'انواكشوط', '2024-11-19 00:00:00', '2024-11-19 17:09:31', NULL, 'طبيعي', 1200.00, 0.00, 1200.00, 39, 17, 274, 0, 13),
(525, NULL, 'محمد الشيباني ', 11, 'ذكر', '2016-12-31', '', '2024-10-10 00:00:00', '2024-11-19 17:13:44', NULL, 'طبيعي', 4500.00, 1000.00, 3500.00, 24, 19, 277, 0, 18),
(526, NULL, 'أباية السناد ', 61, 'ذكر', '2010-12-31', '', '2024-10-10 00:00:00', '2024-11-19 17:16:12', NULL, 'طبيعي', 4500.00, 0.00, 4500.00, 24, 19, 280, 0, 18),
(527, NULL, 'خدجة محمد', 3, 'أنثى', '2009-12-31', 'انواكشوط', '2024-11-19 00:00:00', '2024-11-19 17:16:43', NULL, 'طبيعي', 0.00, 0.00, 1200.00, 39, 17, 279, 0, 13),
(528, NULL, 'خطري الحسن احبيب ', 25, 'ذكر', '2015-12-31', '', '2024-10-10 00:00:00', '2024-11-19 17:18:41', NULL, 'طبيعي', 4500.00, 500.00, 4000.00, 24, 19, 281, 0, 18),
(529, NULL, 'معاذ الناجي', 0, 'ذكر', '2015-12-31', 'نواكشوط', '2024-08-18 00:00:00', '2024-11-19 17:19:17', NULL, 'طبيعي', 1200.00, 200.00, 1000.00, 29, 20, 282, 0, 13),
(531, NULL, 'زينب محمد ', 6, 'أنثى', '2012-12-31', 'انواكشوط', '2024-11-30 00:00:00', '2024-11-30 00:00:00', NULL, 'طبيعي', 1200.00, 0.00, 1200.00, 39, 17, 284, 0, 13),
(532, NULL, 'إبراهيم محمد القاضي', 3, 'ذكر', '2017-12-31', 'نواكشوط', '2024-11-30 00:00:00', '2024-10-05 00:00:00', NULL, 'طبيعي', 0.00, 200.00, 1000.00, 29, 20, 286, 46004029, 13),
(533, NULL, 'عمر أبهم ', 35, 'ذكر', '2005-12-31', '', '2024-11-26 00:00:00', '2024-11-19 17:25:08', NULL, 'طبيعي', 4000.00, 0.00, 4000.00, 24, 19, 285, 27503129, 18),
(534, NULL, 'محمد يعقوب', 4, 'ذكر', '2016-12-31', 'نواكشوط', '2024-07-31 00:00:00', '2024-11-19 17:32:36', NULL, 'طبيعي', 1200.00, 0.00, 1200.00, 29, 20, 288, 0, 13),
(535, NULL, 'خده بنت الطاهر', 2, 'أنثى', '2016-12-13', 'انواكشوط', '2024-11-19 00:00:00', '2024-11-19 17:33:33', NULL, 'طبيعي', 1200.00, 0.00, 1200.00, 39, 17, 287, 0, 13),
(536, NULL, 'مولاي أحمد محمد فاضل', 4, 'ذكر', '2011-12-31', 'نواكشوط', '2024-07-13 00:00:00', '2024-11-19 17:36:01', NULL, 'طبيعي', 1200.00, 200.00, 1000.00, 29, 20, 291, 0, 13),
(537, NULL, 'لالة اباه ', 1, 'أنثى', '2008-12-31', 'انواكشوط', '2024-11-19 00:00:00', '2024-11-19 17:36:05', NULL, 'طبيعي', 1200.00, 200.00, 1000.00, 39, 17, 57, 0, 13),
(538, NULL, 'عمر محمد الامام', 3, 'ذكر', '2008-12-31', 'نواكشوط', '2024-07-06 00:00:00', '2024-11-19 17:38:56', NULL, 'طبيعي', 1200.00, 0.00, 1200.00, 29, 20, 293, 0, 13),
(539, NULL, 'الداه محمد الامين', 3, 'ذكر', '2014-12-31', 'نواكشوط', '2024-02-18 00:00:00', '2024-11-19 17:42:53', NULL, 'طبيعي', 1200.00, 200.00, 1000.00, 29, 20, 294, 0, 13),
(540, NULL, 'محمد السالك', 11, 'ذكر', '2013-12-31', 'نواكشوط', '2024-10-30 00:00:00', '2024-10-30 00:00:00', NULL, 'طبيعي', 1200.00, 200.00, 1000.00, 29, 20, 241, 34175616, 13),
(541, NULL, 'محمد الشيخ محمدو', 5, 'ذكر', '2017-12-31', '', '2024-08-25 00:00:00', '2024-11-19 17:46:07', NULL, 'طبيعي', 2000.00, 0.00, 2000.00, 24, 19, 295, 0, 17),
(542, NULL, 'حمود الحسين', 3, 'ذكر', '2016-12-31', '', '2024-10-10 00:00:00', '2024-11-19 17:48:11', NULL, 'طبيعي', 1200.00, 0.00, 1200.00, 24, 19, 296, 0, 13),
(543, NULL, 'بادي محمد', 9, 'ذكر', '2016-10-01', 'نواكشوط', '2023-10-01 00:00:00', '2024-11-19 17:49:35', NULL, 'طبيعي', 1200.00, 200.00, 1000.00, 29, 20, 267, 0, 13),
(544, NULL, 'عبد الله عبد المالك أن  ', 49, 'ذكر', '2011-12-31', '', '2023-11-10 00:00:00', '2024-11-19 17:50:46', NULL, 'طبيعي', 4000.00, 0.00, 4000.00, 24, 19, 297, 26005076, 18),
(546, NULL, 'خطر محمد محمود', 20, 'ذكر', '2008-12-31', 'نواكشوط', '2023-10-21 00:00:00', '2024-11-19 17:53:52', NULL, 'طبيعي', 1500.00, 300.00, 1200.00, 29, 20, 299, 0, 14),
(548, NULL, 'محمدو محمدن محمد ', 60, 'ذكر', '2008-12-31', '', '2024-10-12 00:00:00', '2024-09-01 00:00:00', NULL, 'طبيعي', 2500.00, 700.00, 1800.00, 24, 19, 301, 22360255, 19),
(550, NULL, 'محمد المصطفى اللامة', 18, 'ذكر', '2007-08-31', 'نواكشوط', '2023-10-01 00:00:00', '2024-11-19 18:01:43', NULL, 'طبيعي', 1500.00, 500.00, 1000.00, 29, 20, 304, 0, 14),
(551, NULL, 'بشرى بنت بدي', 6, 'أنثى', '2006-12-31', 'انواكشوط', '2024-11-19 00:00:00', '2024-11-19 18:02:01', NULL, 'طبيعي', 1200.00, 200.00, 1000.00, 39, 17, 303, 0, 13),
(552, NULL, 'آمي مولاي ', 6, 'أنثى', '2015-11-19', 'نواكشوط', '2024-11-19 00:00:00', '2024-11-19 18:02:17', NULL, 'طبيعي', 1200.00, 0.00, 1200.00, 22, 17, 305, 0, 13),
(553, NULL, 'محمد يحي محمد ', 2, 'ذكر', '0000-00-00', '', '2024-10-28 00:00:00', '2024-11-19 18:02:18', NULL, 'طبيعي', 3000.00, 0.00, 3000.00, 24, 19, 302, 0, 17),
(554, NULL, 'أسماء اسحاق ', 8, 'أنثى', '2015-11-19', '', '2024-11-19 00:00:00', '2024-11-19 18:03:18', NULL, 'طبيعي', 1200.00, 0.00, 1200.00, 22, 17, 60, 48701030, 13),
(555, NULL, 'صفية محمد ينج', 2, 'أنثى', '2011-11-19', 'نواكشوط', '2024-11-19 00:00:00', '2024-11-19 18:04:07', NULL, 'طبيعي', 1200.00, 0.00, 1200.00, 22, 17, 237, 0, 13),
(556, NULL, 'محمد يحي سيدي محمد ', 17, 'ذكر', '2014-12-31', '', '2023-10-25 00:00:00', '2024-11-19 00:00:00', NULL, 'طبيعي', 1200.00, 0.00, 1200.00, 24, 19, 306, 47144762, 14),
(557, NULL, 'عبد الله بلال ', 60, 'ذكر', '2010-12-31', '', '2023-08-10 00:00:00', '2024-11-19 18:06:51', NULL, 'طبيعي', 2500.00, 0.00, 2500.00, 24, 19, 308, 0, 19),
(558, '', 'عبدات بلال ', 9, 'ذكر', '2016-12-31', ' ', '2023-08-10 00:00:00', '2024-11-19 18:08:10', NULL, 'طبيعي', 1200.00, 0.00, 1200.00, 24, 19, 308, 0, 13),
(559, NULL, 'خدجة الطاهر', 2, 'أنثى', '2018-11-19', 'نواكشوط', '2024-10-31 00:00:00', '2024-11-19 18:12:00', NULL, 'طبيعي', 1200.00, 0.00, 1200.00, 22, 17, 287, 0, 13),
(560, NULL, 'محمد سيد ابات', 12, 'ذكر', '2012-11-11', 'نواكشوط', '2023-10-01 00:00:00', '2024-11-19 18:12:05', NULL, 'طبيعي', 1500.00, 500.00, 1000.00, 29, 20, 309, 0, 14),
(561, NULL, 'حننا صمب', 2, 'ذكر', '2019-12-31', '', '2024-10-10 00:00:00', '2024-11-19 18:18:53', NULL, 'طبيعي', 1000.00, 0.00, 1000.00, 38, 21, 308, 0, 12),
(562, NULL, 'محمد الأمين الطيب ', 1, 'ذكر', '2009-12-31', '', '2024-10-20 00:00:00', '2024-11-19 18:21:03', NULL, 'طبيعي', 4000.00, 0.00, 4000.00, 24, 19, 310, 0, 18),
(563, NULL, 'خدجة مالك', 2, 'أنثى', '2015-12-31', 'انواكشوط', '2024-11-19 00:00:00', '2024-11-19 18:22:13', NULL, 'طبيعي', 1200.00, 200.00, 1000.00, 22, 17, 307, 0, 13),
(564, NULL, 'فاطمة الزهراء سالم', 9, 'أنثى', '2018-11-19', 'نواكشوط', '2024-10-31 00:00:00', '2024-11-19 18:26:17', NULL, 'طبيعي', 1200.00, 0.00, 1200.00, 22, 17, 311, 0, 13),
(565, NULL, 'محمد الامين سيد محمد', 26, 'ذكر', '2011-12-31', 'نواكشوط', '2023-10-01 00:00:00', '2024-11-19 18:28:55', NULL, 'طبيعي', 1500.00, 500.00, 1000.00, 29, 20, 312, 0, 14),
(567, NULL, 'منى محمد الامين', 4, 'أنثى', '2014-10-31', 'نواكشوط', '2024-10-31 00:00:00', '2024-11-19 18:31:40', NULL, 'طبيعي', 1200.00, 0.00, 1200.00, 22, 17, 314, 0, 13),
(568, NULL, 'العزة محمدفال', 2, 'أنثى', '2014-11-19', 'نواكشوط', '2024-10-31 00:00:00', '2024-11-19 18:33:02', NULL, 'طبيعي', 1200.00, 0.00, 1200.00, 22, 17, 54, 0, 13),
(569, NULL, 'الشيخ ماء العنين محمد', 0, 'ذكر', '2012-12-31', '', '2024-10-28 00:00:00', '2024-11-19 18:33:47', NULL, 'طبيعي', 2200.00, 0.00, 2200.00, 24, 19, 302, 0, 17),
(570, NULL, 'خديجة القاسم ', 5, 'أنثى', '2015-11-19', 'نواكشوط', '2024-10-31 00:00:00', '2024-11-19 18:34:43', NULL, 'طبيعي', 1200.00, 0.00, 1200.00, 22, 17, 315, 0, 13),
(571, NULL, 'آية سعد بوه ', 1, 'أنثى', '2018-11-19', 'نواكشوط', '2024-10-30 00:00:00', '2024-10-30 00:00:00', NULL, 'طبيعي', 1200.00, 200.00, 1000.00, 22, 17, 248, 36464747, 13),
(572, NULL, 'مريم أحمد', 5, 'أنثى', '2015-11-19', 'نواكشوط', '2024-10-31 00:00:00', '2024-11-19 18:36:20', NULL, 'طبيعي', 1200.00, 400.00, 800.00, 22, 17, 175, 0, 13),
(573, NULL, 'الشيخ بشراية ', 5, 'ذكر', '2010-12-31', '', '2024-10-20 00:00:00', '2024-11-19 18:36:46', NULL, 'طبيعي', 2200.00, 0.00, 2200.00, 24, 19, 316, 0, 13),
(574, NULL, 'عمرانة ابيد ', 3, 'أنثى', '2017-11-19', 'نواكشوط', '2024-10-31 00:00:00', '2024-11-19 18:38:01', NULL, 'طبيعي', 1200.00, 0.00, 1200.00, 22, 17, 317, 0, 13),
(575, NULL, 'عيشانة أيوب ', 1, 'أنثى', '2017-11-19', 'نواكشوط', '2024-10-31 00:00:00', '2024-11-19 18:40:22', NULL, 'طبيعي', 1200.00, 700.00, 500.00, 22, 17, 229, 0, 13),
(576, NULL, 'ديدار سيدي محمد', 27, 'ذكر', '2013-12-31', '', '2024-10-31 00:00:00', '2024-11-19 18:40:42', NULL, 'طبيعي', 1500.00, 900.00, 600.00, 32, 20, 312, 0, 14),
(577, NULL, 'أمته محمد', 3, 'أنثى', '2018-11-19', 'نواكشوط', '2024-10-31 00:00:00', '2024-11-19 18:41:15', NULL, 'طبيعي', 1200.00, 0.00, 1200.00, 22, 17, 267, 0, 13),
(578, NULL, 'محمد محمود سيد محمد', 30, 'ذكر', '2013-12-31', 'نواكشوط', '2023-10-01 00:00:00', '2024-11-19 18:42:00', NULL, 'طبيعي', 1500.00, 500.00, 1000.00, 32, 20, 312, 0, 14),
(579, NULL, 'أم كلثوم محمد القاضي ', 5, 'أنثى', '2015-11-19', 'انواكشوط', '2024-11-30 00:00:00', '2024-10-05 00:00:00', NULL, 'طبيعي', 1200.00, 200.00, 1000.00, 39, 17, 286, 46004029, 13),
(580, NULL, 'عيشة أحمدونا ', 3, 'أنثى', '2014-11-01', 'انواكشوط', '2024-10-31 00:00:00', '2024-11-19 18:53:38', NULL, 'طبيعي', 1200.00, 200.00, 1000.00, 39, 17, 318, 0, 13),
(581, NULL, 'عبد الرحمن السماني', 13, 'ذكر', '2015-12-31', 'نواكشوط', '0000-00-00 00:00:00', '2024-11-19 18:58:50', NULL, 'طبيعي', 1500.00, 800.00, 700.00, 29, 20, 194, 0, 14),
(583, NULL, 'مولاي محمد فال', 12, 'ذكر', '2012-12-31', 'نواكشوط', '2024-10-26 00:00:00', '2024-11-19 00:00:00', NULL, 'طبيعي', 1500.00, 500.00, 1000.00, 29, 20, 320, 22315770, 14),
(584, NULL, 'حمود محمود فال', 22, 'ذكر', '2007-12-31', 'نواكشوط', '2024-10-26 00:00:00', '2024-11-19 00:00:00', NULL, 'طبيعي', 1000.00, 0.00, 1000.00, 31, 20, 320, 22315770, 14),
(585, NULL, 'باب الزاوي', 16, 'ذكر', '2018-12-31', 'نواكشوط', '2024-10-31 00:00:00', '2024-11-19 19:11:55', NULL, 'طبيعي', 1500.00, 500.00, 1000.00, 29, 20, 26, 46124806, 14),
(586, NULL, 'ادو بدو', 35, 'ذكر', '2018-12-31', 'نواكشوط', '2024-10-31 00:00:00', '2024-11-19 19:13:35', NULL, 'طبيعي', 2000.00, 1000.00, 1000.00, 29, 20, 26, 46124806, 15),
(587, NULL, 'تمنه عبد الكريم ', 5, 'أنثى', '2009-12-31', 'انواكشوط', '2024-11-19 00:00:00', '2024-11-19 19:16:36', NULL, 'طبيعي', 1200.00, 0.00, 1200.00, 39, 17, 117, 0, 13),
(588, NULL, 'أباه محمد سالم ', 60, 'ذكر', '2011-12-31', '', '2023-10-10 00:00:00', '2024-11-19 19:18:34', NULL, 'طبيعي', 1200.00, 0.00, 1200.00, 25, 19, 193, 0, 19),
(589, NULL, 'محمد يحظيه حداه', 10, 'ذكر', '2010-05-08', 'نواكشوط', '2024-11-01 00:00:00', '2024-11-19 00:00:00', NULL, 'طبيعي', 1200.00, 200.00, 1000.00, 29, 20, 179, 34411718, 13),
(590, NULL, 'عشة يوسف', 6, 'أنثى', '2008-02-15', 'انواكشوط', '2024-11-19 00:00:00', '2024-11-19 19:20:59', NULL, 'طبيعي', 1200.00, 0.00, 1200.00, 39, 17, 321, 0, 13),
(591, NULL, 'عبد الله المهند  المصري ', 10, 'ذكر', '2018-12-31', '', '2024-11-26 00:00:00', '2024-11-19 00:00:00', NULL, 'طبيعي', 1200.00, 0.00, 1200.00, 27, 19, 322, 47358703, 13),
(592, NULL, 'إبراهيم محمد', 2, 'ذكر', '2017-12-31', '', '2024-10-30 00:00:00', '2024-10-30 00:00:00', NULL, 'طبيعي', 1200.00, 200.00, 1000.00, 43, 20, 222, 42116355, 13),
(593, NULL, 'عبد الدائم أعمر محمد ', 1, 'ذكر', '2017-12-31', '', '2024-11-26 00:00:00', '2024-11-19 00:00:00', NULL, 'طبيعي', 1000.00, 0.00, 1000.00, 27, 19, 324, 42081310, 13),
(594, NULL, 'أحمد محمد الراجل', 9, 'ذكر', '2017-12-31', 'نواكشوط', '2024-11-26 00:00:00', '2024-11-26 00:00:00', NULL, 'طبيعي', 1200.00, 200.00, 1000.00, 29, 20, 323, 34121212, 13),
(595, NULL, 'عمر أحمد ابن عمر ', 1, 'ذكر', '2020-12-31', '', '2024-12-09 00:00:00', '2024-11-19 00:00:00', NULL, 'طبيعي', 1000.00, 0.00, 1000.00, 27, 19, 56, 47178656, 13),
(596, NULL, 'بثينة الطاهر', 1, 'أنثى', '1995-11-19', 'نواكشوط', '2024-10-31 00:00:00', '2024-11-19 19:33:20', NULL, 'طبيعي', 1200.00, 0.00, 1200.00, 41, 17, 326, 0, 13),
(598, NULL, 'منينه سيدي عالي', 1, 'أنثى', '2024-10-31', 'نواكشوط', '2024-10-31 00:00:00', '2024-11-19 19:36:20', NULL, 'معفى', 0.00, 0.00, 0.00, 41, 17, 327, 0, 13),
(599, NULL, 'خالد محمد الراجل', 33, 'ذكر', '2013-12-31', 'عرفات', '2024-11-26 00:00:00', '2024-11-26 00:00:00', NULL, 'طبيعي', 2000.00, 500.00, 1500.00, 28, 20, 323, 34121212, 15),
(600, NULL, 'هناء اليدالي', 11, 'أنثى', '2012-11-19', 'نواكشوط', '2024-10-31 00:00:00', '2024-11-19 19:37:22', NULL, 'طبيعي', 1500.00, 300.00, 1200.00, 41, 17, 161, 0, 14),
(601, NULL, 'محمد محمد سالم أعمر', 28, 'ذكر', '2017-12-31', 'نواكشوط', '2024-10-26 00:00:00', '2024-10-26 00:00:00', NULL, 'طبيعي', 1500.00, 500.00, 1000.00, 29, 20, 450, 22131358, 14),
(602, NULL, 'شيماء اليدالي', 10, 'أنثى', '2015-11-19', 'نواكشوط', '2024-10-31 00:00:00', '2024-11-19 19:40:02', NULL, 'طبيعي', 1500.00, 300.00, 1200.00, 41, 17, 161, 0, 14),
(603, NULL, 'محمد خالد أحود', 5, 'ذكر', '2013-12-31', '', '2024-10-26 00:00:00', '2024-11-19 00:00:00', NULL, 'طبيعي', 1200.00, 0.00, 1200.00, 27, 19, 86, 42909609, 13),
(604, NULL, 'محمد سيدي برهم', 1, 'ذكر', '2015-12-31', 'نواكشوط', '2024-10-20 00:00:00', '2024-11-19 19:44:44', NULL, 'طبيعي', 1200.00, 0.00, 1200.00, 32, 20, 329, 0, 13),
(605, NULL, 'عبد الله سعدنا الضيف ', 1, 'ذكر', '2015-12-31', '', '2024-11-30 00:00:00', '2024-11-19 00:00:00', NULL, 'طبيعي', 1200.00, 0.00, 1200.00, 27, 19, 74, 22954633, 13),
(607, NULL, 'زينب يحي ', 5, 'أنثى', '2011-11-19', 'نواكشوط', '2024-10-31 00:00:00', '2024-11-19 19:48:22', NULL, 'طبيعي', 1200.00, 100.00, 1100.00, 41, 17, 330, 0, 13),
(608, NULL, 'أم كلثوم السالك ', 22, 'أنثى', '2007-11-19', 'نواكشوط', '2024-10-31 00:00:00', '2024-11-19 19:49:45', NULL, 'طبيعي', 1500.00, 500.00, 1000.00, 41, 17, 268, 0, 14),
(609, NULL, 'أحمد باب لمليح', 5, 'ذكر', '2013-12-31', 'نواكشوط', '2024-11-30 00:00:00', '2024-11-30 00:00:00', NULL, 'طبيعي', 1200.00, 200.00, 1000.00, 32, 20, 211, 32808002, 13),
(610, NULL, 'الزين محمد الأمين ', 2, 'ذكر', '2016-12-31', '', '2024-08-31 00:00:00', '2024-11-19 19:50:51', NULL, 'طبيعي', 1000.00, 0.00, 1000.00, 27, 19, 294, 0, 13),
(611, NULL, 'لحبيب اعل الشيخ', 3, 'ذكر', '2017-12-31', 'نواكشوط', '2024-11-30 00:00:00', '2024-11-30 00:00:00', NULL, 'طبيعي', 1000.00, 0.00, 1000.00, 32, 20, 211, 32808002, 13),
(612, NULL, 'رقية بنت الشيخ ', 5, 'أنثى', '1980-11-19', 'نواكشوط', '2024-10-31 00:00:00', '2024-11-19 19:52:08', NULL, 'طبيعي', 1200.00, 0.00, 1200.00, 41, 17, 318, 0, 13),
(613, NULL, 'حسنة الحضرامي ', 25, 'أنثى', '2017-11-19', 'نواكشوط', '2024-10-31 00:00:00', '2024-11-19 19:53:25', NULL, 'طبيعي', 1500.00, 300.00, 1200.00, 41, 17, 195, 0, 14),
(614, NULL, 'فاطمة محمد', 10, 'أنثى', '2017-11-19', '', '2024-10-30 00:00:00', '2024-10-30 00:00:00', NULL, 'طبيعي', 1200.00, 200.00, 1000.00, 41, 17, 222, 42116355, 13),
(615, NULL, 'خديجة محمد ', 13, 'أنثى', '2017-11-19', '', '2024-10-30 00:00:00', '2024-10-30 00:00:00', NULL, 'طبيعي', 1500.00, 500.00, 1000.00, 41, 17, 222, 42116355, 14),
(616, NULL, 'محمد محمود ميابه', 0, 'ذكر', '2016-12-20', '', '2024-07-10 00:00:00', '2024-11-19 19:55:53', NULL, 'طبيعي', 1000.00, 0.00, 1000.00, 27, 19, 332, 0, 13),
(617, NULL, 'عزيز جمال العالم', 6, 'ذكر', '2012-12-31', 'نواكشوط', '2024-08-24 00:00:00', '2024-11-19 19:55:57', NULL, 'طبيعي', 1200.00, 200.00, 1000.00, 32, 20, 51, 0, 13),
(618, NULL, 'حاجة الشيخ محمد الأمين ', 26, 'أنثى', '2009-11-19', 'نواكشوط', '2024-10-31 00:00:00', '2024-11-19 19:56:48', NULL, 'طبيعي', 1500.00, 700.00, 800.00, 41, 17, 266, 0, 14),
(619, NULL, 'سيدي محمد الندى ', 6, 'ذكر', '2018-12-31', '', '2024-11-01 00:00:00', '2024-11-19 00:00:00', NULL, 'طبيعي', 1200.00, 0.00, 1200.00, 27, 19, 218, 22433992, 13),
(620, NULL, 'أمال محمد فال', 6, 'أنثى', '2010-11-19', 'نواكشوط', '2024-10-31 00:00:00', '2024-11-19 19:58:24', NULL, 'طبيعي', 1200.00, 200.00, 1000.00, 41, 17, 333, 0, 13),
(621, NULL, 'عيشة محمد يحي ', 12, 'أنثى', '2018-11-19', 'نواكشوط', '2024-10-31 00:00:00', '2024-11-19 19:59:12', NULL, 'طبيعي', 1500.00, 300.00, 1200.00, 41, 17, 230, 0, 14),
(622, NULL, 'الصديق جمال العالم', 2, 'ذكر', '2014-12-31', 'نواكشوط', '2024-08-24 00:00:00', '2024-11-19 19:59:26', NULL, 'طبيعي', 1200.00, 0.00, 1200.00, 43, 20, 51, 0, 13),
(623, NULL, 'خديجة يحيى', 8, 'أنثى', '2008-11-19', 'نواكشوط', '2024-10-31 00:00:00', '2024-11-19 20:00:27', NULL, 'طبيعي', 1200.00, 100.00, 1100.00, 41, 17, 330, 0, 13),
(624, NULL, 'حبيب الله عبد الوهاب ', 2, 'ذكر', '2016-09-30', '', '2024-11-30 00:00:00', '2024-11-19 00:00:00', NULL, 'طبيعي', 1200.00, 0.00, 1200.00, 27, 19, 334, 47611577, 13),
(625, NULL, 'يوسف جمال العالم', 1, 'ذكر', '2016-12-31', '', '2024-08-24 00:00:00', '2024-11-19 20:00:46', NULL, 'طبيعي', 1200.00, 200.00, 1000.00, 43, 20, 51, 0, 13),
(626, NULL, 'ربيعة أحمدونا', 45, 'أنثى', '2000-11-19', 'نواكشوط', '2024-10-31 00:00:00', '2024-11-19 20:01:23', NULL, 'طبيعي', 2000.00, 1000.00, 1000.00, 41, 17, 318, 0, 15),
(627, NULL, 'عيشة سيدي محمد', 26, 'أنثى', '2007-11-19', 'نواكشوط', '2024-10-31 00:00:00', '2024-11-19 20:02:29', NULL, 'طبيعي', 1500.00, 500.00, 1000.00, 41, 17, 24, 0, 14),
(628, NULL, 'أم الفضل مامين ', 19, 'أنثى', '2011-11-19', 'نواكشوط', '2024-11-30 00:00:00', '2023-10-10 00:00:00', NULL, 'طبيعي', 1500.00, 300.00, 1200.00, 41, 17, 327, 46559396, 14),
(629, NULL, 'البكاي بادي ', 4, 'ذكر', '0000-00-00', '', '2023-10-21 00:00:00', '2024-11-19 20:03:37', NULL, 'طبيعي', 1000.00, 0.00, 1000.00, 27, 19, 250, 0, 13),
(630, NULL, 'مريم مامين ', 32, 'أنثى', '2010-11-19', 'نواكشوط', '2024-11-30 00:00:00', '2023-10-05 00:00:00', NULL, 'طبيعي', 1500.00, 300.00, 1200.00, 41, 17, 327, 46559396, 14),
(631, NULL, 'اتبيرة العالم ', 34, 'أنثى', '2005-11-19', 'نواكشوط', '2024-10-31 00:00:00', '2024-11-19 20:05:22', NULL, 'طبيعي', 2000.00, 1000.00, 1000.00, 41, 17, 336, 0, 15),
(632, NULL, 'محمد محمد محمود', 0, 'ذكر', '2018-12-31', '', '2023-10-15 00:00:00', '2024-11-19 20:05:29', NULL, 'طبيعي', 1200.00, 200.00, 1000.00, 27, 19, 175, 0, 13),
(633, NULL, 'محمد يحي سيدي محمد', 5, 'ذكر', '2015-12-31', 'نواكشوط', '2024-11-26 00:00:00', '2024-11-26 00:00:00', NULL, 'طبيعي', 1200.00, 0.00, 1200.00, 32, 20, 335, 36232340, 13),
(634, NULL, 'عائشة الشيخ', 8, 'أنثى', '2008-12-13', 'انواكشوط', '2024-10-26 00:00:00', '2024-11-19 00:00:00', NULL, 'طبيعي', 1200.00, 200.00, 1000.00, 39, 17, 137, 36338736, 13),
(635, NULL, 'سمية لحبيب ', 34, 'أنثى', '2007-11-19', 'نواكشوط', '2024-10-31 00:00:00', '2024-11-19 20:07:03', NULL, 'طبيعي', 1500.00, 500.00, 1000.00, 41, 17, 337, 0, 14),
(636, NULL, 'حم محمودي ', 3, 'ذكر', '2016-12-31', '', '2023-10-10 00:00:00', '2024-11-19 20:08:51', NULL, 'طبيعي', 1000.00, 0.00, 1000.00, 27, 19, 340, 0, 13),
(637, NULL, 'فاطمة محمد فال ', 17, 'أنثى', '2010-11-19', 'نواكشوط', '2024-10-31 00:00:00', '2024-11-19 20:09:10', NULL, 'طبيعي', 1500.00, 1000.00, 500.00, 41, 17, 339, 0, 14),
(638, NULL, 'عائشة محمد ', 1, 'أنثى', '2016-02-12', 'انواكشوط', '2024-11-19 00:00:00', '2024-11-19 20:09:52', NULL, 'طبيعي', 1200.00, 200.00, 1000.00, 39, 17, 338, 0, 13),
(639, NULL, 'موسى الحسن ', 4, 'ذكر', '2015-12-31', '', '2024-11-19 00:00:00', '2024-11-19 20:10:03', NULL, 'طبيعي', 1000.00, 0.00, 1000.00, 27, 19, 252, 0, 13),
(640, NULL, 'زينب باباه ', 35, 'أنثى', '2008-11-19', 'نواكشوط', '2024-10-31 00:00:00', '2024-11-19 20:10:45', NULL, 'طبيعي', 1500.00, 500.00, 1000.00, 41, 17, 249, 0, 14),
(642, NULL, 'اميمتن محمد بادي', 4, 'أنثى', '2010-11-19', 'نواكشوط', '2024-10-31 00:00:00', '2024-11-19 20:11:52', NULL, 'طبيعي', 1200.00, 200.00, 1000.00, 41, 17, 250, 0, 13),
(643, NULL, 'آمنة محمد سالم ', 13, 'أنثى', '2010-11-12', 'نواكشوط', '2024-10-31 00:00:00', '2024-11-19 20:13:08', NULL, 'طبيعي', 1200.00, 200.00, 1000.00, 41, 17, 223, 0, 13),
(644, NULL, 'خالد الطالب ', 6, 'ذكر', '2017-12-13', '', '2024-11-26 00:00:00', '2023-11-19 00:00:00', NULL, 'طبيعي', 1000.00, 0.00, 1000.00, 27, 19, 341, 20000653, 13),
(645, NULL, 'مريم ابراهيم ', 4, 'أنثى', '2012-12-31', 'انواكشوط', '2024-11-19 00:00:00', '2024-11-19 20:13:51', NULL, 'طبيعي', 1200.00, 0.00, 1200.00, 39, 17, 292, 0, 13),
(646, NULL, 'أمل محمد محمود', 27, 'أنثى', '2007-11-19', 'نواكشوط', '2024-10-31 00:00:00', '2024-11-19 20:14:07', NULL, 'طبيعي', 1500.00, 0.00, 1500.00, 41, 17, 175, 0, 14),
(647, NULL, 'باب الطالب', 3, 'ذكر', '2019-12-13', '', '2024-10-04 00:00:00', '2024-11-19 00:00:00', NULL, 'طبيعي', 1000.00, 0.00, 1000.00, 27, 19, 341, 20000653, 13),
(648, NULL, 'أسماء البو', 13, 'أنثى', '2010-11-19', 'نواكشوط', '2024-10-31 00:00:00', '2024-11-19 20:15:41', NULL, 'طبيعي', 1500.00, 500.00, 1000.00, 41, 17, 342, 0, 14),
(649, NULL, 'عيشة المختار مولود', 4, 'أنثى', '2015-12-31', 'انواكشوط', '2024-11-19 00:00:00', '2024-11-19 20:15:43', NULL, 'طبيعي', 1200.00, 200.00, 1000.00, 22, 17, 43, 0, 13),
(650, NULL, 'ابتسام محمد ', 30, 'أنثى', '2008-11-19', 'نواكشوط', '2024-10-31 00:00:00', '2024-11-19 20:16:53', NULL, 'طبيعي', 1500.00, 500.00, 1000.00, 41, 17, 267, 0, 14),
(651, NULL, 'الباشة المختار الحسن', 4, 'أنثى', '2011-12-31', 'انواكشوط', '2024-11-19 00:00:00', '2024-11-19 20:17:23', NULL, 'طبيعي', 0.00, 0.00, 1200.00, 39, 17, 76, 0, 13),
(652, NULL, 'فاطمة بالله ', 15, 'أنثى', '2010-11-19', 'نواكشوط', '2024-10-31 00:00:00', '2024-10-31 00:00:00', NULL, 'طبيعي', 1500.00, 0.00, 1500.00, 41, 17, 225, 46547371, 14),
(653, NULL, 'محمد محمود الخضير ', 3, 'ذكر', '2017-12-31', '', '2023-10-10 00:00:00', '2024-11-19 20:19:47', NULL, 'طبيعي', 1000.00, 0.00, 1000.00, 27, 19, 343, 0, 13),
(654, NULL, 'مماه لبات ', 4, 'أنثى', '2009-12-31', '', '2024-11-19 00:00:00', '2024-11-19 20:21:21', NULL, 'طبيعي', 1200.00, 0.00, 1200.00, 39, 17, 344, 0, 13),
(655, NULL, 'محمد نوح المختار السالم ', 4, 'ذكر', '2018-12-31', '', '2023-10-07 00:00:00', '2024-11-19 20:23:23', NULL, 'طبيعي', 1000.00, 0.00, 1000.00, 27, 19, 280, 0, 13),
(656, NULL, 'مريم لبات ', 15, 'أنثى', '2004-11-19', 'نواكشوط', '2024-10-31 00:00:00', '2024-11-19 20:23:37', NULL, 'طبيعي', 1500.00, 300.00, 1200.00, 39, 17, 344, 0, 14),
(657, NULL, 'خديجة لبات ', 35, 'أنثى', '2001-11-19', 'نواكشوط', '2024-10-31 00:00:00', '2024-11-19 20:24:30', NULL, 'طبيعي', 1500.00, 300.00, 1200.00, 39, 17, 344, 0, 14),
(658, NULL, 'أم البنين الندى ', 1, 'أنثى', '2013-11-19', 'نواكشوط', '2024-10-31 00:00:00', '2024-11-19 20:25:47', NULL, 'طبيعي', 1200.00, 0.00, 1200.00, 39, 17, 218, 0, 13),
(659, NULL, 'توت أحمد حمود', 3, 'أنثى', '2015-12-31', 'انواكشوط', '2024-10-26 00:00:00', '2024-11-19 00:00:00', NULL, 'طبيعي', 1200.00, 400.00, 800.00, 39, 17, 232, 22315612, 13),
(660, NULL, 'سعداني حمود ', 35, 'أنثى', '2006-11-19', 'نواكشوط', '2024-11-13 00:00:00', '2024-11-19 20:27:26', NULL, 'طبيعي', 1500.00, 300.00, 1200.00, 39, 17, 345, 0, 14),
(661, NULL, 'فاطمة ابراهيم فال', 3, 'أنثى', '2013-11-19', 'نواكشوط', '2024-10-31 00:00:00', '2024-11-19 20:28:59', NULL, 'طبيعي', 1200.00, 200.00, 1000.00, 39, 17, 63, 0, 13),
(662, NULL, 'جميلة عمر', 4, 'أنثى', '2014-12-31', 'انواكشوط', '2024-11-30 00:00:00', '2024-10-30 00:00:00', NULL, 'طبيعي', 1200.00, 400.00, 800.00, 39, 17, 347, 47108225, 13),
(663, NULL, 'اميه أعمر', 8, 'أنثى', '2016-11-19', 'نواكشوط', '2024-11-30 00:00:00', '2024-11-30 00:00:00', NULL, 'طبيعي', 1200.00, 200.00, 1000.00, 39, 17, 348, 46465552, 13),
(664, NULL, 'منتاته عبدو', 2, 'ذكر', '2016-11-20', 'نواكشوط', '2024-10-31 00:00:00', '2024-11-19 20:32:03', NULL, 'طبيعي', 1200.00, 0.00, 1200.00, 22, 17, 349, 0, 13),
(665, NULL, 'عزيزة المختار سالم ', 10, 'أنثى', '2010-11-19', 'نواكشوط', '2024-10-31 00:00:00', '2024-11-19 20:33:34', NULL, 'طبيعي', 1500.00, 0.00, 1500.00, 36, 17, 187, 0, 14),
(666, NULL, 'أسماء القاسم ', 15, 'أنثى', '2024-10-31', 'نواكشوط', '0000-00-00 00:00:00', '2024-11-19 20:35:01', NULL, 'طبيعي', 1500.00, 0.00, 1500.00, 36, 17, 187, 0, 14),
(667, NULL, 'منة المصطفى', 5, 'أنثى', '2017-12-31', 'انواكشوط', '2024-11-19 00:00:00', '2024-11-19 20:35:18', NULL, 'طبيعي', 1200.00, 200.00, 1000.00, 39, 17, 350, 0, 13),
(668, NULL, 'منى الشيخ ', 5, 'أنثى', '2019-10-31', '', '2024-10-31 00:00:00', '2024-11-19 20:36:45', NULL, 'طبيعي', 1200.00, 200.00, 1000.00, 39, 17, 351, 0, 13),
(669, NULL, 'يياه لحبيب ', 9, 'ذكر', '2015-12-31', '', '2023-10-10 00:00:00', '2024-11-20 08:58:51', NULL, 'طبيعي', 1000.00, 0.00, 1000.00, 27, 19, 337, 0, 13),
(670, NULL, 'محمد الشيخ محمد ', 8, 'ذكر', '2015-12-31', '', '2023-10-10 00:00:00', '2024-11-20 09:00:35', NULL, 'طبيعي', 1000.00, 0.00, 1000.00, 27, 19, 352, 0, 13),
(671, NULL, 'البخاري محمد ماء العينين  ', 60, 'ذكر', '2007-12-31', '', '2024-11-01 00:00:00', '2024-11-01 00:00:00', NULL, 'طبيعي', 1500.00, 0.00, 1500.00, 25, 19, 353, 33200070, 19),
(673, NULL, 'أحمد ياسين أحمدو', 60, 'ذكر', '2009-12-31', '', '2024-12-09 00:00:00', '2023-10-10 00:00:00', NULL, 'طبيعي', 2500.00, 1300.00, 1200.00, 25, 19, 228, 33638255, 19),
(674, NULL, 'محمدعصام عابدين ', 31, 'ذكر', '2009-12-31', '', '2024-05-07 00:00:00', '2024-11-20 09:16:25', NULL, 'طبيعي', 1000.00, 0.00, 1000.00, 25, 19, 354, 0, 15),
(677, NULL, 'بداه سيدي محمد', 30, 'ذكر', NULL, '', '2024-10-31 00:00:00', '2024-11-20 09:21:57', NULL, 'طبيعي', 1500.00, 300.00, 1200.00, 32, 20, 356, 36244871, 14),
(678, NULL, 'عثمان سيدي محمد', 5, 'ذكر', '2016-01-23', 'نواكشوط', '2024-10-31 00:00:00', '2024-11-20 09:24:15', NULL, 'طبيعي', 0.00, 200.00, 1000.00, 32, 20, 356, 36244871, 13),
(679, NULL, 'اسماعيل سيدي محمد ', 15, 'ذكر', '2011-12-31', 'نواكشوط', '2024-10-31 00:00:00', '2024-11-20 09:27:05', NULL, 'طبيعي', 1500.00, 300.00, 1200.00, 28, 20, 356, 36244871, 14),
(680, NULL, 'محمد عبد الله سيدي محمد', 2, 'ذكر', '2016-09-16', 'نواكشوط', '2024-10-31 00:00:00', '2024-11-20 09:28:56', NULL, 'طبيعي', 1200.00, 200.00, 1000.00, 32, 20, 356, 36244871, 13),
(682, NULL, 'يحي عبد الرحمن', 60, 'ذكر', '2011-12-31', 'نواكشوط', '2024-11-20 00:00:00', '2024-11-20 00:00:00', NULL, 'طبيعي', 2000.00, 0.00, 2000.00, 32, 20, 358, 22329217, 15),
(683, NULL, 'محمد عزيز اعبيد الله', 4, 'ذكر', '2011-12-31', '', '2024-11-20 00:00:00', '2024-11-20 00:00:00', NULL, 'طبيعي', 1200.00, 0.00, 1200.00, 27, 19, 359, 49482000, 13),
(684, NULL, 'محمد السالم محمد محمود', 31, 'ذكر', '2014-11-30', 'نواكشوط', '2023-10-15 00:00:00', '2024-11-20 09:35:11', NULL, 'طبيعي', 1500.00, 300.00, 1200.00, 32, 20, 175, 0, 14),
(685, NULL, 'أحمدو أبو المعالي ', 4, 'ذكر', '2015-12-31', '', '2023-10-10 00:00:00', '2024-11-20 09:36:12', NULL, 'طبيعي', 1000.00, 0.00, 1000.00, 27, 19, 360, 0, 13),
(686, NULL, 'عبد الله سيدي', 60, 'ذكر', '2008-12-31', 'نواكشوط', '2023-08-01 00:00:00', '2024-11-20 09:37:30', NULL, 'طبيعي', 2000.00, 1000.00, 1000.00, 32, 20, 361, 0, 15),
(687, NULL, 'لبات عبد الفتاح ', 3, 'ذكر', '0000-00-00', '', '2023-09-03 00:00:00', '2024-11-20 09:38:39', NULL, 'طبيعي', 1000.00, 0.00, 1000.00, 27, 19, 95, 0, 13),
(688, NULL, 'سيدي محمد', 39, 'ذكر', '2007-12-31', 'نواكشوط', '0000-00-00 00:00:00', '2024-11-20 09:39:42', NULL, 'طبيعي', 1500.00, 700.00, 800.00, 32, 20, 352, 0, 14),
(690, NULL, 'سيدي عالي محمد', 40, 'ذكر', '2010-12-31', 'نواكشوط', '2023-08-01 00:00:00', '2024-11-20 09:41:04', NULL, 'طبيعي', 800.00, 0.00, 800.00, 32, 20, 352, 0, 15),
(691, NULL, 'محمد تقي الله عبد الرحمن ', 7, 'ذكر', '2017-12-31', '', '2023-02-18 00:00:00', '2024-11-20 09:41:30', NULL, 'طبيعي', 1005.00, 305.00, 700.00, 27, 19, 266, 0, 13),
(692, NULL, 'آبيه عبد الله', 54, 'ذكر', '2009-12-31', 'نواكشوط', '2024-10-31 10:00:00', '2024-11-20 09:44:13', NULL, 'طبيعي', 2000.00, 1000.00, 1000.00, 32, 20, 63, 22443337, 15),
(693, NULL, 'محمدن محمد الحافظ', 25, 'ذكر', '2016-12-31', 'نواكشوط', '2024-11-30 00:00:00', '2024-11-20 00:00:00', NULL, 'طبيعي', 1500.00, 500.00, 1000.00, 32, 20, 258, 37047284, 14),
(694, NULL, 'عبدو الله محمد ', 0, 'ذكر', '2014-12-31', '', '2024-10-07 00:00:00', '2024-11-20 09:49:34', NULL, 'طبيعي', 1000.00, 0.00, 1000.00, 37, 21, 362, 0, 12),
(695, NULL, 'محمد محمود أحمد جيد', 60, 'ذكر', '2007-12-31', 'نواكشوط', '2023-08-01 00:00:00', '2024-11-20 09:50:28', NULL, 'طبيعي', 2000.00, 1000.00, 1000.00, 32, 20, 363, 0, 15),
(696, NULL, 'محمد أحمد سيد أحمد', 29, 'ذكر', '2012-12-31', 'نواكشوط', '2023-08-01 00:00:00', '2024-11-20 09:53:10', NULL, 'طبيعي', 1500.00, 500.00, 1000.00, 32, 20, 365, 0, 14),
(698, NULL, 'محمد سيد أحمد', 1, 'ذكر', '2015-12-31', 'نواكشوط', '2023-08-01 00:00:00', '2024-11-20 09:55:11', NULL, 'طبيعي', 0.00, 200.00, 1000.00, 31, 20, 365, 0, 13),
(699, NULL, 'سيد أحمد الزاوي', 48, 'ذكر', '2012-12-31', 'نواكشوط', '2024-10-31 00:00:00', '2024-11-20 09:56:45', NULL, 'طبيعي', 2000.00, 1000.00, 1000.00, 32, 20, 26, 46124806, 15),
(700, NULL, 'ديدي الزاوي', 39, 'ذكر', '2008-12-31', '', '2024-10-31 00:00:00', '2024-11-20 09:57:46', NULL, 'طبيعي', 2000.00, 1000.00, 1000.00, 32, 20, 26, 46124806, 15),
(701, NULL, 'عامر عبدي', 0, 'ذكر', '2018-12-31', '', '2024-11-28 00:00:00', '2024-09-08 00:00:00', NULL, 'طبيعي', 1000.00, 0.00, 1000.00, 37, 21, 366, 48281509, 12),
(702, NULL, 'بدر الدين الزاوي', 60, 'ذكر', '2007-12-31', 'نواكشوط', '2024-10-31 00:00:00', '2024-11-20 10:02:21', NULL, 'طبيعي', 2500.00, 1500.00, 1000.00, 28, 20, 26, 46124806, 19),
(703, NULL, 'الحسن عبدي', 0, 'ذكر', '2015-12-31', '', '2024-11-28 00:00:00', '2024-09-08 00:00:00', NULL, 'طبيعي', 1000.00, 0.00, 1000.00, 37, 21, 366, 48281509, 12),
(704, NULL, 'محمد أحمد حمود', 15, 'ذكر', '2017-12-31', '', '2024-10-26 00:00:00', '2024-11-20 00:00:00', NULL, 'طبيعي', 1500.00, 500.00, 1000.00, 30, 20, 232, 22315612, 14),
(705, NULL, 'علوات بادي', 0, 'ذكر', '2019-12-31', '', '2024-09-03 00:00:00', '2024-11-20 10:08:20', NULL, 'طبيعي', 1000.00, 0.00, 1000.00, 37, 21, 367, 0, 12),
(706, NULL, 'نور الدين جمال العالم ', 0, 'ذكر', '0000-00-00', '', '2024-08-28 00:00:00', '2024-11-20 10:09:52', NULL, 'طبيعي', 1000.00, 0.00, 1000.00, 37, 21, 51, 0, 12),
(707, NULL, 'محمد محمود يحي', 0, 'ذكر', '2015-12-31', '', '2024-11-16 00:00:00', '2024-11-20 10:12:55', NULL, 'طبيعي', 1200.00, 0.00, 1200.00, 31, 20, 368, 0, 13),
(708, NULL, 'محمد سيد بكار جدو', 0, 'ذكر', '2018-12-31', '', '2024-08-03 00:00:00', '2024-11-20 10:13:07', NULL, 'طبيعي', 2000.00, 0.00, 2000.00, 37, 21, 369, 0, 17),
(709, NULL, 'محمد الحاج عبد الرحمن', 24, 'ذكر', '2016-12-31', 'عرفات', '2024-11-05 00:00:00', '2024-11-20 10:16:29', NULL, 'طبيعي', 1500.00, 300.00, 1200.00, 31, 20, 370, 0, 14),
(710, NULL, 'فاطمة عمر ', 0, 'أنثى', '2014-12-31', '', '2024-10-30 00:00:00', '2024-11-20 00:00:00', NULL, 'طبيعي', 1000.00, 200.00, 800.00, 37, 21, 372, 36941596, 12),
(711, NULL, 'سيدي محمد محمد عبد الله', 15, 'ذكر', '2014-12-31', 'نواكشوط', '2024-11-02 00:00:00', '2024-11-20 10:19:12', NULL, 'طبيعي', 1500.00, 500.00, 1000.00, 31, 20, 373, 0, 14),
(712, NULL, 'آسية عمر', 0, 'أنثى', '0013-12-20', '', '2024-10-30 00:00:00', '2024-11-20 00:00:00', NULL, 'طبيعي', 1000.00, 200.00, 800.00, 35, 21, 372, 36941596, 12),
(713, NULL, 'مارية عمر ', 3, 'ذكر', '2013-03-21', '', '2024-10-30 00:00:00', '2024-11-20 00:00:00', NULL, 'طبيعي', 1200.00, 400.00, 800.00, 40, 21, 372, 36941596, 13),
(714, NULL, 'محمدو أحمد تلمود', 5, 'ذكر', '2009-12-31', 'نواكشوط', '2024-10-29 00:00:00', '2024-11-20 10:21:58', NULL, 'طبيعي', 1200.00, 0.00, 1200.00, 31, 20, 374, 0, 13),
(715, NULL, 'محمد محمد سالم مسعود', 1, 'ذكر', '2027-12-31', '', '2024-11-26 00:00:00', '2024-11-20 00:00:00', NULL, 'طبيعي', 1000.00, 0.00, 1000.00, 37, 21, 375, 31301150, 13),
(716, NULL, 'عبد الكريم ختار', 5, 'ذكر', '2016-12-31', 'نواكشوط', '2024-10-28 00:00:00', '2024-11-20 10:26:10', NULL, 'طبيعي', 1200.00, 0.00, 1200.00, 34, 21, 376, 0, 13),
(717, NULL, 'خولة الحسن ', 0, 'ذكر', '2020-12-31', '', '2024-10-26 00:00:00', '2024-11-20 10:26:58', NULL, 'طبيعي', 1000.00, 0.00, 1000.00, 37, 21, 213, 26420001, 12),
(718, NULL, 'يحي محمدن محمد', 12, 'ذكر', '2010-12-31', 'نواكشوط', '2024-10-12 00:00:00', '2024-09-01 00:00:00', NULL, 'طبيعي', 1500.00, 300.00, 1200.00, 31, 20, 301, 22360255, 13),
(719, NULL, 'خديجة الحسن ', 0, 'أنثى', '2019-12-31', '', '2024-10-24 00:00:00', '2024-11-20 10:29:57', NULL, 'طبيعي', 1000.00, 0.00, 1000.00, 37, 21, 213, 26420001, 12),
(720, NULL, 'فاطمة (ياسمين) رباه', 0, 'أنثى', '2018-12-31', '', '2023-08-20 00:00:00', '2024-11-20 10:34:09', NULL, 'طبيعي', 800.00, 0.00, 800.00, 34, 21, 377, 0, 12),
(721, NULL, 'حنان المصطاف', 0, 'أنثى', '2020-10-05', '', '2023-12-12 00:00:00', '2024-11-20 10:36:38', NULL, 'طبيعي', 1000.00, 0.00, 1000.00, 37, 21, 379, 0, 12),
(722, NULL, 'محمد المصطفى الداهي', 6, 'ذكر', NULL, '', '2024-02-10 00:00:00', '2024-11-20 10:39:52', NULL, 'طبيعي', 1200.00, 0.00, 1200.00, 31, 20, 378, 0, 13),
(723, NULL, 'محمد الأمين محمد محمود', 0, 'ذكر', '2017-12-31', '', '2024-11-30 00:00:00', '2024-11-20 00:00:00', NULL, 'طبيعي', 1000.00, 0.00, 1000.00, 37, 21, 380, 43135418, 12),
(724, NULL, 'ملعينين عبد الرحمن', 26, 'ذكر', '2013-12-31', 'نواكشوط', '2024-11-04 00:00:00', '2024-11-20 10:41:41', NULL, 'طبيعي', 1500.00, 500.00, 1000.00, 31, 20, 242, 0, 14),
(725, NULL, 'خيرات محمد محمود', 1, 'أنثى', '2017-10-20', '', '2024-11-30 00:00:00', '2024-11-20 00:00:00', NULL, 'طبيعي', 1000.00, 0.00, 1000.00, 37, 21, 380, 43135418, 12),
(727, NULL, 'محمد أحمد سالم', 3, 'ذكر', '2016-09-04', 'نواكشوط', '2024-10-23 00:00:00', '2024-11-20 10:49:21', NULL, 'طبيعي', 1200.00, 200.00, 1000.00, 31, 20, 163, 0, 13),
(728, NULL, 'مولاي ارشيد سيدي محمد', 1, 'ذكر', '2017-07-22', '', '2023-11-04 00:00:00', '2024-11-20 10:49:54', NULL, 'طبيعي', 1200.00, 200.00, 1000.00, 33, 20, 382, 0, 13),
(731, NULL, 'أشرف محمودي', 3, 'ذكر', '2013-12-31', 'نواكشوط', '0000-00-00 00:00:00', '2024-11-20 10:55:08', NULL, 'طبيعي', 1200.00, 200.00, 1000.00, 31, 20, 384, 0, 13),
(733, NULL, 'سناء السالم', 0, 'ذكر', '2019-12-31', '', '2023-10-30 00:00:00', '2024-11-20 10:56:07', NULL, 'طبيعي', 1000.00, 0.00, 1000.00, 37, 21, 0, 0, 12),
(734, NULL, 'سيدي سعدنا ', 1, 'ذكر', '2019-12-31', '', '2024-10-30 00:00:00', '2024-10-30 00:00:00', NULL, 'طبيعي', 1200.00, 400.00, 800.00, 37, 21, 202, 22083545, 13),
(735, NULL, 'سيدي ابراهيم محمد المصطفى الداهي', 6, 'ذكر', '2011-12-31', 'نواكشوط', '2024-11-30 00:00:00', '2024-11-30 00:00:00', NULL, 'طبيعي', 2000.00, 200.00, 1800.00, 32, 20, 386, 22360452, 15),
(736, NULL, 'أحمد محمد المختار', 1, 'ذكر', '2017-12-05', '', '2023-12-29 00:00:00', '2024-11-20 10:59:31', NULL, 'طبيعي', 1000.00, 0.00, 1000.00, 37, 21, 101, 0, 13),
(737, NULL, 'اعل الشيخ البشير', 29, 'ذكر', '2017-12-31', 'نواكشوط', '2023-08-01 00:00:00', '2024-11-20 11:00:42', NULL, 'طبيعي', 1500.00, 500.00, 1000.00, 31, 20, 254, 0, 14),
(738, NULL, 'عبد الرحمن أعمر', 2, 'ذكر', '2016-12-31', '', '2024-11-30 00:00:00', '2024-11-30 00:00:00', NULL, 'طبيعي', 1200.00, 200.00, 1000.00, 27, 19, 348, 46465552, 13),
(739, NULL, 'أبو بكر محمد', 1, 'ذكر', '2017-12-31', '', '2023-08-02 00:00:00', '2024-11-20 11:02:38', NULL, 'طبيعي', 1200.00, 0.00, 1200.00, 27, 19, 177, 0, 13),
(740, NULL, 'سيدي محمد محمد فال', 3, 'ذكر', '2014-12-31', 'نواكشوط', '2023-09-02 00:00:00', '2024-11-20 11:02:47', NULL, 'طبيعي', 1200.00, 200.00, 1000.00, 31, 20, 387, 0, 13),
(742, NULL, 'محمد عالي المصطاف', 1, 'ذكر', '2019-12-31', '', '2023-08-02 00:00:00', '2024-11-20 11:04:40', NULL, 'طبيعي', 1000.00, 0.00, 1000.00, 37, 21, 388, 0, 13),
(743, NULL, 'حمزة الحسن', 44, 'ذكر', '2008-05-08', 'نواكشوط', '2023-08-01 00:00:00', '2024-11-20 11:06:04', NULL, 'طبيعي', 500.00, 0.00, 500.00, 31, 20, 389, 0, 15),
(744, NULL, 'الحسن عبد الله', 1, 'ذكر', '2018-12-31', '', '2024-10-01 00:00:00', '2024-10-01 00:00:00', NULL, 'طبيعي', 1200.00, 0.00, 1200.00, 33, 20, 63, 47277725, 13),
(745, NULL, 'الحسن ولد الحسن', 1, 'ذكر', '2010-03-21', '', '2023-08-10 00:00:00', '2024-11-20 11:09:06', NULL, 'طبيعي', 1000.00, 0.00, 1000.00, 37, 21, 389, 0, 13),
(747, NULL, 'المصطفى محمد سالم', 60, 'ذكر', NULL, '', '2024-11-03 00:00:00', '2024-11-20 11:18:01', NULL, 'طبيعي', 2500.00, 1300.00, 1200.00, 28, 20, 203, 0, 19),
(748, NULL, 'محمد محفوظ', 41, 'ذكر', '2013-12-31', 'نواكشوط', '2024-11-01 00:00:00', '2024-11-01 00:00:00', NULL, 'طبيعي', 0.00, 1000.00, 1000.00, 28, 20, 239, 22731238, 15),
(749, NULL, 'شيخنا صاليحي', 6, 'ذكر', '2017-12-31', 'نواكشوط', '2023-08-01 00:00:00', '2024-11-20 11:23:15', NULL, 'طبيعي', 1200.00, 200.00, 1000.00, 28, 20, 390, 0, 13),
(750, NULL, 'عبد الشكور محمد', 7, 'ذكر', '2014-12-31', '', '2024-11-30 00:00:00', '2024-11-30 00:00:00', NULL, 'طبيعي', 0.00, 0.00, 1200.00, 28, 20, 284, 46739768, 13),
(751, NULL, 'علي الرضى أحمدو', 48, 'ذكر', NULL, '', '2024-10-31 00:00:00', '2024-10-31 00:00:00', NULL, 'طبيعي', 2000.00, 1000.00, 1000.00, 28, 20, 391, 26688300, 15),
(752, NULL, 'معاذ الشيخ السعيدي', 51, 'ذكر', '2008-12-31', 'نواكشوط', '2024-10-26 00:00:00', '2024-10-26 00:00:00', NULL, 'طبيعي', 2000.00, 1000.00, 1000.00, 28, 20, 93, 36850012, 15),
(753, NULL, 'عبد الله الشيخ السعيدي', 51, 'ذكر', '2011-12-31', 'نواكشوط', '2024-10-26 00:00:00', '2024-10-26 00:00:00', NULL, 'طبيعي', 2000.00, 1000.00, 1000.00, 28, 20, 93, 36850012, 15),
(754, NULL, 'محمد سالم الزايد', 47, 'ذكر', '2011-12-31', 'نواكشوط', '2023-08-01 00:00:00', '2024-11-20 11:42:22', NULL, 'طبيعي', 2000.00, 1000.00, 1000.00, 28, 20, 190, 0, 15),
(755, NULL, 'الزين الزايد', 60, 'ذكر', '2008-12-31', 'نواكشوط', '2023-08-01 00:00:00', '2024-11-20 11:43:25', NULL, 'طبيعي', 2500.00, 1500.00, 1000.00, 28, 20, 190, 0, 19),
(756, NULL, 'أحمذو محمذن السماني', 35, 'ذكر', '2012-12-31', 'نواكشوط', '2024-10-31 00:00:00', '2024-11-20 11:45:54', NULL, 'طبيعي', 1500.00, 700.00, 800.00, 28, 20, 194, 33887882, 14),
(757, NULL, 'أنس أحمد', 10, 'ذكر', '2013-12-31', 'نواكشوط', '2024-10-30 00:00:00', '2024-11-20 00:00:00', NULL, 'طبيعي', 1200.00, 0.00, 1200.00, 28, 20, 392, 26984036, 13),
(759, NULL, 'محمد يحي محمد فال', 54, 'ذكر', '2013-12-31', 'نواكشوط', '2023-08-01 00:00:00', '2024-11-20 11:51:54', NULL, 'طبيعي', 2000.00, 1000.00, 1000.00, 28, 20, 393, 0, 15),
(760, NULL, 'محمد محمد أحيد', 33, 'ذكر', '2013-12-31', 'نواكشوط', '2023-08-01 00:00:00', '2024-11-20 11:54:16', NULL, 'طبيعي', 2000.00, 800.00, 1200.00, 28, 20, 394, 0, 15),
(761, NULL, 'محمد الداه', 60, 'ذكر', '2008-12-31', '', '2023-08-01 00:00:00', '2024-11-20 11:57:42', NULL, 'طبيعي', 2000.00, 800.00, 1200.00, 28, 20, 395, 0, 15),
(762, NULL, 'محمد الامين العالم', 35, 'ذكر', '2012-12-31', 'نواكشوط', '2023-08-01 00:00:00', '2024-11-20 12:00:10', NULL, 'طبيعي', 2000.00, 1000.00, 1000.00, 28, 20, 336, 0, 15),
(763, NULL, 'محمد فاضل محمد الامين', 3, 'ذكر', '2009-12-31', 'نواكشوط', '2023-08-01 00:00:00', '2024-11-20 12:02:12', NULL, 'طبيعي', 1200.00, 200.00, 1000.00, 28, 20, 396, 0, 13),
(764, NULL, 'محمد فاضل مامين', 12, 'ذكر', '2015-12-31', 'نواكشوط', '2024-11-30 00:00:00', '2023-10-05 00:00:00', NULL, 'طبيعي', 1500.00, 500.00, 1000.00, 28, 20, 327, 46559396, 14),
(765, NULL, 'الشيخ الرضى محمدن', 57, 'ذكر', '2009-12-31', 'نواكشوط', '2024-10-01 00:00:00', '2024-11-20 12:06:10', NULL, 'طبيعي', 2000.00, 1000.00, 1000.00, 28, 20, 209, 22213726, 15),
(766, NULL, 'محمد المصطفى عبد الله', 50, 'ذكر', '2009-03-01', 'نواكشوط', '2024-11-26 00:00:00', '2023-08-01 00:00:00', NULL, 'طبيعي', 2000.00, 800.00, 1200.00, 28, 20, 397, 31749772, 15),
(767, NULL, 'عبد الله محمد الشيخ النعمة', 14, 'ذكر', '2017-12-31', '', '2024-10-30 00:00:00', '2024-10-30 00:00:00', NULL, 'طبيعي', 1500.00, 500.00, 1000.00, 28, 20, 222, 42116355, 14),
(768, NULL, 'عبد القادر الحسن', 60, 'ذكر', NULL, '', '2024-10-26 00:00:00', '2024-11-20 12:34:52', NULL, 'طبيعي', 2000.00, 1000.00, 1000.00, 28, 20, 213, 26420001, 15),
(769, NULL, 'الناصرية حمادي ', 1, 'أنثى', '2017-11-20', 'نواكشوط', '2024-10-31 00:00:00', '2024-11-20 12:52:03', NULL, 'طبيعي', 1200.00, 200.00, 1000.00, 40, 21, 48, 0, 13),
(771, NULL, 'فاطمة الزهراء محمد عبد الله', 2, 'أنثى', '2016-11-20', 'نواكشوط', '2024-10-31 00:00:00', '2024-11-20 12:54:17', NULL, 'طبيعي', 1200.00, 200.00, 1000.00, 40, 21, 373, 0, 13),
(772, NULL, 'البتول محمد يحظيه ', 2, 'أنثى', '2017-11-20', 'نواكشوط', '2024-10-31 00:00:00', '2024-11-20 12:57:47', NULL, 'طبيعي', 1200.00, 200.00, 1000.00, 40, 21, 398, 0, 13),
(773, NULL, 'رقية محمد ىحظيه ', 2, 'أنثى', '2014-11-20', 'نواكشوط', '2024-10-31 00:00:00', '2024-11-20 13:00:03', NULL, 'طبيعي', 1200.00, 0.00, 1200.00, 40, 21, 398, 0, 13),
(774, NULL, 'منة محمد عابدين ', 1, 'أنثى', '2016-11-20', 'نواكشوط', '2024-11-30 00:00:00', '2024-10-05 00:00:00', NULL, 'طبيعي', 1200.00, 200.00, 1000.00, 40, 21, 286, 46004029, 13),
(775, NULL, 'أحمد سالم داداه', 6, 'ذكر', '2009-08-27', 'نواكشوط', '2024-10-06 00:00:00', '2024-11-20 00:00:00', NULL, 'طبيعي', 1200.00, 200.00, 1000.00, 43, 20, 399, 46470763, 13);
INSERT INTO `students` (`id`, `agent_phone`, `student_name`, `part_count`, `gender`, `birth_date`, `birth_place`, `registration_date`, `regstration_date_count`, `student_photo`, `payment_nature`, `fees`, `discount`, `remaining`, `class_id`, `branch_id`, `agent_id`, `phone`, `level_id`) VALUES
(776, NULL, 'محمد الخليفة', 2, 'ذكر', '2007-12-31', 'نواكشوط', '0000-00-00 00:00:00', '2024-11-20 13:08:35', NULL, 'طبيعي', 1200.00, 200.00, 1000.00, 43, 20, 400, 0, 13),
(777, NULL, 'فاطمة محمد الأمين ', 1, 'أنثى', '2005-11-20', 'نواكشوط', '2024-10-31 00:00:00', '2024-11-20 13:38:10', NULL, 'طبيعي', 1200.00, 200.00, 1000.00, 40, 21, 294, 0, 13),
(778, NULL, 'لاله الشيخ أحمد', 1, 'أنثى', '2016-11-20', 'نواكشوط', '2024-10-31 00:00:00', '2024-11-20 13:39:21', NULL, 'طبيعي', 1200.00, 200.00, 1000.00, 40, 21, 142, 0, 13),
(779, NULL, 'مريم لحبيب ', 2, 'أنثى', '2018-11-20', 'نواكشوط', '2024-10-31 00:00:00', '2024-11-20 13:40:55', NULL, 'طبيعي', 1200.00, 200.00, 1000.00, 40, 21, 401, 0, 13),
(780, NULL, 'أم الخيري(سارة) محمد', 3, 'أنثى', '2016-11-20', '', '2024-10-31 00:00:00', '2024-11-20 00:00:00', NULL, 'طبيعي', 1200.00, 0.00, 1200.00, 40, 21, 402, 49059896, 13),
(781, NULL, 'السالمة صاليحي ', 2, 'أنثى', '2020-11-20', 'نواكشوط', '2024-10-31 00:00:00', '2024-11-20 13:44:03', NULL, 'طبيعي', 1200.00, 200.00, 1000.00, 40, 21, 390, 0, 13),
(782, NULL, 'خديجة بادي', 18, 'أنثى', '2016-11-20', 'نواكشوط', '2024-10-31 00:00:00', '2024-11-20 13:45:28', NULL, 'طبيعي', 1200.00, 200.00, 1000.00, 40, 21, 250, 0, 13),
(783, NULL, 'عاتكه المصطفى', 7, 'أنثى', '2014-11-20', 'نواكشوط', '2024-10-31 00:00:00', '2024-11-20 13:46:32', NULL, 'طبيعي', 1200.00, 200.00, 1000.00, 40, 21, 304, 0, 13),
(784, NULL, 'توت محمد الأمين ', 2, 'أنثى', '2016-11-20', 'نواكشوط', '2024-10-31 00:00:00', '2024-11-20 13:47:28', NULL, 'طبيعي', 1200.00, 200.00, 1000.00, 40, 21, 343, 0, 13),
(785, NULL, 'عيشة محمد', 1, 'أنثى', '2019-11-20', '', '2024-10-31 00:00:00', '2024-11-20 13:49:03', NULL, 'طبيعي', 1200.00, 200.00, 1000.00, 40, 21, 403, 0, 13),
(786, NULL, 'كريمة محمد المصطفى الداهي ', 1, 'أنثى', '2005-11-20', 'نواكشوط', '2024-11-30 00:00:00', '2024-11-30 00:00:00', NULL, 'طبيعي', 1200.00, 400.00, 800.00, 40, 21, 386, 22360452, 13),
(787, NULL, 'الزينة عابدين', 2, 'أنثى', '2018-11-20', 'نواكشوط', '2024-10-31 00:00:00', '2024-11-20 13:51:43', NULL, 'طبيعي', 1200.00, 200.00, 1000.00, 40, 21, 404, 0, 13),
(789, NULL, 'مصعب عبداتي ', 0, 'ذكر', '2019-11-23', 'نواكشوط', '2024-10-31 00:00:00', '2024-11-20 22:44:42', NULL, 'طبيعي', 1000.00, 0.00, 1000.00, 38, 21, 405, 0, 12),
(790, NULL, 'فاطمة افاه ', 0, 'أنثى', '2017-11-23', 'نواكشوط', '2017-11-23 00:00:00', '2024-11-20 22:48:10', NULL, 'طبيعي', 1200.00, 0.00, 1200.00, 40, 21, 406, 0, 13),
(793, NULL, 'لمينة سيد محمد مولاي أعل ', 0, 'أنثى', '2019-11-23', 'نواكشوط', '2024-10-31 00:00:00', '2024-11-20 22:55:38', NULL, 'طبيعي', 1000.00, 0.00, 1000.00, 38, 21, 382, 0, 12),
(794, NULL, 'أحمد سالم أعمر ', 0, 'ذكر', '2024-11-23', '', '2024-10-31 00:00:00', '2024-11-20 22:57:45', NULL, 'طبيعي', 0.00, 0.00, 1000.00, 38, 21, 145, 0, 12),
(795, NULL, 'أعل أعمر ', 0, 'ذكر', '2017-11-23', 'نواكشوط', '2024-10-31 00:00:00', '2024-11-20 22:59:54', NULL, 'طبيعي', 1000.00, 0.00, 1000.00, 37, 21, 145, 0, 12),
(796, NULL, 'امباركة أعمر ', 0, 'أنثى', '2020-11-23', 'نواكشوط', '2024-10-31 00:00:00', '2024-11-20 23:00:55', NULL, 'طبيعي', 1000.00, 0.00, 1000.00, 38, 21, 145, 0, 12),
(797, NULL, 'حماه الله محمد عبد الله ', 0, 'ذكر', '1995-11-23', 'نواكشوط', '2024-10-31 00:00:00', '2024-11-20 23:01:49', NULL, 'طبيعي', 1000.00, 0.00, 1000.00, 38, 21, 277, 0, 12),
(798, NULL, 'الداه التومي ', 0, 'ذكر', '2018-11-23', 'نواكشوط', '2024-10-31 00:00:00', '2024-11-20 23:03:05', NULL, 'طبيعي', 1000.00, 0.00, 1000.00, 38, 21, 409, 0, 12),
(800, NULL, 'فاطمة امباركه لحبيب', 0, 'أنثى', '2019-11-23', 'نواكشوط', '2024-10-31 00:00:00', '2024-11-20 23:04:29', NULL, 'طبيعي', 1000.00, 0.00, 1000.00, 38, 21, 401, 0, 12),
(801, NULL, 'محمد الأمين عبد الله ', 0, 'ذكر', '2019-11-23', 'نواكشوط', '2024-10-31 00:00:00', '2024-11-20 00:00:00', NULL, 'طبيعي', 1000.00, 0.00, 1000.00, 38, 21, 410, 20301727, 12),
(802, NULL, 'أحمد سالم ابراهيم فال ', 0, 'ذكر', '2019-11-23', 'نواكشوط', '2024-10-31 00:00:00', '2024-11-21 00:05:17', NULL, 'طبيعي', 1000.00, 0.00, 1000.00, 38, 21, 63, 0, 12),
(803, NULL, 'سيد عبد الله الناجي الحاج ابراهيم ', 2, 'ذكر', '2016-11-23', '', '2024-10-31 00:00:00', '2024-11-21 00:00:00', NULL, 'طبيعي', 1000.00, 0.00, 1000.00, 38, 21, 411, 32924092, 12),
(804, NULL, 'فاطمة الزهراء عبد الله', 0, 'أنثى', '2020-11-23', 'نواكشوط', '2024-10-31 00:00:00', '2024-11-21 00:00:00', NULL, 'طبيعي', 1000.00, 0.00, 1000.00, 38, 21, 63, 46450850, 12),
(805, NULL, 'محمد الأمين لحبيب', 1, 'ذكر', '2017-11-23', 'نواكشوط', '2024-10-31 00:00:00', '2024-11-21 00:08:21', NULL, 'طبيعي', 1000.00, 0.00, 1000.00, 38, 21, 401, 0, 12),
(806, NULL, 'سكينة محمد يحي', 0, 'أنثى', '2019-11-23', 'نواكشوط', '2024-10-31 00:00:00', '2024-11-21 00:09:32', NULL, 'طبيعي', 1000.00, 0.00, 1000.00, 38, 21, 412, 0, 12),
(807, NULL, 'محمد محمود الناجي محمد يحي', 1, 'أنثى', '2023-11-23', 'نواكشوط', '2024-10-31 00:00:00', '2024-11-21 00:10:35', NULL, 'طبيعي', 1000.00, 0.00, 1000.00, 38, 21, 412, 0, 12),
(808, NULL, 'أحمد القاسم ', 1, 'ذكر', '2018-11-23', 'نواكشوط', '2024-10-31 00:00:00', '2024-11-21 00:11:26', NULL, 'طبيعي', 1000.00, 0.00, 1000.00, 38, 21, 315, 0, 12),
(809, NULL, 'ابراهيم العارف ', 1, 'ذكر', '2017-11-23', 'نواكشوط', '2024-10-31 00:00:00', '2024-11-21 00:12:32', NULL, 'طبيعي', 1200.00, 0.00, 1200.00, 27, 19, 193, 0, 13),
(810, NULL, 'حدمين سيد محمد', 1, 'ذكر', '2017-11-23', 'نواكشوط', '2024-10-31 00:00:00', '2024-11-21 00:13:27', NULL, 'طبيعي', 1000.00, 0.00, 1000.00, 38, 21, 24, 0, 12),
(811, NULL, 'تحية الزاوي ', 1, 'أنثى', '2018-11-23', 'نواكشوط', '2024-10-31 00:00:00', '2024-11-21 00:14:13', NULL, 'معفى', 0.00, 0.00, 0.00, 38, 21, 26, 0, 12),
(812, NULL, 'القاسم لزغم ', 1, 'ذكر', '2018-11-23', 'نواكشوط', '2024-10-31 00:00:00', '2024-11-21 00:56:42', NULL, 'طبيعي', 1000.00, 0.00, 1000.00, 35, 21, 413, 0, 12),
(813, NULL, 'محمد المصطفى أحمد', 1, 'ذكر', '2019-11-23', 'نواكشوط', '2024-10-31 00:00:00', '2024-11-21 00:57:57', NULL, 'طبيعي', 1000.00, 0.00, 1000.00, 35, 21, 414, 0, 12),
(814, NULL, 'البتول الطالب دحمان ', 1, 'أنثى', '2020-11-23', 'نواكشوط', '2024-11-26 00:00:00', '2024-11-21 00:00:00', NULL, 'طبيعي', 1000.00, 0.00, 1000.00, 35, 21, 415, 47069090, 12),
(816, NULL, 'معاذ محمد محمود ', 1, 'ذكر', '2018-11-23', 'نواكشوط', '2024-10-31 00:00:00', '2024-11-21 01:00:30', NULL, 'طبيعي', 1000.00, 0.00, 1000.00, 35, 21, 277, 0, 12),
(817, NULL, 'سيد محمد عبد الرحمن ', 1, 'ذكر', '2019-11-23', 'نواكشوط', '2024-11-30 00:00:00', '2024-11-30 00:00:00', NULL, 'طبيعي', 1000.00, 0.00, 1000.00, 35, 21, 313, 37135125, 12),
(818, NULL, 'الشيخ محمد المامي ', 1, 'ذكر', '2016-11-23', 'نواكشوط', '2024-10-31 00:00:00', '2024-11-21 01:03:12', NULL, 'طبيعي', 1000.00, 0.00, 1000.00, 35, 21, 416, 0, 12),
(819, NULL, 'أحمدو باب المختار السالم ', 1, 'ذكر', NULL, '', '2024-10-31 00:00:00', '2024-11-21 01:04:23', NULL, 'طبيعي', 1000.00, 0.00, 1000.00, 35, 21, 417, 0, 12),
(822, NULL, 'ميمونه احمد ولد سيدي', 1, 'أنثى', '2019-11-23', 'نواكشوط', '2024-10-31 00:00:00', '2024-11-21 01:09:47', NULL, 'طبيعي', 1000.00, 0.00, 1000.00, 35, 21, 419, 0, 12),
(824, NULL, 'حميدة السالك', 1, 'ذكر', '2019-11-23', 'نواكشوط', '2024-10-31 00:00:00', '2024-11-21 01:11:24', NULL, 'طبيعي', 1000.00, 0.00, 1000.00, 35, 21, 241, 0, 12),
(825, NULL, 'محمد الأمين الشيخ أحمد', 1, 'ذكر', '2016-11-23', 'نواكشوط', '2024-10-31 00:00:00', '2024-11-21 01:12:52', NULL, 'طبيعي', 1200.00, 0.00, 1200.00, 27, 19, 142, 0, 13),
(826, NULL, 'أم المؤمنين محمد سالم ', 1, 'أنثى', '2020-11-23', 'نواكشوط', '2024-11-26 00:00:00', '2024-11-21 01:13:54', NULL, 'طبيعي', 1000.00, 0.00, 1000.00, 35, 21, 77, 22073585, 12),
(827, NULL, 'السعد أحمدو الجنيدي ', 1, 'ذكر', '2016-11-23', 'نواكشوط', '2024-10-31 00:00:00', '2024-11-21 01:16:23', NULL, 'طبيعي', 1000.00, 0.00, 1000.00, 35, 21, 420, 0, 12),
(828, NULL, 'محمد الأمين النين ', 1, 'أنثى', '2019-11-23', 'نواكشوط', '2024-10-31 00:00:00', '2024-11-21 01:18:02', NULL, 'طبيعي', 1000.00, 0.00, 1000.00, 35, 21, 421, 0, 12),
(829, NULL, 'الناها داهي', 1, 'أنثى', '2019-11-23', 'نواكشوط', '2024-10-31 00:00:00', '2024-11-21 01:18:43', NULL, 'طبيعي', 1000.00, 0.00, 1000.00, 35, 21, 171, 0, 12),
(830, NULL, 'خدي أمهادي ', 1, 'أنثى', '2019-11-23', 'نواكشوط', '2024-10-25 00:00:00', '2024-10-26 00:00:00', NULL, 'طبيعي', 1000.00, 0.00, 1000.00, 35, 21, 221, 36386181, 12),
(831, NULL, 'محمد المامي عبد الوهاب ', 1, 'ذكر', '2019-11-23', 'نواكشوط', '2024-10-31 00:00:00', '2024-11-21 01:20:12', NULL, 'طبيعي', 1000.00, 0.00, 1000.00, 35, 21, 334, 0, 12),
(833, NULL, 'محمد محمود مياب', 1, 'ذكر', '2018-11-23', 'نواكشوط', '2024-10-31 00:00:00', '2024-11-21 01:22:10', NULL, 'طبيعي', 1000.00, 0.00, 1000.00, 35, 21, 422, 0, 12),
(834, NULL, 'عابدين عابدين ', 1, 'ذكر', '2018-11-23', 'نواكشوط', '2024-10-31 00:00:00', '2024-11-21 01:22:52', NULL, 'طبيعي', 1000.00, 0.00, 1000.00, 35, 21, 404, 0, 12),
(835, NULL, 'محمد الزين كابر', 1, 'ذكر', '2018-11-23', 'نواكشوط', '2024-10-31 00:00:00', '2024-11-21 01:24:04', NULL, 'طبيعي', 1000.00, 300.00, 700.00, 35, 21, 423, 0, 12),
(836, NULL, 'ميجة محمد الدد', 1, 'أنثى', '2018-11-23', 'نواكشوط', '2024-10-31 00:00:00', '2024-11-21 01:25:28', NULL, 'معفى', 800.00, 0.00, 800.00, 35, 21, 269, 0, 12),
(837, NULL, 'صفية سيدي محمد', 31, 'أنثى', '2011-11-23', 'نواكشوط', '2024-11-23 00:00:00', '2024-11-21 03:14:12', NULL, 'طبيعي', 1500.00, 300.00, 1200.00, 39, 17, 425, 0, 14),
(847, NULL, 'عبد الله كواد', 2, 'ذكر', '2017-12-31', '', '2023-08-01 00:00:00', '2024-11-23 07:48:16', NULL, 'طبيعي', 1200.00, 200.00, 1000.00, 43, 20, 245, 0, 13),
(848, NULL, 'جمال محمد', 4, 'ذكر', NULL, '', '2024-11-26 00:00:00', '2024-11-23 00:00:00', NULL, 'طبيعي', 1000.00, 0.00, 1000.00, 43, 20, 185, 32101267, 13),
(849, NULL, 'بادي محمد ', 7, 'ذكر', '2016-12-31', 'نواكشوط', '2024-11-23 00:00:00', '2024-11-23 00:00:00', NULL, 'طبيعي', 1500.00, 0.00, 1500.00, 43, 20, 427, 47231070, 14),
(850, NULL, 'أسامة محمد سالم', 13, 'ذكر', '2014-12-31', 'نواكشوط', '2024-10-30 00:00:00', '2024-11-23 08:02:06', NULL, 'طبيعي', 1500.00, 300.00, 1200.00, 43, 20, 77, 22073585, 14),
(851, NULL, 'المصطفى الناجي الحاج ابراهيم', 6, 'ذكر', '2013-12-31', 'نواكشوط', '2024-11-30 00:00:00', '2024-11-23 00:00:00', NULL, 'طبيعي', 1200.00, 0.00, 1200.00, 43, 20, 411, 32924092, 13),
(852, NULL, 'الناه محمد نافع', 3, 'ذكر', '2015-12-31', 'نواكشوط', '2024-11-26 00:00:00', '2024-11-23 00:00:00', NULL, 'طبيعي', 1200.00, 200.00, 1000.00, 43, 20, 153, 22001489, 13),
(853, NULL, 'محمد أعمر ', 13, 'ذكر', '2013-12-31', '', '2024-11-30 00:00:00', '2024-11-30 00:00:00', NULL, 'طبيعي', 1500.00, 500.00, 1000.00, 43, 20, 348, 46465552, 14),
(854, NULL, 'الشيخ التراد عبد الوهاب', 8, 'ذكر', '2014-09-30', '', '2024-11-23 00:00:00', '2023-10-23 00:00:00', NULL, 'طبيعي', 1200.00, 200.00, 1000.00, 43, 20, 334, 47611577, 13),
(855, NULL, 'الناتو اعل بيات', 12, 'ذكر', '2013-12-31', 'نواكشوط', '2023-10-01 00:00:00', '2024-11-23 08:18:16', NULL, 'طبيعي', 1500.00, 500.00, 1000.00, 43, 20, 428, 0, 14),
(856, NULL, 'حد أمين اجديات', 14, 'ذكر', NULL, '', '2023-08-01 00:00:00', '2024-11-23 08:19:45', NULL, 'طبيعي', 0.00, 0.00, 1500.00, 43, 20, 429, 0, 14),
(857, NULL, 'محمد المختار محمد سالم', 10, 'ذكر', NULL, '', '2023-11-23 00:00:00', '2024-11-23 00:00:00', NULL, 'طبيعي', 1200.00, 200.00, 1000.00, 43, 20, 223, 31045256, 13),
(858, NULL, 'محمد أحمد عبدو', 5, 'ذكر', '2009-02-22', '', '2024-10-30 00:00:00', '2024-10-30 00:00:00', NULL, 'طبيعي', 1200.00, 200.00, 1000.00, 43, 20, 219, 22656530, 13),
(859, NULL, 'محمد يحي بالله', 10, 'ذكر', '2016-12-30', 'نواكشوط', '2024-11-29 00:00:00', '2024-11-20 00:00:00', NULL, 'طبيعي', 1200.00, 200.00, 1000.00, 43, 20, 225, 46547371, 13),
(860, NULL, 'سعد بوه محمد فال', 10, 'ذكر', '2016-12-31', 'عرفات', '2024-11-26 00:00:00', '2024-11-23 00:00:00', NULL, 'طبيعي', 1200.00, 0.00, 1200.00, 43, 20, 430, 27620000, 13),
(861, NULL, 'محمد محمود أحمد عبدو', 10, 'ذكر', '2010-02-02', 'نواكشوط', '2024-10-30 00:00:00', '2024-10-30 00:00:00', NULL, 'طبيعي', 1200.00, 200.00, 1000.00, 43, 20, 219, 22656530, 13),
(862, NULL, 'محمد الحافظ', 8, 'ذكر', '2013-08-30', 'نواكشوط', '2023-08-01 00:00:00', '2024-11-23 08:45:38', NULL, 'طبيعي', 1200.00, 0.00, 1200.00, 43, 20, 431, 0, 13),
(863, NULL, 'محمد سالم السيد', 4, 'ذكر', '2008-05-08', 'نواكشوط', '2023-08-01 00:00:00', '2024-11-23 08:47:45', NULL, 'طبيعي', 1200.00, 200.00, 1000.00, 43, 20, 432, 0, 13),
(864, NULL, 'المصطفى السيد', 5, 'ذكر', '2017-12-31', 'نواكشوط', '2023-08-01 00:00:00', '2024-11-23 08:48:34', NULL, 'طبيعي', 1200.00, 400.00, 800.00, 43, 20, 432, 0, 13),
(865, NULL, 'أحمد محمد سالم أعمر', 19, 'ذكر', '2015-12-31', 'نواكشوط', '2024-10-26 00:00:00', '2024-10-26 00:00:00', NULL, 'طبيعي', 1500.00, 500.00, 1000.00, 43, 20, 450, 22131358, 14),
(867, NULL, 'عبد الحي حداه', 8, 'ذكر', '2016-12-31', 'نواكشوط', '2024-11-01 00:00:00', '2024-11-23 00:00:00', NULL, 'طبيعي', 1200.00, 200.00, 1000.00, 43, 20, 179, 34411718, 13),
(868, NULL, 'البو مولاي صالح', 5, 'ذكر', '2016-12-31', 'نواكشوط', '2024-10-26 00:00:00', '2024-11-23 08:54:29', NULL, 'طبيعي', 1000.00, 0.00, 1000.00, 43, 20, 255, 36158586, 13),
(869, NULL, 'بد الزاوي ', 4, 'ذكر', '2011-12-31', '', '2024-10-31 00:00:00', '2024-11-23 20:03:43', NULL, 'طبيعي', 1200.00, 0.00, 1200.00, 27, 19, 26, 0, 13),
(870, NULL, 'البيضاوي البكاي ', 5, 'ذكر', '2014-12-31', '', '2024-11-24 00:00:00', '2024-11-23 20:34:05', NULL, 'طبيعي', 1200.00, 0.00, 1200.00, 31, 20, 433, 0, 13),
(871, NULL, 'محمد الأمين البكاي ', 5, 'ذكر', '2015-12-31', '', '2024-11-24 00:00:00', '2024-11-23 20:35:15', NULL, 'طبيعي', 0.00, 0.00, 1000.00, 31, 20, 433, 0, 13),
(872, NULL, 'مالي براهيم فال', 0, 'أنثى', '1982-11-24', 'نواكشوط', '2024-11-23 00:00:00', '2024-11-24 10:11:25', NULL, 'طبيعي', 1200.00, 200.00, 1000.00, 39, 17, 180, 0, 13),
(873, NULL, 'محمد فاضل محمد سالم ', 12, 'ذكر', '2017-11-24', 'نواكشوط', '2024-10-01 00:00:00', '2024-11-24 11:14:32', NULL, 'طبيعي', 1200.00, 200.00, 1000.00, 29, 20, 319, 26373837, 13),
(874, NULL, 'محمد محمد سالم', 0, 'ذكر', '2020-11-20', '1', '2024-10-01 00:00:00', '2024-11-24 11:16:12', NULL, 'طبيعي', 1000.00, 0.00, 1000.00, 35, 21, 319, 26373837, 12),
(875, NULL, 'سيدي محمد محمد سالم', 4, 'ذكر', '2016-12-31', 'نواكشوط', '2024-11-24 00:00:00', '2024-11-24 15:50:20', NULL, 'طبيعي', 1000.00, 0.00, 1000.00, 27, 19, 434, 0, 13),
(898, NULL, 'الغالية سيدي', 2, 'أنثى', '1968-12-31', 'انواكشوط', '2024-11-25 00:00:00', '2024-11-25 09:00:52', NULL, 'طبيعي', 1200.00, 0.00, 1200.00, 39, 17, 0, 22418707, 13),
(901, NULL, 'شيخنا محمد سالم ', 7, 'ذكر', '2009-12-31', '', '2024-11-25 00:00:00', '2024-11-25 19:20:56', NULL, 'طبيعي', 1200.00, 0.00, 1200.00, 43, 20, 0, 0, 13),
(902, NULL, 'منى أحمدو', 1, 'أنثى', '1980-11-25', 'انواكشوط', '2024-11-25 00:00:00', '2024-11-25 20:18:49', NULL, 'طبيعي', 1200.00, 0.00, 1200.00, 39, 17, 0, 22418707, 13),
(903, NULL, 'السالمة عابدين', 0, 'أنثى', '2019-12-20', 'نواكشوط', '2024-11-26 00:00:00', '2024-11-26 00:00:00', NULL, 'طبيعي', 0.00, 0.00, 1000.00, 37, 21, 438, 33097152, 12),
(904, NULL, 'عبود أسند', 41, 'ذكر', '2011-12-31', 'نواكشوط', '2024-11-27 00:00:00', '2024-11-27 16:34:09', NULL, 'طبيعي', 2000.00, 500.00, 1500.00, 32, 20, 439, 0, 15),
(905, NULL, 'خديجة مياب', 5, 'أنثى', NULL, '', '2024-11-27 00:00:00', '2024-11-27 16:43:52', NULL, 'طبيعي', 0.00, 200.00, 1000.00, 40, 21, 27, 0, 13),
(907, NULL, 'العباس محمدو حامد ', 6, 'ذكر', '2016-12-31', '', '2024-11-30 00:00:00', '2024-11-30 08:58:22', NULL, 'طبيعي', 3500.00, 0.00, 3500.00, 24, 19, 440, 0, 18),
(908, NULL, 'أباه محمدو حامد ', 7, 'ذكر', '2012-12-31', '', '2024-11-29 00:00:00', '2024-11-30 09:01:14', NULL, 'طبيعي', 3500.00, 0.00, 3500.00, 24, 19, 440, 0, 18),
(909, NULL, 'فاطم حسنى', 1, 'أنثى', '1998-11-30', 'نواكشوط', '2024-11-30 00:00:00', '2024-11-30 09:20:10', NULL, 'طبيعي', 1200.00, 0.00, 1200.00, 39, 17, 0, 32474144, 13),
(910, NULL, 'الشيخ أحمد محمد المهدي ', 60, 'ذكر', '2008-12-31', '', '2024-11-30 00:00:00', '2024-11-30 10:34:15', NULL, 'طبيعي', 0.00, 500.00, 1000.00, 25, 19, 441, 0, 16),
(911, NULL, 'سيد ابراهيم آدَّ', 12, 'ذكر', '2013-12-31', 'نواكشوط', '2024-12-01 00:00:00', '2024-11-30 11:54:05', NULL, 'طبيعي', 1000.00, 0.00, 1000.00, 26, 19, 442, 0, 14),
(912, NULL, 'الديه محمدن', 0, 'ذكر', '2015-12-31', '', '2024-11-30 00:00:00', '2024-11-30 17:04:21', NULL, 'طبيعي', 1200.00, 0.00, 1200.00, 33, 20, 443, 0, 13),
(913, NULL, 'محمد لمات محمد المهدي', 3, 'ذكر', '2010-12-31', 'الطينطان', '2024-11-30 00:00:00', '2024-11-30 17:35:39', NULL, 'طبيعي', 1200.00, 200.00, 1000.00, 33, 20, 441, 0, 13),
(922, NULL, 'محمد الامين حمود', 60, 'ذكر', '2008-12-31', 'نواكشوط', '2024-10-24 00:00:00', '2024-12-01 08:38:28', NULL, 'طبيعي', 2000.00, 0.00, 2000.00, 25, 19, 444, 0, 15),
(923, NULL, 'حاجة بنت المصطفى ايب', 9, 'أنثى', '2012-12-01', 'نواكشوط', '2024-11-30 00:00:00', '2024-11-30 00:00:00', NULL, 'طبيعي', 1200.00, 0.00, 1200.00, 22, 17, 445, 36123000, 13),
(924, NULL, 'البتول المصطفى ايب', 5, 'أنثى', '2016-12-01', 'نواكشوط', '2024-11-30 00:00:00', '2024-11-30 00:00:00', NULL, 'طبيعي', 1200.00, 0.00, 1200.00, 22, 17, 445, 36123000, 13),
(925, NULL, 'عبد الله المختار', 60, 'ذكر', '2011-12-31', 'نواكشوط', '2024-10-26 00:00:00', '2024-12-01 08:54:34', NULL, 'طبيعي', 4500.00, 1000.00, 3500.00, 24, 19, 259, 0, 18),
(926, NULL, 'اكليثيمة حمود', 13, 'أنثى', '2013-11-12', 'كرو', '2024-11-19 00:00:00', '2024-12-01 09:50:42', NULL, 'طبيعي', 1500.00, 0.00, 1500.00, 36, 17, 159, 0, 14),
(927, NULL, 'مريم اكار', 16, 'أنثى', '2000-12-31', 'انواكشوط', '2024-12-19 00:00:00', '2024-12-01 10:42:14', NULL, 'طبيعي', 1500.00, 300.00, 1200.00, 22, 17, 447, 0, 14),
(928, NULL, 'فاطمة القاسم', 0, 'أنثى', '2018-12-21', 'انواكشوط', '2024-11-19 00:00:00', '2024-12-01 10:58:28', NULL, 'طبيعي', 1000.00, 0.00, 1000.00, 23, 17, 315, 0, 12),
(929, NULL, 'مريم محمد فال', 45, 'أنثى', '2004-12-31', 'انواكشوط', '2024-11-19 00:00:00', '2024-12-01 13:15:08', NULL, 'طبيعي', 0.00, 0.00, 2000.00, 42, 17, 339, 0, 15),
(930, NULL, 'الشيخ محمد نافع', 4, 'ذكر', '2009-12-12', '', '2024-11-29 00:00:00', '2024-12-01 00:00:00', NULL, 'طبيعي', 1200.00, 400.00, 800.00, 31, 20, 153, 22001489, 13),
(931, NULL, 'عدود محمد سالم', 0, 'ذكر', '2015-12-12', '', '0000-00-00 00:00:00', '2024-12-01 13:45:02', NULL, 'طبيعي', 1200.00, 200.00, 1000.00, 33, 20, 193, 0, 13),
(932, NULL, 'إدومها الشيخ', 7, 'أنثى', '2008-12-31', 'انواكشوط', '2024-10-26 00:00:00', '2024-12-01 00:00:00', NULL, 'طبيعي', 1200.00, 200.00, 1000.00, 39, 17, 137, 36338736, 13),
(933, NULL, 'الداه الشيخ النعمة ', 0, 'ذكر', '2024-02-26', '', '2024-10-30 00:00:00', '2024-10-30 00:00:00', NULL, 'طبيعي', 1000.00, 0.00, 1000.00, 34, 21, 222, 42116355, 12),
(934, NULL, 'منى سيدي عبد الله ', 1, 'أنثى', '2011-12-01', 'نواكشوط', '2024-12-01 00:00:00', '2024-12-01 16:08:37', NULL, 'طبيعي', 1200.00, 0.00, 1200.00, 22, 17, 448, 0, 13),
(935, NULL, 'بيه سيدي عبد الله ', 8, 'أنثى', '2009-12-01', 'نواكشوط', '2024-12-01 00:00:00', '2024-12-01 16:09:39', NULL, 'طبيعي', 1200.00, 0.00, 1200.00, 20, 17, 448, 0, 13),
(936, NULL, 'فاطمة بنت سيدي', 0, 'أنثى', '2018-12-01', 'نواكشوط', '2024-11-30 00:00:00', '2024-12-01 16:41:54', NULL, 'طبيعي', 1000.00, 0.00, 1000.00, 23, 17, 449, 0, 12),
(937, NULL, 'إيمان يحي', 1, 'أنثى', '2018-12-01', 'نواكشوط', '2024-12-01 00:00:00', '2024-12-01 18:12:16', NULL, 'معفى', 0.00, 0.00, 0.00, 36, 17, 182, 0, 13),
(938, NULL, 'صدفي طالب أخيار ', 1, 'ذكر', '2018-12-31', '', '2024-11-25 00:00:00', '2024-12-02 09:12:22', NULL, 'طبيعي', 1000.00, 0.00, 1000.00, 38, 21, 451, 0, 13),
(939, NULL, 'محمد افاه ', 0, 'ذكر', '0000-00-00', '', '2024-12-26 00:00:00', '2024-12-02 09:17:30', NULL, 'طبيعي', 1000.00, 0.00, 1000.00, 38, 21, 406, 0, 12),
(940, NULL, 'فاطمة باه قدور', 0, 'أنثى', '2014-12-02', 'نواكشوط', '2024-11-30 00:00:00', '2024-12-02 16:11:10', NULL, 'طبيعي', 1000.00, 0.00, 1000.00, 23, 17, 452, 0, 12),
(941, NULL, 'يوسف أحمدو ', 4, 'ذكر', '2018-12-31', '', '2024-12-02 00:00:00', '2024-12-02 16:51:44', NULL, 'طبيعي', 1200.00, 0.00, 1200.00, 33, 20, 454, 0, 13),
(942, NULL, 'سيد عبدالله أحمدو ', 29, 'ذكر', '2013-12-31', '', '2024-12-02 00:00:00', '2024-12-02 16:53:38', NULL, 'طبيعي', 1500.00, 0.00, 1500.00, 43, 20, 454, 0, 14),
(943, NULL, 'عثمان الشيخ سيدي المختار ', 10, 'ذكر', '2015-12-31', '', '2024-11-28 00:00:00', '2024-11-28 00:00:00', NULL, 'طبيعي', 1000.00, 0.00, 1000.00, 31, 20, 455, 22278040, 13),
(944, NULL, 'عثمان محمد الأمين ', 7, 'ذكر', '2015-12-31', '', '2024-11-28 00:00:00', '2024-12-02 17:16:09', NULL, 'طبيعي', 1200.00, 0.00, 1200.00, 31, 20, 263, 0, 13),
(945, NULL, 'محمد الأمين أبنو', 15, 'ذكر', '2015-12-11', 'نواكشوط', '2024-11-01 00:00:00', '2024-12-02 00:00:00', NULL, 'طبيعي', 1200.00, 0.00, 1200.00, 28, 20, 456, 22448381, 13),
(946, NULL, 'محمد المصطفى الكتاب', 2, 'ذكر', '1996-12-02', '', '2024-11-01 00:00:00', '2024-12-02 00:00:00', NULL, 'طبيعي', 1000.00, 200.00, 800.00, 45, 22, NULL, 0, 20),
(947, NULL, 'اباه عبد الله', 0, 'ذكر', '2020-12-31', 'نواكشوط', '2024-11-30 00:00:00', '2024-12-03 00:00:00', NULL, 'طبيعي', 1000.00, 0.00, 1000.00, 37, 21, 457, 33346452, 12),
(948, NULL, 'صفية مولاي بارداس', 1, 'أنثى', '2021-01-21', '—', '2024-11-01 00:00:00', '2024-11-01 00:00:00', NULL, 'طبيعي', 1000.00, 200.00, 800.00, 44, 22, NULL, 0, 20),
(949, NULL, 'زينب محمد كابر ', 1, 'أنثى', '1998-05-21', '-', '2024-11-01 00:00:00', '2024-11-01 00:00:00', NULL, 'طبيعي', 1000.00, 200.00, 800.00, 44, 22, NULL, 0, 20),
(950, NULL, 'سميه اخليل', 1, 'أنثى', '1996-08-22', '—', '2024-11-01 00:00:00', '2024-11-01 00:00:00', NULL, 'طبيعي', 1000.00, 200.00, 800.00, 44, 22, NULL, 0, 20),
(951, NULL, 'زيري محمد فال ', 1, 'أنثى', '2017-04-10', '-', '2024-11-01 00:00:00', '2024-11-01 00:00:00', NULL, 'طبيعي', 1000.00, 200.00, 800.00, 44, 22, NULL, 0, 20),
(952, NULL, 'احمدو محمد فال ', 1, 'ذكر', '2017-04-10', '—', '2024-11-01 00:00:00', '2024-11-01 00:00:00', NULL, 'طبيعي', 1000.00, 200.00, 800.00, 45, 22, NULL, 0, 20),
(953, NULL, 'منت النبي التقي', 2, 'أنثى', '1997-06-07', '—', '2024-10-01 00:00:00', '2024-10-01 00:00:00', NULL, 'طبيعي', 1000.00, 200.00, 800.00, 44, 22, NULL, 0, 20),
(954, NULL, 'عاتنة سيدي', 1, 'أنثى', '1998-09-03', '—', '2024-11-01 00:00:00', '2024-11-01 00:00:00', NULL, 'طبيعي', 1000.00, 200.00, 800.00, 44, 22, NULL, 0, 20),
(955, NULL, 'رحمة ابراهيم', 0, 'أنثى', '1999-09-27', 'جيبوتي', '2024-11-01 00:00:00', '2024-11-01 00:00:00', NULL, 'طبيعي', 1000.00, 200.00, 800.00, 44, 22, NULL, 0, 20),
(956, NULL, 'امريم محمد حبيب', 2, 'أنثى', '2024-12-04', '—', '2024-11-01 00:00:00', '2024-11-01 00:00:00', NULL, 'طبيعي', 1000.00, 200.00, 800.00, 44, 22, NULL, 0, 20),
(957, NULL, 'فايزة محمد بده', 3, 'أنثى', '2005-04-15', '—', '2024-11-01 00:00:00', '2024-11-01 00:00:00', NULL, 'طبيعي', 1000.00, 200.00, 800.00, 44, 22, NULL, 0, 20),
(958, NULL, 'خديجة الكوري', 2, 'أنثى', '2024-12-03', '—', '2024-11-01 00:00:00', '2024-12-03 00:00:00', NULL, 'طبيعي', 1000.00, 200.00, 800.00, 44, 22, NULL, 0, 20),
(959, NULL, 'مام اسماعيل', 6, 'أنثى', '2024-12-03', '-', '2024-11-01 00:00:00', '2024-11-01 00:00:00', NULL, 'طبيعي', 1000.00, 200.00, 800.00, 44, 22, NULL, 0, 20),
(960, NULL, 'محجوبة محمد', 2, 'أنثى', '2001-12-03', '-', '2024-11-01 00:00:00', '2024-11-01 00:00:00', NULL, 'طبيعي', 1000.00, 200.00, 800.00, 44, 22, NULL, 0, 20),
(961, NULL, 'ميمونه سيد محمد', 2, 'أنثى', '2003-09-06', '-', '2024-11-01 00:00:00', '2024-11-01 00:00:00', NULL, 'طبيعي', 1000.00, 0.00, 1000.00, 44, 22, NULL, 0, 20),
(962, NULL, 'ميمونه مولاي', 2, 'أنثى', '2024-12-03', '', '2024-10-31 00:00:00', '2024-11-01 00:00:00', NULL, 'طبيعي', 1000.00, 200.00, 800.00, 44, 22, NULL, 0, 20),
(963, NULL, 'أحمد زيدان', 0, 'ذكر', '2015-12-31', 'نواكشوط', '2024-12-04 00:00:00', '2024-12-03 17:03:38', NULL, 'طبيعي', 1000.00, 0.00, 1000.00, 43, 20, 458, 0, 13),
(964, NULL, 'شهاب الدين ابوه ', 20, 'ذكر', '1988-12-31', '', '2024-11-30 00:00:00', '2024-12-03 17:32:16', NULL, 'طبيعي', 2000.00, 800.00, 1200.00, 25, 19, 459, 0, 15),
(965, NULL, 'السالك يب ', 11, 'ذكر', '2011-12-31', '', '2024-11-30 00:00:00', '2024-12-03 00:00:00', NULL, 'طبيعي', 1200.00, 0.00, 1200.00, 30, 20, 460, 32123579, 13),
(966, NULL, 'اشريف أحمد يب ', 13, 'ذكر', '2013-12-31', '', '2024-11-30 00:00:00', '2024-12-03 17:38:18', NULL, 'طبيعي', 1200.00, 0.00, 1200.00, 31, 20, 460, 0, 13),
(967, NULL, 'محفوظ يب ', 0, 'ذكر', '2016-12-31', '', '2024-11-26 00:00:00', '2024-12-03 00:00:00', NULL, 'طبيعي', 1000.00, 0.00, 1000.00, 38, 21, 460, 32123579, 12),
(968, NULL, 'شيماء محفوظ', 1, 'أنثى', '1995-12-03', 'نواكشوط', '2024-11-30 00:00:00', '2024-12-03 19:11:44', NULL, 'طبيعي', 1200.00, 200.00, 1000.00, 21, 17, 239, 0, 13),
(969, NULL, 'فاطمة محمد محمود', 1, 'أنثى', '1975-12-31', '—', '2024-10-01 00:00:00', '2024-12-04 09:08:16', NULL, 'طبيعي', 1000.00, 0.00, 1000.00, 44, 22, 0, 22115581, 20),
(970, NULL, 'محمد سيدي', 0, 'ذكر', '2019-09-30', 'نواكشوط', '2024-12-04 00:00:00', '2024-12-04 09:09:18', NULL, 'طبيعي', 1000.00, 0.00, 1000.00, 38, 21, 461, 0, 12),
(971, NULL, 'فُتيّ الفتي', 2, 'أنثى', '1997-05-17', '—', '2024-10-01 00:00:00', '2024-12-04 00:00:00', NULL, 'طبيعي', 1000.00, 200.00, 800.00, 44, 22, NULL, 0, 20),
(972, NULL, 'مريم محمد فال ', 11, 'أنثى', '2024-12-04', '—-', '2024-11-01 00:00:00', '2024-12-04 00:00:00', NULL, 'طبيعي', 1000.00, 200.00, 800.00, 44, 22, NULL, 0, 20),
(973, NULL, 'أم كلثوم سيد المختار', 7, 'أنثى', '2024-12-04', '—-', '2024-11-01 00:00:00', '2024-12-04 00:00:00', NULL, 'طبيعي', 1000.00, 200.00, 800.00, 44, 22, NULL, 0, 20),
(974, NULL, 'مريم الفاضل', 8, 'أنثى', '2024-12-04', '—', '2024-11-01 00:00:00', '2024-12-04 00:00:00', NULL, 'طبيعي', 1000.00, 200.00, 800.00, 44, 22, NULL, 0, 20),
(975, NULL, 'فاطمة محمدو فال ', 3, 'أنثى', '2000-12-04', '—', '2024-11-01 00:00:00', '2024-12-04 09:40:56', NULL, 'طبيعي', 1000.00, 200.00, 800.00, 44, 22, 0, 27844421, 20),
(976, NULL, 'آسية محمد سالم ', 3, 'أنثى', '2024-12-04', '—', '2024-11-01 00:00:00', '2024-12-04 09:42:56', NULL, 'طبيعي', 1000.00, 200.00, 800.00, 44, 22, 0, 41878737, 20),
(977, NULL, 'مريم اسلمو ابلال', 60, 'أنثى', '1988-12-31', 'كرو', '2024-11-01 00:00:00', '2024-12-04 09:50:58', NULL, 'طبيعي', 1000.00, 0.00, 1000.00, 44, 22, 0, 32010941, 20),
(978, NULL, 'بدرة الحضرامي ', 4, 'أنثى', '2008-12-04', '—', '2024-10-01 00:00:00', '2024-12-04 09:58:58', NULL, 'طبيعي', 1000.00, 200.00, 800.00, 44, 22, 0, 2147483647, 20),
(979, NULL, 'التبره محمد يسلم ', 10, 'أنثى', '2024-12-04', '-', '2024-11-01 00:00:00', '2024-12-04 10:04:08', NULL, 'طبيعي', 1000.00, 500.00, 500.00, 44, 22, 0, 20205484, 20),
(980, NULL, 'خديجة محمد محمود ', 6, 'أنثى', '2024-12-04', '-', '2024-11-01 00:00:00', '2024-12-04 10:05:31', NULL, 'طبيعي', 1000.00, 500.00, 500.00, 44, 22, 0, 43101011, 20),
(981, NULL, 'بداه محمدن الفتى', 60, 'ذكر', NULL, '', '2024-12-04 00:00:00', '2024-12-04 10:06:51', NULL, 'طبيعي', 4500.00, 1000.00, 3500.00, 24, 19, 463, 0, 18),
(982, NULL, 'خديجة محمد عبد الله', 7, 'أنثى', '2024-12-04', '—', '2024-11-04 00:00:00', '2024-12-04 10:08:23', NULL, 'طبيعي', 1000.00, 500.00, 500.00, 44, 22, 0, 38202458, 20),
(983, NULL, 'خديجة محمد عبد الله ', 7, 'أنثى', '2024-12-04', '—', '2024-11-01 00:00:00', '2024-12-04 10:10:27', NULL, 'طبيعي', 1000.00, 500.00, 500.00, 44, 22, 0, 38202458, 20),
(984, NULL, 'جديلة محمد محمود ', 4, 'أنثى', '2024-12-04', '-', '2024-10-01 00:00:00', '2024-12-04 00:00:00', NULL, 'طبيعي', 1000.00, 500.00, 500.00, 44, 22, NULL, 0, 20),
(986, NULL, 'العربية اسلموا', 7, 'أنثى', '2024-12-04', '—', '2024-11-01 00:00:00', '2024-12-04 12:01:53', NULL, 'طبيعي', 1000.00, 500.00, 500.00, 44, 22, 0, 36192324, 20),
(987, NULL, 'عائشة المصطفى', 16, 'أنثى', '2024-12-04', '', '2024-11-01 00:00:00', '2024-12-04 12:04:20', NULL, 'طبيعي', 1000.00, 500.00, 500.00, 44, 22, 0, 31309126, 20),
(988, NULL, 'زينب المصطفى', 9, 'أنثى', '2024-12-04', '—', '2024-11-01 00:00:00', '2024-12-04 12:05:58', NULL, 'طبيعي', 1000.00, 500.00, 500.00, 44, 22, 0, 30595955, 20),
(989, NULL, 'فايزة محمد محمود ', 7, 'أنثى', '2024-12-04', '-', '2024-11-01 00:00:00', '2024-12-04 12:08:14', NULL, 'طبيعي', 1000.00, 500.00, 500.00, 44, 22, 0, 22040414, 20),
(990, NULL, 'مرادي محمد خالد ', 4, 'أنثى', '2024-12-04', '—', '2024-11-01 00:00:00', '2024-12-04 12:09:54', NULL, 'طبيعي', 1000.00, 500.00, 500.00, 44, 22, 0, 26685959, 20),
(991, NULL, 'مريم عبد الله ', 25, 'أنثى', '2024-12-04', '—', '2024-11-01 00:00:00', '2024-12-04 12:11:11', NULL, 'طبيعي', 1000.00, 500.00, 500.00, 44, 22, 0, 37343905, 20),
(992, NULL, 'مريم بنت محمد الحسن', 25, 'أنثى', '1960-12-04', 'نواكشوط', '2024-11-30 00:00:00', '2024-12-04 12:30:06', NULL, 'طبيعي', 1500.00, 500.00, 1000.00, 20, 17, 0, 22852635, 14),
(993, NULL, 'أمامه محمد ديدي ', 0, 'أنثى', '2004-07-07', '—', '2024-11-01 00:00:00', '2024-12-04 20:17:13', NULL, 'طبيعي', 1000.00, 200.00, 800.00, 44, 22, 0, 44565036, 20),
(994, NULL, 'خديخة خيري', 0, 'أنثى', '2016-12-31', 'النعمة', '2024-11-30 00:00:00', '2024-12-07 00:00:00', NULL, 'طبيعي', 1000.00, 0.00, 1000.00, 23, 17, 464, 47076357, 12),
(995, NULL, 'آمنة سيدي محمد ', 36, 'أنثى', '2009-12-07', 'نواكشوط', '2024-11-30 00:00:00', '2024-12-07 16:09:19', NULL, 'طبيعي', 1500.00, 600.00, 900.00, 41, 17, 425, 0, 14),
(996, NULL, 'الشيخ بان محمد عبد الله ', 0, 'ذكر', '2019-12-13', '', '2024-11-26 00:00:00', '2024-12-07 00:00:00', NULL, 'طبيعي', 1000.00, 0.00, 1000.00, 34, 21, 465, 41166246, 12),
(997, NULL, 'فاطمة محمد', 11, 'أنثى', '1987-12-31', 'انواكشوط', '2024-10-30 00:00:00', '2024-10-30 00:00:00', NULL, 'طبيعي', 1500.00, 500.00, 1000.00, 42, 17, 248, 36464747, 14),
(998, NULL, 'زينب عبد القادر ', 25, 'أنثى', '2007-12-08', 'نواكشوط', '2024-12-01 00:00:00', '2024-12-08 00:00:00', NULL, 'طبيعي', 1500.00, 300.00, 1200.00, 20, 17, 466, 22040108, 14),
(999, NULL, 'رقية عبد القادر ', 33, 'أنثى', '2011-05-08', 'نواكشوط', '2024-12-01 00:00:00', '2024-12-08 00:00:00', NULL, 'طبيعي', 1500.00, 300.00, 1200.00, 21, 17, 466, 22040108, 14),
(1000, NULL, 'النعمة سيدي محمد عبد الله', 0, 'ذكر', '2019-01-01', 'عرفات', '2024-12-09 00:00:00', '2024-12-09 08:46:57', NULL, 'طبيعي', 1000.00, 0.00, 1000.00, 35, 21, 467, 0, 12),
(1001, NULL, 'ليلى سيد محمد ', 0, 'أنثى', '1996-06-05', 'المطار القديم', '2024-12-10 00:00:00', '2024-12-10 20:47:16', NULL, 'طبيعي', 1000.00, 200.00, 800.00, 44, 22, 0, 41393801, 20);

-- --------------------------------------------------------

--
-- Structure de la table `student_activities`
--

CREATE TABLE `student_activities` (
  `id` int(11) NOT NULL,
  `student_id` int(11) DEFAULT NULL,
  `activity_id` int(11) DEFAULT NULL,
  `subscription_date` date DEFAULT NULL
) ENGINE=InnoDB DEFAULT CHARSET=utf8mb4 COLLATE=utf8mb4_general_ci;

-- --------------------------------------------------------

--
-- Structure de la table `student_performance`
--

CREATE TABLE `student_performance` (
  `id` int(11) NOT NULL,
  `student_id` int(11) NOT NULL,
  `month_1_income` varchar(255) DEFAULT '0',
  `month_1_absence` varchar(255) DEFAULT '0',
  `month_2_income` varchar(255) DEFAULT '0',
  `month_2_absence` varchar(255) DEFAULT '0',
  `month_3_income` varchar(255) DEFAULT '0',
  `month_3_absence` varchar(255) DEFAULT '0',
  `total_income` varchar(255) DEFAULT '0',
  `total_absence` varchar(255) DEFAULT '0',
  `total_groups` varchar(255) DEFAULT '0',
  `extra` varchar(255) DEFAULT '0',
  `quarter` varchar(250) NOT NULL,
  `notes` text DEFAULT NULL,
  `created_at` timestamp NOT NULL DEFAULT current_timestamp(),
  `updated_at` timestamp NOT NULL DEFAULT current_timestamp() ON UPDATE current_timestamp()
) ENGINE=InnoDB DEFAULT CHARSET=utf8mb4 COLLATE=utf8mb4_general_ci;

--
-- Déchargement des données de la table `student_performance`
--

INSERT INTO `student_performance` (`id`, `student_id`, `month_1_income`, `month_1_absence`, `month_2_income`, `month_2_absence`, `month_3_income`, `month_3_absence`, `total_income`, `total_absence`, `total_groups`, `extra`, `quarter`, `notes`, `created_at`, `updated_at`) VALUES
(813, 154, '', '', '', '', '', '', '', '', '', '', 'الفصل الأول', '', '2024-12-03 17:29:30', '2024-12-03 18:19:01'),
(814, 310, '', '', '', '', '', '', '', '', '', '', 'الفصل الأول', '', '2024-12-03 17:29:30', '2024-12-03 17:29:30'),
(815, 322, '', '', '', '', '', '', '', '', '', '', 'الفصل الأول', '', '2024-12-03 17:29:30', '2024-12-03 17:29:30'),
(816, 516, '', '', '', '', '', '', '', '', '', '', 'الفصل الأول', '', '2024-12-03 17:29:30', '2024-12-03 17:29:30'),
(817, 517, '', '', '', '', '', '', '', '', '', '', 'الفصل الأول', '', '2024-12-03 17:29:30', '2024-12-03 17:29:30'),
(818, 520, '', '', '', '', '', '', '', '', '', '', 'الفصل الأول', '', '2024-12-03 17:29:30', '2024-12-03 17:29:30'),
(819, 522, '', '', '', '', '', '', '', '', '', '', 'الفصل الأول', '', '2024-12-03 17:29:30', '2024-12-03 17:29:30'),
(820, 523, '', '', '', '', '', '', '', '', '', '', 'الفصل الأول', '', '2024-12-03 17:29:30', '2024-12-03 17:29:30'),
(821, 525, '', '', '', '', '', '', '', '', '', '', 'الفصل الأول', '', '2024-12-03 17:29:30', '2024-12-03 17:29:30'),
(822, 526, '', '', '', '', '', '', '', '', '', '', 'الفصل الأول', '', '2024-12-03 17:29:30', '2024-12-03 17:29:30'),
(823, 528, '', '', '', '', '', '', '', '', '', '', 'الفصل الأول', '', '2024-12-03 17:29:30', '2024-12-03 17:29:30'),
(825, 533, '', '', '', '', '', '', '', '', '', '', 'الفصل الأول', '', '2024-12-03 17:29:30', '2024-12-03 17:29:30'),
(826, 541, '', '', '', '', '', '', '', '', '', '', 'الفصل الأول', '', '2024-12-03 17:29:30', '2024-12-03 17:29:30'),
(827, 542, '', '', '', '', '', '', '', '', '', '', 'الفصل الأول', '', '2024-12-03 17:29:30', '2024-12-03 17:29:30'),
(828, 544, '', '', '', '', '', '', '', '', '', '', 'الفصل الأول', '', '2024-12-03 17:29:30', '2024-12-03 17:29:30'),
(830, 548, '', '', '', '', '', '', '', '', '', '', 'الفصل الأول', '', '2024-12-03 17:29:30', '2024-12-03 17:29:30'),
(831, 553, '', '', '', '', '', '', '', '', '', '', 'الفصل الأول', '', '2024-12-03 17:29:30', '2024-12-03 17:29:30'),
(832, 556, '', '', '', '', '', '', '', '', '', '', 'الفصل الأول', '', '2024-12-03 17:29:30', '2024-12-03 17:29:30'),
(833, 557, '', '', '', '', '', '', '', '', '', '', 'الفصل الأول', '', '2024-12-03 17:29:30', '2024-12-03 17:29:30'),
(834, 558, '', '', '', '', '', '', '', '', '', '', 'الفصل الأول', '', '2024-12-03 17:29:30', '2024-12-03 17:29:30'),
(835, 562, '', '', '', '', '', '', '', '', '', '', 'الفصل الأول', '', '2024-12-03 17:29:30', '2024-12-03 17:29:30'),
(836, 569, '', '', '', '', '', '', '', '', '', '', 'الفصل الأول', '', '2024-12-03 17:29:30', '2024-12-03 17:29:30'),
(837, 573, '', '', '', '', '', '', '', '', '', '', 'الفصل الأول', '', '2024-12-03 17:29:30', '2024-12-03 17:29:30'),
(839, 907, '', '', '', '', '', '', '', '', '', '', 'الفصل الأول', '', '2024-12-03 17:29:30', '2024-12-03 17:29:30'),
(840, 908, '', '', '', '', '', '', '', '', '', '', 'الفصل الأول', '', '2024-12-03 17:29:30', '2024-12-03 17:29:30'),
(841, 925, '', '', '', '', '', '', '', '', '', '', 'الفصل الأول', '', '2024-12-03 17:29:30', '2024-12-03 17:29:30'),
(929, 386, '', '', '', '', '', '', '', '', '', '', 'الفصل الأول', '', '2024-12-07 12:32:31', '2024-12-07 16:25:00'),
(930, 387, '', '', '', '', '', '', '', '', '', '', 'الفصل الأول', '', '2024-12-07 12:32:31', '2024-12-07 12:32:31'),
(931, 390, '', '', '', '', '', '', '', '', '', '', 'الفصل الأول', '', '2024-12-07 12:32:31', '2024-12-07 12:32:31'),
(932, 393, '', '', '', '', '', '', '', '', '', '', 'الفصل الأول', '', '2024-12-07 12:32:31', '2024-12-07 12:32:31'),
(933, 394, '', '', '', '', '', '', '', '', '', '', 'الفصل الأول', '', '2024-12-07 12:32:31', '2024-12-07 12:32:31'),
(934, 397, '', '', '', '', '', '', '', '', '', '', 'الفصل الأول', '', '2024-12-07 12:32:31', '2024-12-07 12:32:31'),
(935, 403, '', '', '', '', '', '', '', '', '', '', 'الفصل الأول', '', '2024-12-07 12:32:31', '2024-12-07 12:32:31'),
(936, 407, '', '', '', '', '', '', '', '', '', '', 'الفصل الأول', '', '2024-12-07 12:32:31', '2024-12-07 12:32:31'),
(937, 410, '', '', '', '', '', '', '', '', '', '', 'الفصل الأول', '', '2024-12-07 12:32:31', '2024-12-07 12:32:31'),
(938, 414, '', '', '', '', '', '', '', '', '', '', 'الفصل الأول', '', '2024-12-07 12:32:31', '2024-12-07 12:32:31'),
(939, 415, '', '', '', '', '', '', '', '', '', '', 'الفصل الأول', '', '2024-12-07 12:32:31', '2024-12-07 12:32:31'),
(940, 416, '', '', '', '', '', '', '', '', '', '', 'الفصل الأول', '', '2024-12-07 12:32:31', '2024-12-07 12:32:31'),
(941, 417, '', '', '', '', '', '', '', '', '', '', 'الفصل الأول', '', '2024-12-07 12:32:31', '2024-12-07 12:32:31'),
(942, 418, '', '', '', '', '', '', '', '', '', '', 'الفصل الأول', '', '2024-12-07 12:32:31', '2024-12-07 12:32:31'),
(943, 420, '', '', '', '', '', '', '', '', '', '', 'الفصل الأول', '', '2024-12-07 12:32:31', '2024-12-07 12:32:31'),
(944, 421, '', '', '', '', '', '', '', '', '', '', 'الفصل الأول', '', '2024-12-07 12:32:31', '2024-12-07 12:32:31'),
(945, 422, '', '', '', '', '', '', '', '', '', '', 'الفصل الأول', '', '2024-12-07 12:32:31', '2024-12-07 12:32:31'),
(946, 423, '', '', '', '', '', '', '', '', '', '', 'الفصل الأول', '', '2024-12-07 12:32:31', '2024-12-07 12:32:31'),
(947, 424, '', '', '', '', '', '', '', '', '', '', 'الفصل الأول', '', '2024-12-07 12:32:31', '2024-12-07 12:32:31'),
(948, 425, '', '', '', '', '', '', '', '', '', '', 'الفصل الأول', '', '2024-12-07 12:32:31', '2024-12-07 12:32:31'),
(949, 427, '', '', '', '', '', '', '', '', '', '', 'الفصل الأول', '', '2024-12-07 12:32:31', '2024-12-07 12:32:31'),
(950, 428, '', '', '', '', '', '', '', '', '', '', 'الفصل الأول', '', '2024-12-07 12:32:31', '2024-12-07 12:32:31'),
(951, 430, '', '', '', '', '', '', '', '', '', '', 'الفصل الأول', '', '2024-12-07 12:32:31', '2024-12-07 12:32:31'),
(952, 431, '', '', '', '', '', '', '', '', '', '', 'الفصل الأول', '', '2024-12-07 12:32:31', '2024-12-07 12:32:31'),
(953, 432, '', '', '', '', '', '', '', '', '', '', 'الفصل الأول', '', '2024-12-07 12:32:31', '2024-12-07 12:32:31'),
(954, 434, '', '', '', '', '', '', '', '', '', '', 'الفصل الأول', '', '2024-12-07 12:32:31', '2024-12-07 12:32:31'),
(955, 435, '', '', '', '', '', '', '', '', '', '', 'الفصل الأول', '', '2024-12-07 12:32:31', '2024-12-07 12:32:31'),
(956, 935, '', '', '', '', '', '', '', '', '', '', 'الفصل الأول', '', '2024-12-07 12:32:31', '2024-12-07 12:32:31'),
(957, 992, '', '', '', '', '', '', '', '', '', '', 'الفصل الأول', '', '2024-12-07 12:32:31', '2024-12-07 12:32:31'),
(958, 285, 'حزب', '', '', '', '', '', '', '', '', '', 'الفصل الأول', '', '2024-12-07 12:37:56', '2024-12-07 12:37:56'),
(959, 292, '', '', '', '', '', '', '', '', '', '', 'الفصل الأول', '', '2024-12-07 12:37:56', '2024-12-07 12:37:56'),
(961, 303, '', '', '', '', '', '', '', '', '', '', 'الفصل الأول', '', '2024-12-07 12:37:56', '2024-12-07 12:37:56'),
(962, 326, '', '', '', '', '', '', '', '', '', '', 'الفصل الأول', '', '2024-12-07 12:37:56', '2024-12-07 12:37:56'),
(963, 336, '', '', '', '', '', '', '', '', '', '', 'الفصل الأول', '', '2024-12-07 12:37:56', '2024-12-07 12:37:56'),
(964, 340, '', '', '', '', '', '', '', '', '', '', 'الفصل الأول', '', '2024-12-07 12:37:56', '2024-12-07 12:37:56'),
(965, 343, '', '', '', '', '', '', '', '', '', '', 'الفصل الأول', '', '2024-12-07 12:37:56', '2024-12-07 12:37:56'),
(966, 352, '', '', '', '', '', '', '', '', '', '', 'الفصل الأول', '', '2024-12-07 12:37:56', '2024-12-07 12:37:56'),
(967, 356, '', '', '', '', '', '', '', '', '', '', 'الفصل الأول', '', '2024-12-07 12:37:56', '2024-12-07 12:37:56'),
(968, 365, '', '', '', '', '', '', '', '', '', '', 'الفصل الأول', '', '2024-12-07 12:37:56', '2024-12-07 12:37:56'),
(969, 369, '', '', '', '', '', '', '', '', '', '', 'الفصل الأول', '', '2024-12-07 12:37:56', '2024-12-07 12:37:56'),
(970, 373, '', '', '', '', '', '', '', '', '', '', 'الفصل الأول', '', '2024-12-07 12:37:56', '2024-12-07 12:37:56'),
(971, 378, '', '', '', '', '', '', '', '', '', '', 'الفصل الأول', '', '2024-12-07 12:37:56', '2024-12-07 12:37:56'),
(972, 382, '', '', '', '', '', '', '', '', '', '', 'الفصل الأول', '', '2024-12-07 12:37:56', '2024-12-07 12:37:56'),
(973, 385, '', '', '', '', '', '', '', '', '', '', 'الفصل الأول', '', '2024-12-07 12:37:56', '2024-12-07 12:37:56'),
(974, 389, '', '', '', '', '', '', '', '', '', '', 'الفصل الأول', '', '2024-12-07 12:37:56', '2024-12-07 12:37:56'),
(975, 392, '', '', '', '', '', '', '', '', '', '', 'الفصل الأول', '', '2024-12-07 12:37:56', '2024-12-07 12:37:56'),
(976, 396, '', '', '', '', '', '', '', '', '', '', 'الفصل الأول', '', '2024-12-07 12:37:56', '2024-12-07 12:37:56'),
(977, 399, '', '', '', '', '', '', '', '', '', '', 'الفصل الأول', '', '2024-12-07 12:37:56', '2024-12-07 12:37:56'),
(978, 404, '', '', '', '', '', '', '', '', '', '', 'الفصل الأول', '', '2024-12-07 12:37:56', '2024-12-07 12:37:56'),
(979, 409, '', '', '', '', '', '', '', '', '', '', 'الفصل الأول', '', '2024-12-07 12:37:56', '2024-12-07 12:37:56'),
(980, 419, '', '', '', '', '', '', '', '', '', '', 'الفصل الأول', '', '2024-12-07 12:37:56', '2024-12-07 12:37:56'),
(981, 929, '', '', '', '', '', '', '', '', '', '', 'الفصل الأول', '', '2024-12-07 12:37:56', '2024-12-07 12:37:56');

-- --------------------------------------------------------

--
-- Structure de la table `suspended_employees`
--

CREATE TABLE `suspended_employees` (
  `suspension_id` int(11) NOT NULL,
  `employee_number` varchar(50) NOT NULL,
  `full_name` varchar(255) NOT NULL,
  `balance` decimal(10,2) NOT NULL,
  `phone` varchar(20) NOT NULL,
  `job_id` int(11) NOT NULL,
  `salary` decimal(10,2) NOT NULL,
  `subscription_date` date NOT NULL,
  `id_number` varchar(20) NOT NULL,
  `suspension_date` date NOT NULL,
  `suspension_reason` text DEFAULT NULL
) ENGINE=InnoDB DEFAULT CHARSET=utf8mb4 COLLATE=utf8mb4_general_ci;

--
-- Déchargement des données de la table `suspended_employees`
--

INSERT INTO `suspended_employees` (`suspension_id`, `employee_number`, `full_name`, `balance`, `phone`, `job_id`, `salary`, `subscription_date`, `id_number`, `suspension_date`, `suspension_reason`) VALUES
(2, '4259', 'القطب ولد الامام', 1290.32, '41513812', 3, 10000.00, '2024-12-04', '0000000000', '2024-12-04', 'سلوك');

-- --------------------------------------------------------

--
-- Structure de la table `suspended_students`
--

CREATE TABLE `suspended_students` (
  `suspended_id` int(11) NOT NULL,
  `student_id` int(11) NOT NULL,
  `student_name` varchar(255) DEFAULT NULL,
  `gender` varchar(50) DEFAULT NULL,
  `phone` varchar(20) DEFAULT NULL,
  `class_name` varchar(255) DEFAULT NULL,
  `branch_name` varchar(255) DEFAULT NULL,
  `agent_name` varchar(255) DEFAULT NULL,
  `agent_phone` varchar(20) DEFAULT NULL,
  `level_name` varchar(255) DEFAULT NULL,
  `suspension_reason` text DEFAULT NULL,
  `suspension_date` timestamp NOT NULL DEFAULT current_timestamp(),
  `reg_date` datetime DEFAULT NULL,
  `part_count` int(11) NOT NULL,
  `payment_nature` varchar(100) NOT NULL,
  `fees` decimal(10,2) DEFAULT NULL,
  `discount` decimal(10,2) DEFAULT NULL,
  `remaining` decimal(10,2) DEFAULT NULL
) ENGINE=InnoDB DEFAULT CHARSET=utf8mb4 COLLATE=utf8mb4_general_ci;

--
-- Déchargement des données de la table `suspended_students`
--

INSERT INTO `suspended_students` (`suspended_id`, `student_id`, `student_name`, `gender`, `phone`, `class_name`, `branch_name`, `agent_name`, `agent_phone`, `level_name`, `suspension_reason`, `suspension_date`, `reg_date`, `part_count`, `payment_nature`, `fees`, `discount`, `remaining`) VALUES
(11, 697, 'الحسن عبدي', 'ذكر', '0', 'بدر الدجى', 'التهجي', NULL, NULL, 'من 1 حتى  10 أحزاب', 'غلط في التسجيل', '2024-11-20 10:03:39', '2024-11-20 09:54:41', 1, 'طبيعي', 1200.00, 0.00, 1200.00),
(12, 676, 'بداه سيدي محمد', 'ذكر', '0', 'الفتح المبين', 'البنين', 'فاطمة محمد عبد الله', '36244871', 'من10 إلى 30 حزبا', 'تكرر الاسم', '2024-11-20 10:13:15', '2024-11-20 09:21:57', 30, 'طبيعي', 1500.00, 300.00, 1200.00),
(13, 841, 'فتيحة', 'أنثى', '23445566', 'حلقة البنات -1', 'مقرأة المنارة والرباط للتعليم عن بعد ', NULL, NULL, 'مقرأة المنارة والرباط للتعليم عن بعد ', 'تواصلنا في المقرأة ولم ترد', '2024-11-21 04:54:19', '2024-11-21 04:33:15', 4, 'طبيعي', 1000.00, 200.00, 1000.00),
(14, 266, 'الحسن السلطان ', 'ذكر', '0', 'السفرة', 'المركزي', 'عائشة محمد فال ', '20377277', 'من10 إلى 30 حزبا', 'خرج ويخضر لمسابقة', '2024-11-21 05:40:42', '2024-11-18 20:20:57', 13, 'طبيعي', 1200.00, 0.00, 1200.00),
(15, 199, 'الحسن وجاه', 'ذكر', '0', 'صدى القراء', 'البنين', 'فاطمة أبى المعالي', '48701030', 'من 1 حتى  10 أحزاب', 'خرج/ بسب السوائع', '2024-11-25 17:54:26', '2024-11-18 18:34:50', 2, 'طبيعي', 0.00, 0.00, 1200.00),
(16, 290, 'حسينة ابراهيم', 'أنثى', '49668162', 'نساء على الدرب', 'فرع البنات', 'زينب يعقوب', '49375958', 'من 1 حتى  10 أحزاب', 'عدم المواصله في الدراسة', '2024-11-27 12:10:53', '2024-11-19 09:47:55', 1, 'طبيعي', 0.00, 0.00, 1200.00),
(17, 440, 'عائشة المجتبى', 'أنثى', '22413569', 'نساء متميزات', 'فرع البنات', 'آمنة المصطفى', '22413569', 'من10 إلى 30 حزبا', 'تعذر إيجاد وسيلة للنقل من الترحيل', '2024-11-27 16:03:57', '2024-11-19 13:22:52', 15, 'طبيعي', 1500.00, 300.00, 1200.00),
(18, 388, 'عزيزة البكاي', 'أنثى', '0', 'تيجان النور', 'فرع البنات', 'موني محمد ', '22641416', 'من 1 حتى  10 أحزاب', 'تعذر الحضور أوقات الدوام', '2024-12-01 07:31:39', '2024-11-19 11:52:07', 6, 'طبيعي', 1200.00, 0.00, 1200.00),
(19, 309, 'فاطمة بدو', 'أنثى', '49059896', 'نساء على الدرب', 'فرع البنات', 'محمد نافع محمد عبد الله', '36121273', 'من 1 حتى  10 أحزاب', 'تعذر الحضور أوقات الدوام', '2024-12-01 08:07:38', '2024-11-19 10:27:09', 4, 'طبيعي', 0.00, 0.00, 1200.00),
(20, 315, 'أمنة عبد الرحمن', 'أنثى', '0', 'نساء على الدرب', 'فرع البنات', 'آمنة عبد الرحمن ', '37220200', 'من 30 إلى 60 حزبا', 'تعذر الحضور أوقات الدوام', '2024-12-01 08:11:05', '2024-11-19 10:35:56', 60, 'طبيعي', 2000.00, 800.00, 1200.00),
(21, 906, 'فال احمتو', 'أنثى', '0', 'نساء على الدرب', 'فرع البنات', 'فال احمتو', '22462606', 'من 1 حتى  10 أحزاب', 'تسجيل مكرر', '2024-12-01 08:14:38', '2024-11-27 21:34:12', 1, 'طبيعي', 1200.00, 200.00, 1000.00),
(22, 549, 'وردة بابو', 'أنثى', '0', 'حفيدات عائشة', 'فرع البنات', 'ابراهيم ', '33460645', 'من 1 حتى  10 أحزاب', 'عدم الانضباط', '2024-12-01 10:37:17', '2024-11-19 17:59:49', 10, 'طبيعي', 1200.00, 0.00, 1200.00),
(23, 444, 'خديجة داداه ', 'أنثى', '0', 'العفاف', 'فرع البنات', 'لمات بنت محمذن فال', '33336806', 'من 1 حتى  10 أحزاب', 'لاتوجد', '2024-12-01 11:35:45', '2024-11-19 13:41:47', 10, 'طبيعي', 1200.00, 0.00, 1200.00),
(24, 866, 'البكاي الدد', 'ذكر', '22131358', 'المتميزون', 'البنين', 'محمد الدد', '22131358', 'من 1 حتى  10 أحزاب', 'سحبته أمه', '2024-12-01 12:47:46', '2024-11-23 08:51:47', 0, 'طبيعي', 1200.00, 200.00, 1000.00),
(25, 321, 'المصطفى محمد ', 'ذكر', '0', 'صدى القراء', 'البنين', 'آمنة', '27282126', 'من 1 حتى  10 أحزاب', 'لا يعرفونه واستفسرت الادارة عنه ولا علم لهم به', '2024-12-01 12:55:15', '2024-11-19 10:39:20', 0, 'طبيعي', 1000.00, 0.00, 1000.00),
(26, 496, 'عثمان دحمان', 'ذكر', '0', 'تاج الوقار', 'البنين', 'باسمة محمد الامين', '44020056', 'من 1 حتى  10 أحزاب', 'لا يعرفونه واستفسرت الادارة عنه ولا علم لهم به', '2024-12-01 12:56:29', '2024-11-19 16:28:33', 0, 'طبيعي', 0.00, 0.00, 1200.00),
(27, 513, 'ياسر الكيحل', 'أنثى', '0', 'نساء الأقصى', 'فرع البنات', NULL, NULL, 'من 1 حتى  10 أحزاب', 'تعذر الحضور أوقات الدوام', '2024-12-01 13:17:30', '2024-11-19 16:48:20', 1, 'طبيعي', 1200.00, 0.00, 1200.00),
(28, 547, 'توت الشيخ الخليل', 'أنثى', '0', 'نساء الأقصى', 'فرع البنات', 'عيشة الجيد', '26250503', 'من 1 حتى  10 أحزاب', 'عدم الحضور', '2024-12-01 13:18:10', '2024-11-19 17:55:59', 2, 'طبيعي', 1200.00, 200.00, 1000.00),
(29, 726, 'عبد الله محمد الحسن', 'ذكر', '0', 'السنوار', 'البنين', 'محمد الحسن محمد', '22731314', 'من 1 حتى  10 أحزاب', 'الله تعالى أعلم', '2024-12-01 13:30:43', '2024-10-01 10:43:58', 0, 'طبيعي', 1200.00, 0.00, 1200.00),
(30, 729, 'سعيد محمد البخاري', 'ذكر', '0', 'السنوار', 'البنين', 'محمد البخاري', '46097414', 'من 1 حتى  10 أحزاب', 'عدم استفادة وتخريب على الطلاب', '2024-12-01 13:31:16', '2024-11-20 10:51:52', 6, 'طبيعي', 1200.00, 200.00, 1000.00),
(31, 606, 'عبد الله أحمدو', 'ذكر', '0', 'الفتح المبين', 'البنين', 'زينب محمد', '46586117', 'من10 إلى 30 حزبا', 'خرج', '2024-12-01 13:38:58', '2024-11-19 19:47:41', 18, 'طبيعي', 1500.00, 0.00, 1500.00),
(32, 675, 'محمد محمود أحمدون', 'ذكر', '0', 'الفتح المبين', 'البنين', 'عائشة أحمدو الحسن', '47677464', 'من 1 حتى  10 أحزاب', 'سوء تفاهم', '2024-12-01 13:39:24', '2024-11-20 09:19:39', 0, 'طبيعي', 1200.00, 200.00, 1000.00),
(33, 799, 'فاطمة البكاي ', 'أنثى', '0', 'خير الخلق', 'التهجي', 'موني محمد ', '22641416', 'التهجي', '.', '2024-12-01 13:47:44', '2024-11-20 23:03:47', 0, 'طبيعي', 1000.00, 0.00, 1000.00),
(34, 791, 'سهلة اطول عمر ', 'ذكر', '0', 'خير الخلق', 'التهجي', 'اطول عمر أب ', '22279600', 'التهجي', '.', '2024-12-01 13:48:05', '2024-11-20 22:52:14', 0, 'طبيعي', 1000.00, 0.00, 1000.00),
(35, 792, 'أحمدو محفوظ ', 'ذكر', '0', 'خير الخلق', 'التهجي', 'محفوظ سيد محمد', '22030300', 'التهجي', '.', '2024-12-01 13:48:21', '2024-11-20 22:53:35', 0, 'طبيعي', 1000.00, 0.00, 1000.00),
(36, 426, 'عائشة أحمدو محمد الخليفة ', 'أنثى', '0', 'نساء متميزات', 'فرع البنات', 'اسحاق خطاري ', '26989004', 'من 1 حتى  10 أحزاب', 'عدم الحضور', '2024-12-01 14:04:47', '2024-11-19 12:58:46', 0, 'طبيعي', 1200.00, 0.00, 1200.00),
(37, 597, 'فاطمة محمدو فال', 'أنثى', '0', 'قارئات ماهرات', 'فرع البنات', 'امحمد امباله', '26056959', 'من10 إلى 30 حزبا', 'لاتوجد', '2024-12-01 14:09:14', '2024-11-19 19:34:33', 10, 'طبيعي', 1500.00, 0.00, 1500.00),
(38, 367, 'بداه أبو الفضل ', 'ذكر', '0', 'النخبة', 'مقر الوقف', 'أحمدو أبو الفضل ', '46259566', 'من10 إلى 30 حزبا', 'دراسة أخرى', '2024-12-01 14:12:56', '2024-11-19 11:36:02', 30, 'طبيعي', 1500.00, 300.00, 1200.00),
(39, 770, 'ليلى حمادي ', 'أنثى', '0', 'فتيات رائدات', 'التهجي', 'نفيسة يد', '22093642', 'من 1 حتى  10 أحزاب', 'فقر  الدم', '2024-12-01 14:14:45', '2024-11-20 12:53:15', 1, 'طبيعي', 1200.00, 200.00, 1000.00),
(40, 262, 'الولي السالك ', 'ذكر', '0', 'قراء الغد', 'مقر الوقف', 'السالك امبارك', '20203277', 'التهجي', 'البعد من المحظرة', '2024-12-01 14:22:55', '2024-11-18 20:03:38', 0, 'طبيعي', 1000.00, 0.00, 1000.00),
(41, 253, 'الطيب أمد', 'ذكر', '0', 'قراء الغد', 'مقر الوقف', 'السالك أمد', '36696991', 'التهجي', 'الصغر', '2024-12-01 14:23:32', '2024-11-18 19:47:44', 0, 'طبيعي', 1000.00, 0.00, 1000.00),
(42, 815, 'صفية عبد الكريم ', 'أنثى', '0', 'النجباء', 'التهجي', 'خديجة الكوري ', '42323330', 'التهجي', '.', '2024-12-01 14:35:10', '2024-11-21 00:59:44', 1, 'طبيعي', 1000.00, 0.00, 1000.00),
(43, 821, 'محمد ابراهيم ', 'ذكر', '0', 'النجباء', 'التهجي', '38177617', '38177617', 'التهجي', '.', '2024-12-01 14:35:32', '2024-11-21 01:08:05', 1, 'طبيعي', 1000.00, 0.00, 1000.00),
(44, 328, 'منى مولاي', 'أنثى', '22747722', 'نساء على الدرب', 'فرع البنات', 'أحمد حمود', '38232425', 'من 1 حتى  10 أحزاب', 'ظروف خاصة', '2024-12-01 14:50:49', '2024-11-19 10:50:42', 6, 'طبيعي', 1200.00, 200.00, 1000.00),
(45, 215, 'آمنة تاج الدين ', 'أنثى', '0', 'ينابيع الهدى', 'فرع البنات', 'لمات محمد الأمين مولاي ', '22747722', 'التهجي', 'ظروف خاصة', '2024-12-01 14:52:27', '2024-11-18 18:45:36', 0, 'طبيعي', 1000.00, 0.00, 1000.00),
(46, 641, 'فاطمة امباركة محمد سالم', 'أنثى', '0', 'نساء الأقصى', 'فرع البنات', 'آمنة باب', '46802221', 'من 1 حتى  10 أحزاب', 'البعد من المحظرة', '2024-12-01 16:11:51', '2024-11-19 20:11:33', 1, 'طبيعي', 1200.00, 200.00, 1000.00),
(47, 225, 'محمد الأمين سيدينا', 'ذكر', '0', 'القسام', 'مقر الوقف', 'رقية محمد الأمين ', '42909609', 'من 1 حتى  10 أحزاب', 'سافر', '2024-12-01 18:52:55', '2024-11-18 19:02:04', 4, 'طبيعي', 1200.00, 0.00, 1200.00),
(48, 681, 'محمد فاضل البخاري ', 'ذكر', '0', 'خير الخلق', 'التهجي', 'البخاري ', '41074698', 'التهجي', 'طرد غير مباشر /لم يستفد', '2024-12-02 11:52:16', '2024-11-20 09:31:48', 0, 'طبيعي', 1000.00, 0.00, 1000.00),
(49, 845, 'الرباب', 'أنثى', '22022122', 'حلقة البنات -1', 'مقرأة المنارة والرباط للتعليم عن بعد ', NULL, NULL, 'مقرأة المنارة والرباط للتعليم عن بعد ', 'تست', '2024-12-03 13:38:39', '2024-11-21 04:39:54', 55, 'طبيعي', 1000.00, 500.00, 500.00),
(50, 142, 'حمودي سيد محمد', 'ذكر', '0', 'القسام', 'مقر الوقف', 'النوها حمودي', '47474004', 'من 1 حتى  10 أحزاب', 'بسبب البعد من المحضرة واختيار الوكيل لمدرس منزلي', '2024-12-04 10:09:32', '2024-11-18 17:15:33', 1, 'طبيعي', 0.00, 0.00, 1200.00),
(51, 900, 'محمد سيدي محمدو', 'ذكر', '0', 'الذاكرة الخارقة', 'المركزي', 'سدينا محمدو', '22412671', 'السكن الكلي', 'البعد والمرض', '2024-12-04 16:25:16', '2024-11-25 18:28:28', 4, 'طبيعي', 4500.00, 500.00, 4000.00),
(52, 296, 'عيشة محمد', 'أنثى', '41700433', 'نساء على الدرب', 'فرع البنات', NULL, NULL, 'من10 إلى 30 حزبا', 'تعذر الحضور أوقات الدوام', '2024-12-07 18:14:05', '2024-11-19 10:04:12', 18, 'طبيعي', 0.00, 0.00, 1500.00),
(53, 530, 'محمد فاضل محمدن ', 'ذكر', '26443309', 'الذاكرة الخارقة', 'المركزي', 'عيشة ابوك', '26443309', 'السكن الكلي', 'خرج بسب العجز عن التسديد مع التخفيض الحاصل', '2024-12-07 18:49:14', '2024-11-19 00:00:00', 6, 'طبيعي', 4500.00, 1000.00, 3500.00),
(54, 545, 'أحمد محمد السالك', 'ذكر', '0', 'الذاكرة الخارقة', 'المركزي', 'سيدي محمد محمد السالك ', '48474692', 'من 30 إلى 60 حزبا', 'خرج بسب البعد /', '2024-12-07 18:54:38', '2024-11-19 17:53:33', 24, 'طبيعي', 0.00, 0.00, 4000.00),
(55, 480, 'يسلم أبو الفضل ', 'ذكر', '0', 'الإجازة', 'المركزي', 'أحمدو أبو الفضل ', '46259566', 'من 30 إلى 60 حزبا', 'خرج و لادين عليه ولا أخوه', '2024-12-10 09:51:00', '2024-11-19 16:02:30', 51, 'طبيعي', 2000.00, 0.00, 2000.00),
(56, 846, 'أحمدو محمد محمود ', 'ذكر', '47849363', 'الإجازة', 'المركزي', 'محمد محمود الفاللي ', '47849363', 'من 60 حتى أخذ السند', 'خرج بسبب المرض', '2024-12-10 10:10:43', '2024-11-21 00:00:00', 0, 'طبيعي', 1500.00, 0.00, 1500.00),
(57, 331, 'حسن الامام', 'ذكر', '0', 'صدى القراء', 'البنين', 'الإمام', '22811195', 'من10 إلى 30 حزبا', 'خرج 15/10/2024', '2024-12-11 11:10:21', '2024-11-19 10:53:28', 13, 'طبيعي', 1500.00, 0.00, 1500.00),
(58, 329, 'أحمد الامام', 'ذكر', '0', 'صدى القراء', 'البنين', 'الإمام', '22811195', 'من10 إلى 30 حزبا', 'خرج 2024/10/15', '2024-12-11 11:17:03', '2024-11-19 10:52:39', 3, 'طبيعي', 0.00, 0.00, 1500.00);

-- --------------------------------------------------------

--
-- Structure de la table `tblemployees`
--

CREATE TABLE `tblemployees` (
  `id` int(11) NOT NULL,
  `EmpId` varchar(100) NOT NULL,
  `FirstName` varchar(150) NOT NULL,
  `LastName` varchar(150) NOT NULL,
  `EmailId` varchar(200) NOT NULL,
  `Password` varchar(180) NOT NULL,
  `Department` varchar(255) NOT NULL,
  `Address` varchar(255) NOT NULL,
  `City` varchar(200) NOT NULL,
  `Country` varchar(150) NOT NULL,
  `Phonenumber` char(11) NOT NULL,
  `Status` int(1) NOT NULL,
  `RegDate` timestamp NOT NULL DEFAULT current_timestamp()
) ENGINE=InnoDB DEFAULT CHARSET=latin1 COLLATE=latin1_swedish_ci;

--
-- Déchargement des données de la table `tblemployees`
--

INSERT INTO `tblemployees` (`id`, `EmpId`, `FirstName`, `LastName`, `EmailId`, `Password`, `Department`, `Address`, `City`, `Country`, `Phonenumber`, `Status`, `RegDate`) VALUES
(16, 'KENZ2024', 'Responsable', 'magasin', 'Mohamed', 'Deddah@123', 'Service d\'achat', 'Chami', 'Chami', 'Mauritanie', '37240012', 1, '2024-04-22 12:58:40');

-- --------------------------------------------------------

--
-- Structure de la table `transactions`
--

CREATE TABLE `transactions` (
  `id` int(11) NOT NULL,
  `transaction_date` datetime DEFAULT current_timestamp(),
  `transaction_description` varchar(255) DEFAULT NULL,
  `amount` decimal(10,2) DEFAULT NULL,
  `transaction_type` varchar(20) DEFAULT NULL,
  `fund_id` int(11) DEFAULT NULL,
  `bank_account_id` int(11) DEFAULT NULL,
  `employee_id` int(11) DEFAULT NULL,
  `student_id` int(11) DEFAULT NULL,
  `agent_id` int(11) DEFAULT NULL,
  `activitie_id` int(11) DEFAULT NULL,
  `user_id` int(11) NOT NULL
) ENGINE=InnoDB DEFAULT CHARSET=utf8mb4 COLLATE=utf8mb4_general_ci;

--
-- Déchargement des données de la table `transactions`
--

INSERT INTO `transactions` (`id`, `transaction_date`, `transaction_description`, `amount`, `transaction_type`, `fund_id`, `bank_account_id`, `employee_id`, `student_id`, `agent_id`, `activitie_id`, `user_id`) VALUES
(444, '2024-11-23 03:31:18', 'صفية سيدي محمد	 | مقدم من رسوم شهر 12-2024', 500.00, 'plus', 1, NULL, NULL, 837, NULL, NULL, 14),
(445, '2024-11-23 04:18:38', 'دفع رسوم الوكيل (محمدو القاسم ) لشهر نوفمبر', 1200.00, 'plus', NULL, 1, NULL, 570, 315, NULL, 17),
(446, '2024-11-23 04:43:37', 'تسديد رسوم : (الرباب) ل شهر ديسمبر', 500.00, 'plus', NULL, 3, NULL, 845, NULL, NULL, 1),
(447, '2024-11-23 05:26:42', 'تسديد رسوم : (أحمد القاسم ) ل شهر نوفمبر', 1000.00, 'plus', NULL, 1, NULL, 808, NULL, NULL, 17),
(448, '2024-11-23 05:29:15', 'تسديد رسوم : (عائشة جمال) ل شهر ديسمبر', 1000.00, 'plus', NULL, 4, NULL, 439, NULL, NULL, 14),
(450, '2024-11-23 07:09:23', 'دفع رسوم الوكيل (محمذن السماني) لشهر ديسمبر', 800.00, 'plus', NULL, 1, NULL, 373, 194, NULL, 14),
(452, '2024-11-23 07:09:38', 'دفع رسوم الوكيل (محمذن السماني) لشهر ديسمبر', 700.00, 'plus', NULL, 1, NULL, 381, 194, NULL, 14),
(453, '2024-11-23 07:09:53', 'دفع رسوم الوكيل (محمذن السماني) لشهر ديسمبر', 700.00, 'plus', NULL, 1, NULL, 581, 194, NULL, 14),
(454, '2024-11-23 07:10:25', 'دفع رسوم الوكيل (محمذن السماني) لشهر ديسمبر', 800.00, 'plus', NULL, 1, NULL, 756, 194, NULL, 14),
(462, '2024-11-23 07:44:02', 'حساب : محل يام يام  -_- نزع من فاتورة 16---20', 1500.00, 'minus', 1, NULL, NULL, NULL, NULL, NULL, 17),
(463, '2024-11-23 07:44:25', 'حساب : المشتريات  -_- الشعرية ', 340.00, 'minus', 1, NULL, NULL, NULL, NULL, NULL, 17),
(467, '2024-11-23 20:38:03', 'دفع رسوم الوكيل (تربة القاظي ) لشهر ديسمبر', 1000.00, 'plus', NULL, 2, NULL, 870, 433, NULL, 17),
(468, '2024-11-23 20:39:37', 'دفع رسوم الوكيل (تربة القاظي ) لشهر ديسمبر', 1000.00, 'plus', NULL, 2, NULL, 871, 433, NULL, 17),
(470, '2024-11-23 10:13:02', 'تسديد رسوم : (مالي براهيم فال) ل شهر ديسمبر', 1000.00, 'plus', 1, NULL, NULL, 872, NULL, NULL, 14),
(474, '2024-11-24 18:35:55', 'تكملة رسوم 12/2024', 500.00, 'plus', 1, NULL, NULL, 837, NULL, NULL, 14),
(475, '2024-11-25 18:41:27', 'حساب : محل يام يام  -_- بنكيلي الحاج /  تكملة مصاريف أسبوع 16-20', 1500.00, 'minus', 1, NULL, NULL, NULL, NULL, NULL, 17),
(476, '2024-11-25 18:42:21', 'حساب : المشتريات  -_- بنكيلي الحاج - 20من طرف المدير العام النفقة ', 6810.00, 'minus', 1, NULL, NULL, NULL, NULL, NULL, 17),
(477, '2024-11-24 20:08:32', 'حساب : الكهرباء -_- كهرباء المركزي', 1000.00, 'minus', NULL, 1, NULL, NULL, NULL, NULL, 1),
(478, '2024-11-24 20:08:40', 'حساب : الكهرباء -_- كهرباء المركزي', 1000.00, 'minus', NULL, 1, NULL, NULL, NULL, NULL, 1),
(479, '2024-11-24 20:08:52', 'حساب : الكهرباء -_- كهرباء المركزي', 1000.00, 'minus', NULL, 1, NULL, NULL, NULL, NULL, 1),
(480, '2024-11-25 08:33:49', 'تسديد رسوم : (محمد صالح سيدي ) ل شهر نوفمبر', 1400.00, 'plus', NULL, 2, NULL, 179, NULL, NULL, 17),
(481, '2024-11-25 08:34:06', 'تسديد رسوم : (سيدي محمد سالم ) ل شهر نوفمبر', 1000.00, 'plus', 1, NULL, NULL, 358, NULL, NULL, 17),
(482, '2024-11-25 09:41:31', 'محمد سالم الخضررسوم اكتوبر', 1000.00, 'plus', NULL, NULL, NULL, 873, NULL, NULL, 17),
(483, '2024-11-25 09:41:31', 'دفع رسوم الوكيل (محمد سالم الخضر) لشهر نوفمبر', 1000.00, 'plus', 1, NULL, NULL, 873, 319, NULL, 17),
(484, '2024-11-25 09:43:57', 'محمد محمد سالم رسوم اكتوبر', 1000.00, 'plus', NULL, NULL, NULL, 874, NULL, NULL, 17),
(485, '2024-11-25 09:43:57', 'دفع رسوم الوكيل (محمد سالم الخضر) لشهر نوفمبر', 1000.00, 'plus', 1, NULL, NULL, 874, 319, NULL, 17),
(486, '2024-11-25 09:53:47', 'دفع رسوم الوكيل (مريم سيد عالي ) لشهر نوفمبر', 1200.00, 'plus', 0, 1, NULL, 279, 131, NULL, 17),
(487, '2024-11-25 09:55:25', 'دفع رسوم الوكيل (مريم سيد عالي ) لشهر نوفمبر', 1200.00, 'plus', 0, 1, NULL, 280, 131, NULL, 17),
(488, '2024-11-25 11:52:30', 'دفع رسوم الوكيل (أم الخيري صالح) لشهر ديسمبر', 1000.00, 'plus', 1, NULL, NULL, 471, 252, NULL, 17),
(489, '2024-11-25 11:53:50', 'دفع رسوم الوكيل (أم الخيري صالح) لشهر ديسمبر', 1300.00, 'plus', 1, NULL, NULL, 483, 252, NULL, 17),
(490, '2024-11-25 11:56:04', 'دفع رسوم الوكيل (أم الخيري صالح) لشهر ديسمبر', 1000.00, 'plus', 1, NULL, NULL, 639, 252, NULL, 17),
(491, '2024-11-25 17:55:49', 'دفع رسوم الوكيل (فاطمة أبى المعالي) لشهر نوفمبر', 1200.00, 'plus', NULL, 1, NULL, 189, 60, NULL, 17),
(492, '2024-11-25 17:57:56', 'دفع رسوم الوكيل (فاطمة أبى المعالي) لشهر نوفمبر', 1200.00, 'plus', NULL, 1, NULL, 194, 60, NULL, 17),
(493, '2024-11-25 17:58:13', 'دفع رسوم الوكيل (فاطمة أبى المعالي) لشهر نوفمبر', 1200.00, 'plus', NULL, 1, NULL, 197, 60, NULL, 17),
(494, '2024-11-24 18:20:15', 'حساب : الصيانة و التنظيف -_- 2-امبول ليد 50', 200.00, 'minus', 1, NULL, NULL, NULL, NULL, NULL, 14),
(495, '2024-11-24 18:21:30', 'عبد الودود أحمد باب | مقدم شهر 11-2024', 300.00, 'minus', 1, NULL, 0, NULL, NULL, NULL, 14),
(496, '2024-11-25 18:35:32', 'دفع رسوم الوكيل (فاطمة أبى المعالي) لشهر نوفمبر', 1200.00, 'plus', NULL, 1, NULL, 205, 60, NULL, 17),
(497, '2024-11-25 18:37:25', 'دفع رسوم الوكيل (فاطمة أبى المعالي) لشهر نوفمبر', 1500.00, 'plus', NULL, 1, NULL, 505, 60, NULL, 17),
(498, '2024-11-25 18:38:56', 'دفع رسوم الوكيل (فاطمة أبى المعالي) لشهر نوفمبر', 1200.00, 'plus', NULL, 1, NULL, 554, 60, NULL, 17),
(499, '2024-11-25 18:52:34', 'دفع رسوم الوكيل (الزاوي ) لشهر نوفمبر', 1000.00, 'plus', 1, NULL, NULL, 396, 26, NULL, 17),
(500, '2024-11-25 18:53:34', 'دفع رسوم الوكيل (الزاوي ) لشهر نوفمبر', 1000.00, 'plus', 1, NULL, NULL, 585, 26, NULL, 17),
(501, '2024-11-25 18:53:49', 'دفع رسوم الوكيل (الزاوي ) لشهر نوفمبر', 1000.00, 'plus', 1, NULL, NULL, 586, 26, NULL, 17),
(502, '2024-11-25 18:54:01', 'دفع رسوم الوكيل (الزاوي ) لشهر نوفمبر', 1000.00, 'plus', 1, NULL, NULL, 699, 26, NULL, 17),
(503, '2024-11-25 18:54:40', 'دفع رسوم الوكيل (الزاوي ) لشهر نوفمبر', 1000.00, 'plus', 1, NULL, NULL, 700, 26, NULL, 17),
(504, '2024-11-25 18:54:50', 'دفع رسوم الوكيل (الزاوي ) لشهر نوفمبر', 1000.00, 'plus', 1, NULL, NULL, 702, 26, NULL, 17),
(505, '2024-11-25 18:55:00', 'دفع رسوم الوكيل (الزاوي ) لشهر نوفمبر', 1000.00, 'plus', 1, NULL, NULL, 869, 26, NULL, 17),
(507, '2024-11-25 19:52:11', 'حساب 17 يوم وحول إلي يوم 1  | عبد الرحمن محمد أحيد	\r\n', 680.00, 'plus', NULL, NULL, NULL, 226, 84, NULL, 17),
(508, '2024-11-25 19:52:38', 'حساب 17 يوم وحول إلي يوم 1 | محمد محمد أحيد', 680.00, 'plus', NULL, NULL, NULL, 231, 84, NULL, 17),
(509, '2024-11-25 20:02:50', 'حساب : الانترنت و الإتصالات -_- رصيد هات المراقب', 200.00, 'minus', 1, NULL, NULL, NULL, NULL, NULL, 14),
(510, '2024-11-25 20:06:04', 'تسديد رسوم : (محمد ولد المامي) ل شهر نوفمبر', 1200.00, 'plus', 1, NULL, NULL, 275, NULL, NULL, 14),
(511, '2024-11-25 20:11:52', 'تسديد رسوم : (الغالية سيدي) ل شهر ديسمبر', 1200.00, 'plus', NULL, 1, NULL, 898, NULL, NULL, 14),
(512, '2024-11-25 20:19:56', 'تسديد رسوم : (منى أحمدو) ل شهر ديسمبر', 1200.00, 'plus', NULL, 1, NULL, 902, NULL, NULL, 14),
(513, '2024-11-26 09:47:16', 'دفع رسوم الوكيل (مولاي صالح ) لشهر نوفمبر', 1200.00, 'plus', NULL, 1, NULL, 479, 255, NULL, 17),
(514, '2024-11-26 09:47:36', 'دفع رسوم الوكيل (مولاي صالح ) لشهر نوفمبر', 1200.00, 'plus', NULL, 1, NULL, 868, 255, NULL, 17),
(516, '2024-11-26 11:23:17', 'دفع رسوم الوكيل (عيشة أحمد) لشهر ديسمبر', 1000.00, 'plus', 1, NULL, NULL, 497, 209, NULL, 17),
(517, '2024-11-26 11:23:27', 'دفع رسوم الوكيل (عيشة أحمد) لشهر ديسمبر', 1000.00, 'plus', 1, NULL, NULL, 765, 209, NULL, 17),
(518, '2024-11-26 11:23:34', 'دفع رسوم الوكيل (عيشة أحمد) لشهر ديسمبر', 1000.00, 'plus', 1, NULL, NULL, 399, 209, NULL, 17),
(519, '2024-11-25 11:46:02', 'حساب : القمامة - والمنظفات -_- القمامة ', 50.00, 'minus', 1, NULL, NULL, NULL, NULL, NULL, 14),
(520, '2024-11-25 11:46:46', 'حساب : الصيانة و التنظيف -_- مطولة 5متر ', 150.00, 'minus', 1, NULL, NULL, NULL, NULL, NULL, 14),
(521, '2024-11-27 09:56:42', 'دفع رسوم الوكيل (محمد سالم اليدالي ) لشهر نوفمبر', 1200.00, 'plus', NULL, 4, NULL, 214, 77, NULL, 17),
(522, '2024-11-27 10:19:41', 'دفع رسوم الوكيل (محمد سالم اليدالي ) لشهر نوفمبر', 1200.00, 'plus', NULL, 4, NULL, 850, 77, NULL, 17),
(523, '2024-11-27 10:29:45', 'آده سيدي عالي  - اكتوبر 2024', 1000.00, 'plus', NULL, 1, NULL, 251, 103, NULL, 17),
(524, '2024-11-27 10:47:09', 'تسديد رسوم : (عمر أبهم ) ل شهر نوفمبر', 4000.00, 'plus', NULL, 3, NULL, 533, NULL, NULL, 17),
(525, '2024-11-27 13:10:45', 'تسديد رسوم : (إدوم عبدالله ) ل شهر نوفمبر', 1000.00, 'plus', NULL, 1, NULL, 239, NULL, NULL, 14),
(526, '2024-11-27 13:16:59', 'دفع رسوم الوكيل (محمد المختار الصيد ) لشهر نوفمبر', 1000.00, 'plus', NULL, 1, NULL, 353, 178, NULL, 14),
(527, '2024-11-27 13:17:46', 'دفع رسوم الوكيل (محمد المختار الصيد ) لشهر نوفمبر', 1000.00, 'plus', NULL, 1, NULL, 354, 178, NULL, 14),
(528, '2024-11-27 13:28:09', 'تسديد رسوم : (منى الشيخ ) ل شهر ديسمبر', 1000.00, 'plus', NULL, 1, NULL, 668, NULL, NULL, 14),
(529, '2024-11-27 13:40:51', 'أحمد محمد ابيمين - رسوم اكتوبر 2024', 2000.00, 'plus', NULL, 1, NULL, 490, NULL, NULL, 14),
(530, '2024-11-27 13:44:09', 'تسديد رسوم : (عمر لارباس ) ل شهر ديسمبر', 3500.00, 'plus', NULL, 1, NULL, 520, NULL, NULL, 14),
(532, '2024-11-27 13:55:03', 'سمية أيوب شهر 9-2024  | شهر  10-2024', 1000.00, 'plus', NULL, 1, NULL, 477, 229, NULL, 14),
(533, '2024-11-27 13:55:30', 'عيشانه أيوب -شهر 9-2024  | شهر  10-2024', 1000.00, 'plus', NULL, 1, NULL, 575, 229, NULL, 14),
(534, '2024-11-27 14:21:15', 'امير أيوب شهر 9-2024  | شهر  10-2024', 1000.00, 'plus', NULL, 1, NULL, 428, 229, NULL, 14),
(535, '2024-11-27 15:45:59', 'السالك سيدي ابراهيم |  رسوم 11/2024', 1000.00, 'plus', 1, NULL, NULL, 256, NULL, NULL, 14),
(536, '2024-11-27 16:38:45', 'تسديد رسوم : (عبود أسند) ل شهر ديسمبر', 1500.00, 'plus', NULL, 1, NULL, 904, NULL, NULL, 17),
(537, '2024-11-27 16:49:04', 'تسديد رسوم : (خديجة مياب) ل شهر ديسمبر', 1000.00, 'plus', NULL, 1, NULL, 905, NULL, NULL, 17),
(538, '2024-11-27 17:10:37', 'محمد العاقب مياب  -  شهر 10/2024', 1000.00, 'plus', 1, NULL, NULL, 150, NULL, NULL, 17),
(539, '2024-11-27 17:10:37', 'تسديد رسوم : (محمد العاقب مياب) ل شهر نوفمبر', 1000.00, 'plus', 1, NULL, NULL, 150, NULL, NULL, 17),
(540, '2024-11-27 21:34:49', 'دفع رسوم الوكيل (فال احمتو) لشهر نوفمبر', 1000.00, 'plus', 1, 0, NULL, 631, 336, NULL, 14),
(542, '2024-11-27 21:35:51', 'دفع رسوم الوكيل (فال احمتو) لشهر نوفمبر', 1000.00, 'plus', 1, 0, NULL, 906, NULL, NULL, 14),
(544, '2024-11-27 21:36:05', 'دفع رسوم الوكيل (فال احمتو) لشهر نوفمبر', 1000.00, 'plus', 1, 0, NULL, 906, 336, NULL, 14),
(545, '2024-11-27 08:17:41', 'دفع رسوم الوكيل (سيدي الداه ) لشهر ديسمبر', 3000.00, 'plus', 1, NULL, NULL, 522, 275, NULL, 17),
(546, '2024-11-30 09:02:58', 'دفع رسوم الوكيل (محمدو حامد ) لشهر ديسمبر', 3500.00, 'plus', NULL, 1, NULL, 907, 440, NULL, 17),
(547, '2024-11-30 09:04:38', 'دفع رسوم الوكيل (محمدو حامد ) لشهر ديسمبر', 3500.00, 'plus', NULL, 1, NULL, 908, 440, NULL, 17),
(548, '2024-11-30 09:22:23', 'تسديد رسوم : (فاطم حسنى) ل شهر ديسمبر', 1200.00, 'plus', NULL, 1, NULL, 909, NULL, NULL, 14),
(549, '2024-11-30 09:27:26', 'دفع رسوم الوكيل (سدينا محمدو) لشهر ديسمبر', 4000.00, 'plus', NULL, 1, NULL, 900, 436, NULL, 17),
(550, '2024-11-30 09:29:40', 'دفع رسوم الوكيل (فاطمة فرحان) لشهر نوفمبر', 900.00, 'plus', 1, NULL, NULL, 203, 69, NULL, 14),
(551, '2024-11-30 09:29:40', 'دفع رسوم الوكيل (فاطمة فرحان) لشهر ديسمبر', 900.00, 'plus', 1, NULL, NULL, 203, 69, NULL, 14),
(552, '2024-11-30 09:31:15', 'دفع رسوم الوكيل (فاطمة فرحان) لشهر نوفمبر', 900.00, 'plus', 1, NULL, NULL, 351, 69, NULL, 14),
(553, '2024-11-30 09:31:15', 'دفع رسوم الوكيل (فاطمة فرحان) لشهر ديسمبر', 900.00, 'plus', 1, NULL, NULL, 351, 69, NULL, 14),
(554, '2024-11-30 09:48:52', 'دفع رسوم الوكيل (خديجة محمد عبد الله ) لشهر ديسمبر', 1500.00, 'plus', 1, NULL, NULL, 501, 266, NULL, 17),
(562, '2024-11-27 09:56:19', 'حساب : المشتريات  -_- مشروبات لصالح المهندسين ', 100.00, 'minus', 1, NULL, NULL, NULL, NULL, NULL, 14),
(563, '2024-11-27 10:03:06', 'دفع رسوم الوكيل (خديجة محمد عبد الله ) لشهر ديسمبر', 700.00, 'plus', 1, NULL, NULL, 506, 266, NULL, 17),
(564, '2024-11-30 10:05:56', 'دفع رسوم الوكيل (خديجة محمد عبد الله ) لشهر ديسمبر', 600.00, 'plus', 1, NULL, NULL, 507, 266, NULL, 17),
(565, '2024-11-30 10:06:21', 'دفع رسوم الوكيل (خديجة محمد عبد الله ) لشهر ديسمبر', 800.00, 'plus', 1, NULL, NULL, 618, 266, NULL, 17),
(566, '2024-11-30 10:07:33', 'دفع رسوم الوكيل (خديجة محمد عبد الله ) لشهر ديسمبر', 700.00, 'plus', 1, NULL, NULL, 691, 266, NULL, 17),
(567, '2024-11-30 10:25:06', 'دفع رسوم الوكيل (محمدن محمد ) لشهر نوفمبر', 1800.00, 'plus', NULL, 1, NULL, 548, 301, NULL, 17),
(568, '2024-11-30 10:25:23', 'دفع رسوم الوكيل (محمدن محمد ) لشهر نوفمبر', 1200.00, 'plus', NULL, 1, NULL, 718, 301, NULL, 17),
(569, '2024-11-30 11:41:58', 'تسديد رسوم : (زينب ابراهيم ) ل شهر ديسمبر', 1500.00, 'plus', NULL, 3, NULL, 390, NULL, NULL, 17),
(571, '2024-11-30 12:04:57', 'حساب : القمامة - والتنظيف -_- نقل قمامة المركزي - والبنات ', 150.00, 'minus', 1, NULL, NULL, NULL, NULL, NULL, 14),
(572, '2024-11-27 08:22:22', 'دفع رسوم الوكيل (لمرابط أحمذي) لشهر نوفمبر', 1200.00, 'plus', NULL, 1, NULL, 304, 148, NULL, 17),
(573, '2024-11-27 08:26:24', 'دفع رسوم الوكيل (لمرابط أحمذي) لشهر نوفمبر', 1000.00, 'plus', NULL, 1, NULL, 306, 148, NULL, 17),
(574, '2024-11-27 09:28:29', 'دفع رسوم الوكيل (لمرابط أحمذي) لشهر نوفمبر', 1200.00, 'plus', NULL, 1, NULL, 450, 148, NULL, 17),
(575, '2024-11-30 16:27:39', 'دفع رسوم الوكيل (خديجة احمد ) لشهر ديسمبر', 1000.00, 'plus', 1, NULL, NULL, 324, 161, NULL, 1),
(576, '2024-11-30 16:28:02', 'دفع رسوم الوكيل (خديجة احمد ) لشهر ديسمبر', 1200.00, 'plus', 1, NULL, NULL, 600, 161, NULL, 1),
(577, '2024-11-30 16:28:54', 'دفع رسوم الوكيل (خديجة احمد ) لشهر ديسمبر', 1200.00, 'plus', 1, NULL, NULL, 602, 161, NULL, 1),
(578, '2024-11-30 16:35:23', 'تسديد رسوم : (محمد محمود أحمد  بلول) ل شهر ديسمبر', 1200.00, 'plus', NULL, 1, NULL, 232, NULL, NULL, 17),
(579, '2024-11-30 17:06:01', 'تسديد رسوم : (الديه محمدن) ل شهر ديسمبر', 1200.00, 'plus', 1, NULL, NULL, 912, NULL, NULL, 17),
(580, '2024-11-30 17:47:41', 'دفع رسوم الوكيل (محمد المهد باني ) لشهر ديسمبر', 1000.00, 'plus', 1, NULL, NULL, 910, 441, NULL, 1),
(581, '2024-11-30 17:47:57', 'دفع رسوم الوكيل (محمد المهد باني ) لشهر ديسمبر', 1000.00, 'plus', 1, NULL, NULL, 915, 441, NULL, 1),
(584, '2024-11-30 21:09:17', 'نقل الأموال من حساب الصندوق الى حساب بنكيلي { صافي يومية  30-11-2024 }', 1250.00, 'plus', NULL, 1, NULL, NULL, NULL, NULL, 14),
(585, '2024-11-27 21:26:26', 'حساب : المصاريف اليومية و النقل -_- نقل عبد الحميد  - ', 50.00, 'minus', 1, NULL, NULL, NULL, NULL, NULL, 14),
(588, '2024-11-30 22:49:45', 'دفع رسوم الوكيل (لعروص اسماعيل ) لشهر ديسمبر', 1000.00, 'plus', NULL, 1, NULL, 457, 242, NULL, 17),
(589, '2024-11-30 22:50:15', 'دفع رسوم الوكيل (لعروص اسماعيل ) لشهر ديسمبر', 1000.00, 'plus', NULL, 1, NULL, 724, 242, NULL, 17),
(590, '2024-11-30 23:52:22', 'دفع رسوم الوكيل (أسماء دحيد ) لشهر ديسمبر', 3000.00, 'plus', NULL, 1, NULL, 169, 50, NULL, 17),
(591, '2024-12-01 09:46:22', 'دفع رسوم الوكيل (الخليل ) لشهر ديسمبر', 3000.00, 'plus', NULL, 1, NULL, 320, 157, NULL, 17),
(592, '2024-12-01 09:50:34', 'دفع رسوم الوكيل (الخليل ) لشهر ديسمبر', 3000.00, 'plus', NULL, 1, NULL, 322, 157, NULL, 17),
(593, '2024-12-01 10:20:57', 'تسديد رسوم : (أحمدو باب المختار السالم ) ل شهر ديسمبر', 1000.00, 'plus', NULL, 1, NULL, 819, NULL, NULL, 17),
(594, '2024-12-01 11:31:23', 'تسديد رسوم : (فاطمة محمد فاضل ) ل شهر ديسمبر', 1200.00, 'plus', 1, NULL, NULL, 459, NULL, NULL, 14),
(595, '2024-12-01 16:10:32', 'دفع رسوم الوكيل (خداجه سيدي عبد الله ) لشهر يناير', 1000.00, 'plus', NULL, 1, NULL, 934, 448, NULL, 14),
(596, '2024-12-01 16:10:49', 'دفع رسوم الوكيل (خداجه سيدي عبد الله ) لشهر يناير', 1000.00, 'plus', NULL, 1, NULL, 935, 448, NULL, 14),
(597, '2024-12-01 16:33:25', 'دفع رسوم الوكيل (توت محمدن ) لشهر ديسمبر', 1200.00, 'plus', NULL, 1, NULL, 660, 345, NULL, 14),
(598, '2024-12-01 16:34:49', 'دفع رسوم الوكيل (اسلمها ) لشهر ديسمبر', 1500.00, 'plus', NULL, 1, NULL, 425, 225, NULL, 17),
(599, '2024-12-01 16:35:14', 'دفع رسوم الوكيل (اسلمها ) لشهر ديسمبر', 1500.00, 'plus', NULL, 1, NULL, 652, 225, NULL, 17),
(600, '2024-12-01 16:37:24', 'دفع رسوم الوكيل (اسلمها ) لشهر ديسمبر', 1000.00, 'plus', NULL, 1, NULL, 859, 225, NULL, 17),
(601, '2024-12-01 16:43:11', 'دفع رسوم الوكيل (محمد ولد سيدي ) لشهر ديسمبر', 1000.00, 'plus', NULL, 1, NULL, 936, 449, NULL, 14),
(602, '2024-12-01 16:45:54', 'تسديد رسوم : (تكبر محمد سيدي ) ل شهر ديسمبر', 1000.00, 'plus', NULL, 1, NULL, 338, NULL, NULL, 17),
(603, '2024-12-01 16:46:42', 'دفع رسوم الوكيل (المصطفى سيدن) لشهر ديسمبر', 1000.00, 'plus', NULL, 1, NULL, 389, 204, NULL, 14),
(604, '2024-12-01 16:46:58', 'دفع رسوم الوكيل (المصطفى سيدن) لشهر ديسمبر', 1000.00, 'plus', NULL, 1, NULL, 392, 204, NULL, 14),
(605, '2024-12-01 16:49:01', 'دفع رسوم الوكيل (المصطفى سيدن) لشهر ديسمبر', 1000.00, 'plus', NULL, 1, NULL, 500, 204, NULL, 14),
(606, '2024-12-01 16:59:00', 'تسديد رسوم : (محمد الحاج عبد الرحمن) ل شهر ديسمبر', 1200.00, 'plus', NULL, 1, NULL, 709, NULL, NULL, 17),
(607, '2024-12-01 17:06:26', 'تسديد رسوم : (محمد محمد فاضل ) ل شهر نوفمبر', 1000.00, 'plus', NULL, 1, NULL, 359, NULL, NULL, 17),
(608, '2024-12-01 17:09:52', 'تسديد رسوم : (يحي عبد الرحمن) ل شهر ديسمبر', 2000.00, 'plus', NULL, 4, NULL, 682, NULL, NULL, 17),
(609, '2024-12-01 17:37:52', 'دفع رسوم الوكيل (محمد سالم أعمر ) لشهر نوفمبر', 1000.00, 'plus', NULL, 3, NULL, 509, 450, NULL, 17),
(610, '2024-12-01 17:38:17', 'دفع رسوم الوكيل (محمد سالم أعمر ) لشهر نوفمبر', 1000.00, 'plus', NULL, 3, NULL, 601, 450, NULL, 17),
(611, '2024-12-01 17:38:48', 'دفع رسوم الوكيل (محمد سالم أعمر ) لشهر نوفمبر', 1000.00, 'plus', NULL, 3, NULL, 865, 450, NULL, 17),
(612, '2024-12-01 17:48:11', 'دفع رسوم الوكيل (سلم أعمر ) لشهر نوفمبر', 500.00, 'plus', NULL, 1, NULL, 234, 93, NULL, 17),
(613, '2024-12-01 17:48:11', 'دفع رسوم الوكيل (سلم أعمر ) لشهر ديسمبر', 500.00, 'plus', NULL, 1, NULL, 234, 93, NULL, 17),
(614, '2024-12-01 17:54:05', 'دفع رسوم الوكيل (سلم أعمر ) لشهر نوفمبر', 1000.00, 'plus', NULL, 1, NULL, 752, 93, NULL, 17),
(615, '2024-12-01 17:54:05', 'دفع رسوم الوكيل (سلم أعمر ) لشهر ديسمبر', 1000.00, 'plus', NULL, 1, NULL, 752, 93, NULL, 17),
(616, '2024-12-01 17:56:03', 'دفع رسوم الوكيل (سلم أعمر ) لشهر نوفمبر', 1000.00, 'plus', NULL, 1, NULL, 753, 93, NULL, 17),
(617, '2024-12-01 17:56:03', 'دفع رسوم الوكيل (سلم أعمر ) لشهر ديسمبر', 1000.00, 'plus', NULL, 1, NULL, 753, 93, NULL, 17),
(618, '2024-12-01 18:25:32', 'تسديد رسوم : (مريم امان) ل شهر ديسمبر', 1200.00, 'plus', NULL, 1, NULL, 438, NULL, NULL, 14),
(619, '2024-12-01 18:54:02', 'دفع رسوم الوكيل (المصطفى ولد ايب) لشهر ديسمبر', 1200.00, 'plus', NULL, 1, NULL, 923, 445, NULL, 14),
(620, '2024-12-01 18:54:19', 'دفع رسوم الوكيل (المصطفى ولد ايب) لشهر ديسمبر', 1200.00, 'plus', NULL, 1, NULL, 924, 445, NULL, 14),
(623, '2024-12-01 23:04:40', 'دفع رسوم الوكيل (أقيلة محمد الأمين ) لشهر ديسمبر', 1000.00, 'plus', 1, NULL, NULL, 784, 343, NULL, 1),
(624, '2024-12-01 23:05:11', 'دفع رسوم الوكيل (أقيلة محمد الأمين ) لشهر ديسمبر', 1000.00, 'plus', 1, NULL, NULL, 653, 343, NULL, 1),
(625, '2024-12-02 10:17:34', 'تسديد رسوم : (سيدي محمد محمد سالم) ل شهر ديسمبر', 1000.00, 'plus', NULL, 1, NULL, 875, NULL, NULL, 17),
(626, '2024-12-02 11:12:19', 'تسديد رسوم : (محمد عزيز اعبيد الله) ل شهر ديسمبر', 1200.00, 'plus', NULL, 3, NULL, 683, NULL, NULL, 17),
(627, '2024-12-02 11:41:29', 'السالمة محمد سالم | شهر 12-2024', 1000.00, 'plus', NULL, 1, NULL, 473, NULL, NULL, 14),
(628, '2024-12-02 12:17:28', 'دفع رسوم الوكيل (خدجة الندى) لشهر ديسمبر', 1000.00, 'plus', 1, NULL, NULL, 417, 223, NULL, 17),
(629, '2024-12-02 12:31:07', 'دفع رسوم الوكيل (خدجة الندى) لشهر ديسمبر', 1000.00, 'plus', 1, NULL, NULL, 643, 223, NULL, 17),
(630, '2024-12-02 12:31:25', 'دفع رسوم الوكيل (خدجة الندى) لشهر ديسمبر', 1000.00, 'plus', 1, NULL, NULL, 857, 223, NULL, 17),
(631, '2024-12-02 12:35:45', 'دفع رسوم الوكيل (توت الحاج) لشهر ديسمبر', 1000.00, 'plus', NULL, 1, NULL, 831, 334, NULL, 17),
(632, '2024-12-02 12:36:07', 'دفع رسوم الوكيل (توت الحاج) لشهر ديسمبر', 1200.00, 'plus', NULL, 1, NULL, 624, 334, NULL, 17),
(633, '2024-12-02 12:36:33', 'دفع رسوم الوكيل (توت الحاج) لشهر ديسمبر', 1000.00, 'plus', NULL, 1, NULL, 854, 334, NULL, 17),
(634, '2024-12-02 12:48:42', 'تعويض ش11 كاملا علي شكل دفعات ', 15000.00, 'minus', NULL, 1, 0, NULL, NULL, NULL, 17),
(635, '2024-12-02 13:03:08', 'دفع رسوم الوكيل (مريم محمد الامين) لشهر ديسمبر', 1200.00, 'plus', NULL, 1, NULL, 302, 146, NULL, 17),
(636, '2024-12-02 13:56:02', 'دفع رسوم الوكيل (مريم) لشهر ديسمبر', 1000.00, 'plus', NULL, 1, NULL, 806, 412, NULL, 17),
(637, '2024-12-02 13:56:33', 'دفع رسوم الوكيل (مريم) لشهر ديسمبر', 1000.00, 'plus', NULL, 1, NULL, 807, 412, NULL, 17),
(638, '2024-12-02 14:38:53', 'تسديد رسوم : (سارة أم الخير محمد) ل شهر نوفمبر', 1200.00, 'plus', 1, NULL, NULL, 780, NULL, NULL, 1),
(639, '2024-12-02 16:11:59', 'تسديد رسوم : (فاطمة باه قدور) ل شهر ديسمبر', 1000.00, 'plus', 1, NULL, NULL, 940, NULL, NULL, 14),
(641, '2024-12-01 16:33:23', 'نقل الأموال من حساب الصندوق الى حساب بنكيلي { صافي اليومية : 01-12-2024 }', 1000.00, 'minus', 1, NULL, NULL, NULL, NULL, NULL, 14),
(642, '2024-12-01 16:33:23', 'نقل الأموال من حساب الصندوق الى حساب بنكيلي { صافي اليومية : 01-12-2024 }', 1000.00, 'plus', NULL, 1, NULL, NULL, NULL, NULL, 14),
(643, '2024-12-02 17:16:31', 'تسديد رسوم : (لكلاع محمد) ل شهر ديسمبر', 1000.00, 'plus', 1, NULL, NULL, 519, NULL, NULL, 14),
(644, '2024-12-02 17:37:01', 'دفع رسوم الوكيل (مريم لحبيب ) لشهر ديسمبر', 1000.00, 'plus', NULL, 1, NULL, 635, 337, NULL, 17),
(645, '2024-12-02 17:37:13', 'دفع رسوم الوكيل (مريم لحبيب ) لشهر ديسمبر', 1000.00, 'plus', NULL, 1, NULL, 669, 337, NULL, 17),
(646, '2024-12-02 17:40:50', 'تسديد رسوم : (عثمان الشيخ سيدي المختار ) ل شهر ديسمبر', 1000.00, 'plus', 1, NULL, NULL, 943, NULL, NULL, 17),
(647, '2024-12-02 17:45:35', 'دفع رسوم الوكيل (الشيخ بادي) لشهر نوفمبر', 1000.00, 'plus', NULL, 1, NULL, 291, 137, NULL, 17),
(648, '2024-12-02 17:45:46', 'دفع رسوم الوكيل (الشيخ بادي) لشهر نوفمبر', 1000.00, 'plus', NULL, 1, NULL, 413, 137, NULL, 17),
(649, '2024-12-02 17:46:34', 'دفع رسوم الوكيل (الشيخ بادي) لشهر نوفمبر', 1000.00, 'plus', NULL, 1, NULL, 634, 137, NULL, 17),
(650, '2024-12-02 17:51:43', 'دفع رسوم الوكيل (بادي عابدين بادي) لشهر نوفمبر', 1000.00, 'plus', 0, 1, NULL, 629, 250, NULL, 17),
(651, '2024-12-02 17:53:43', 'دفع رسوم الوكيل (بادي عابدين بادي) لشهر نوفمبر', 1000.00, 'plus', NULL, 1, NULL, 642, 250, NULL, 17),
(652, '2024-12-02 18:02:42', 'دفع رسوم الوكيل (بادي عابدين بادي) لشهر نوفمبر', 1000.00, 'plus', NULL, 1, NULL, 782, 250, NULL, 17),
(653, '2024-12-02 18:03:31', 'دفع رسوم الوكيل (بادي عابدين بادي) لشهر نوفمبر', 1000.00, 'plus', NULL, 1, NULL, 469, 250, NULL, 17),
(654, '2024-12-02 18:03:50', 'تسديد رسوم : (مريم بنت محمد) ل شهر ديسمبر', 1000.00, 'plus', NULL, 1, NULL, 181, NULL, NULL, 14),
(655, '2024-12-02 18:06:58', 'دفع رسوم الوكيل (الشيخ بادي) لشهر نوفمبر', 1000.00, 'plus', NULL, 1, NULL, 932, 137, NULL, 17),
(656, '2024-12-02 18:21:07', 'تسديد رسوم : (باب عبد الكريم ) ل شهر نوفمبر', 1200.00, 'plus', 1, NULL, NULL, 371, NULL, NULL, 17),
(657, '2024-12-02 18:53:20', 'تسديد رسوم : (الطيب محمد) ل شهر ديسمبر', 1000.00, 'plus', NULL, 1, NULL, 178, NULL, NULL, 17),
(658, '2024-12-02 18:57:23', 'تسديد رسوم : (عبد الله المهند  المصري ) ل شهر ديسمبر', 1200.00, 'plus', NULL, 1, NULL, 591, NULL, NULL, 17),
(659, '2024-12-02 18:59:24', 'تسديد رسوم : (الشيخ بشراية ) ل شهر ديسمبر', 2200.00, 'plus', NULL, 1, NULL, 573, NULL, NULL, 17),
(660, '2024-12-02 19:08:38', 'أحمد الشيخ محمد - رسوم 12-2024', 1000.00, 'plus', NULL, 1, NULL, 259, NULL, NULL, 14),
(661, '2024-12-02 19:25:01', 'دفع رسوم الوكيل (أحمدو عبد القادر) لشهر نوفمبر', 1500.00, 'plus', 1, NULL, NULL, 503, 139, NULL, 17),
(662, '2024-12-02 19:25:27', 'دفع رسوم الوكيل (أحمدو عبد القادر) لشهر نوفمبر', 1000.00, 'plus', 1, NULL, NULL, 293, 139, NULL, 17),
(663, '2024-12-02 19:46:00', 'محمد سيد محمد  |  شهر 12-2024', 1000.00, 'plus', 1, NULL, NULL, 257, NULL, NULL, 14),
(664, '2024-12-02 19:54:11', 'تسديد رسوم : (عثمان محمد الأمين ) ل شهر ديسمبر', 1200.00, 'plus', 1, NULL, NULL, 944, NULL, NULL, 17),
(665, '2024-12-02 19:56:44', 'تسديد رسوم : (محمد الأمين أبنو) ل شهر ديسمبر', 1200.00, 'plus', 1, NULL, NULL, 945, NULL, NULL, 1),
(667, '2024-12-02 20:22:55', 'دفع رسوم الوكيل (الخليفة بادي) لشهر نوفمبر', 1000.00, 'plus', 1, NULL, NULL, 776, 400, NULL, 17),
(668, '2024-12-02 20:23:15', 'دفع رسوم الوكيل (الخليفة بادي) لشهر نوفمبر', 1000.00, 'plus', 1, NULL, NULL, 335, 164, NULL, 17),
(669, '2024-12-02 21:05:33', 'نقل الأموال من حساب الصندوق الى حساب بنكيلي { صافي اليومية : 02-12-2024 }', 2000.00, 'minus', 1, NULL, NULL, NULL, NULL, NULL, 14),
(670, '2024-12-02 21:05:33', 'نقل الأموال من حساب الصندوق الى حساب بنكيلي { صافي اليومية : 02-12-2024 }', 2000.00, 'plus', NULL, 1, NULL, NULL, NULL, NULL, 14),
(671, '2024-12-03 01:19:19', 'حساب : الإيجار -_- إيجار البنين 1', 6000.00, 'minus', NULL, 1, NULL, NULL, NULL, NULL, 1),
(672, '2024-12-03 01:20:02', 'حساب : الإيجار -_- إيجار التهجي', 6500.00, 'minus', NULL, 1, NULL, NULL, NULL, NULL, 1),
(673, '2024-12-03 01:21:21', 'حساب : الكهرباء -_- كهرباء المركزي', 6327.00, 'minus', NULL, 1, NULL, NULL, NULL, NULL, 1),
(674, '2024-12-03 01:26:16', 'حساب : المشتريات  -_- فورتي كيت', 11000.00, 'minus', NULL, 1, NULL, NULL, NULL, NULL, 1),
(675, '2024-12-03 01:27:13', 'حساب : المشتريات  -_- كوفر + كاميرات ولوجستيات مع التركيب ', 60000.00, 'minus', NULL, 1, NULL, NULL, NULL, NULL, 1),
(676, '2024-12-03 09:11:59', 'دفع رسوم الوكيل (الطالب محمد فال ) لشهر ديسمبر', 1000.00, 'plus', NULL, 1, NULL, 647, 341, NULL, 17),
(677, '2024-12-03 09:13:40', 'دفع رسوم الوكيل (الطالب محمد فال ) لشهر ديسمبر', 1000.00, 'plus', 0, 1, NULL, 644, 341, NULL, 17),
(678, '2024-12-03 10:11:57', 'تسديد رسوم : (اباه عبد الله) ل شهر ديسمبر', 1000.00, 'plus', NULL, 1, NULL, 947, NULL, NULL, 17),
(679, '2024-12-03 10:31:43', 'تسديد رسوم : (محمد الأمين عبد الله ) ل شهر ديسمبر', 1000.00, 'plus', 1, NULL, NULL, 801, NULL, NULL, 1),
(680, '2024-12-03 12:41:31', 'حساب : الأجور  -_- راتب محمدمحمد عالي | صدى القراء', 8000.00, 'minus', 1, NULL, NULL, NULL, NULL, NULL, 17),
(681, '2024-12-03 13:52:41', 'حساب : كفالة حلقة قرآنية -- كفالة حلقة المتميزون القرآنية شهر نوفمبر 2024', 10300.00, 'plus', NULL, 1, NULL, NULL, NULL, NULL, 1),
(682, '2024-12-03 13:56:57', 'حساب : كفالة حلقة قرآنية -- كفالة حلقة المتميزون القرآنية شهر نوفمبر 2024', 10000.00, 'plus', NULL, 1, NULL, NULL, NULL, NULL, 1),
(683, '2024-12-03 13:58:01', '  رسوم التسجيل  ', 1000.00, 'plus', 1, NULL, NULL, 961, NULL, NULL, 18),
(684, '2024-12-03 13:58:01', 'تسديد رسوم : (ميمونه سيد محمد) ل شهر يناير', 1000.00, 'plus', 1, NULL, NULL, 961, NULL, NULL, 18),
(685, '2024-12-03 14:42:02', 'حساب : المركزي -_- الدفعة 12', 50000.00, 'minus', NULL, 1, NULL, NULL, NULL, NULL, 1),
(686, '2024-12-03 16:16:18', 'دفع رسوم الوكيل (منة محمد) لشهر نوفمبر', 1000.00, 'plus', NULL, 1, NULL, 830, 221, NULL, 14),
(687, '2024-12-03 16:16:53', 'دفع رسوم الوكيل (منة محمد) لشهر نوفمبر', 1000.00, 'plus', NULL, 1, NULL, 415, 221, NULL, 14),
(688, '2024-12-03 16:22:00', 'دفع رسوم الوكيل (فاطمة محمد) لشهر ديسمبر', 1200.00, 'plus', NULL, 1, NULL, 521, 274, NULL, 14),
(689, '2024-12-03 16:22:22', 'دفع رسوم الوكيل (فاطمة محمد) لشهر ديسمبر', 1200.00, 'plus', NULL, 1, NULL, 524, 274, NULL, 14),
(690, '2024-12-03 17:24:41', 'تسديد رسوم: (محمد المختار أحمدنا ) لشهر ديسمبر', 1500.00, 'plus', NULL, 1, NULL, 267, NULL, NULL, 17),
(691, '2024-12-03 18:15:07', 'الوكيل(ة): زينب محمد الأمين  دفع(ت)   رسوم لطالب(ة):  السالم المصطفى الأشهرديسمبر', 1500.00, 'plus', 1, NULL, NULL, 166, 47, NULL, 17),
(692, '2024-12-03 19:34:29', 'الوكيل(ة): شيماء محفوظ دفع(ت)   رسوم لطالب(ة):  صفية محفوطالأشهرديسمبر', 1000.00, 'plus', NULL, 1, NULL, 443, 239, NULL, 14),
(693, '2024-12-03 20:02:45', 'تسديد رسوم: (عمر محمد عبد الله ) لشهر ديسمبر', 1200.00, 'plus', 1, NULL, NULL, 224, NULL, NULL, 17),
(694, '2024-12-03 20:05:31', 'تسديد رسوم: (المصطفى ادوم ) لشهر ديسمبر', 1200.00, 'plus', 1, NULL, NULL, 209, NULL, NULL, 17),
(695, '2024-12-03 20:16:09', 'الوكيل(ة): شيماء محفوظ دفع(ت)   رسوم لطالب(ة):  محمد محفوظالأشهرديسمبر', 1000.00, 'plus', NULL, 1, NULL, 748, 239, NULL, 14),
(696, '2024-12-03 20:17:24', 'الوكيل(ة): شيماء محفوظ دفع(ت)   رسوم لطالب(ة):  شيماء محفوظالأشهرديسمبر', 1000.00, 'plus', NULL, 1, NULL, 968, 239, NULL, 14),
(697, '2024-12-03 20:23:08', 'الوكيل(ة): عزيزة هنون دفع(ت)   رسوم لطالب(ة):  أحمد محمد محمودالأشهرديسمبر', 1200.00, 'plus', NULL, 1, NULL, 294, 141, NULL, 17),
(698, '2024-12-03 20:23:26', 'الوكيل(ة): عزيزة هنون دفع(ت)   رسوم لطالب(ة):  إسلم محمد محمودالأشهرديسمبر', 1200.00, 'plus', NULL, 1, NULL, 295, 141, NULL, 17),
(699, '2024-12-03 20:44:30', 'الوكيل(ة): عبد الودود  دفع(ت)   رسوم لطالب(ة):  جميلة عبد الودود الأشهرديسمبر', 1000.00, 'plus', 1, NULL, NULL, 406, 216, NULL, 1),
(700, '2024-12-03 20:47:08', 'الوكيل(ة): عبد الودود  دفع(ت)   رسوم لطالب(ة):  مريم عبد الودودالأشهرديسمبر', 1000.00, 'plus', NULL, 1, NULL, 458, 216, NULL, 1),
(701, '2024-12-03 20:47:10', 'الوكيل(ة): عبد الودود  دفع(ت)   رسوم لطالب(ة):  مريم عبد الودودالأشهرديسمبر', 1000.00, 'plus', NULL, 1, NULL, 458, 216, NULL, 1),
(702, '2024-12-03 22:11:30', 'الوكيل(ة): فاطمة إدومدفع(ت) { شهر 12/2024 }لطالب(ة): محفوظ محمد', 1200.00, 'plus', NULL, 1, NULL, 284, 134, NULL, 14),
(703, '2024-12-03 22:15:48', 'الوكيل(ة): فاطمة ادوم دفع(ت)   رسوم لطالب(ة):  إدوم ولد محمدالأشهرديسمبر', 1000.00, 'plus', NULL, 1, NULL, 250, 102, NULL, 14),
(704, '2024-12-03 22:24:14', 'الوكيل(ة): فاطمة محمد محموددفع(ت) { شهر 12/2024 }لطالب(ة): أم الفضل عبدي ', 1500.00, 'plus', NULL, 1, NULL, 423, 224, NULL, 14),
(705, '2024-12-03 22:38:45', 'الوكيل(ة): أم سلمة يحي  دفع(ت)   رسوم لطالب(ة):  زينب يحي الأشهرنوفمبر', 1100.00, 'plus', NULL, 1, NULL, 607, 330, NULL, 14),
(706, '2024-12-03 22:39:29', 'الوكيل(ة): أم سلمة يحي  دفع(ت)   رسوم لطالب(ة):  خديجة يحيىالأشهرنوفمبر', 1100.00, 'plus', NULL, 1, NULL, 623, 330, NULL, 14),
(707, '2024-12-03 23:02:58', 'الوكيل(ة): الوالده الشيخ  دفع(ت)   رسوم لطالب(ة):  أماتي الراجلالأشهرديسمبر', 1200.00, 'plus', NULL, 1, NULL, 441, 237, NULL, 14),
(708, '2024-12-03 23:05:30', 'الوكيل(ة): الوالده الشيخ  دفع(ت)   رسوم لطالب(ة):  صفية محمد ينجالأشهرديسمبر', 1200.00, 'plus', NULL, 1, NULL, 555, 237, NULL, 14),
(709, '2024-12-03 23:18:30', 'تسديد رسوم: (سكينة اباه) لشهر ديسمبر', 1000.00, 'plus', NULL, 1, NULL, 167, NULL, NULL, 14),
(753, '2024-12-04 12:12:13', 'إدخال الرواتب: { نوفمبر } للموظف(ة) امحمد أحمدو امباله', 15000.00, 'minus', NULL, NULL, 15, NULL, NULL, NULL, 1),
(754, '2024-12-04 12:12:13', 'إدخال الرواتب: { نوفمبر } للموظف(ة) محمد الشيخ أحمد فال', 9000.00, 'minus', NULL, NULL, 16, NULL, NULL, NULL, 1),
(755, '2024-12-04 12:12:13', 'إدخال الرواتب: { نوفمبر } للموظف(ة) محمد أبوبكر ', 13000.00, 'minus', NULL, NULL, 17, NULL, NULL, NULL, 1),
(756, '2024-12-04 12:12:13', 'إدخال الرواتب: { نوفمبر } للموظف(ة) محمد الحسن محفوظ', 5000.00, 'minus', NULL, NULL, 18, NULL, NULL, NULL, 1),
(757, '2024-12-04 12:12:13', 'إدخال الرواتب: { نوفمبر } للموظف(ة) عبد الودود أحمد باب', 11000.00, 'minus', NULL, NULL, 19, NULL, NULL, NULL, 1),
(758, '2024-12-04 12:12:13', 'إدخال الرواتب: { نوفمبر } للموظف(ة) محمد عبد الله بركه', 6500.00, 'minus', NULL, NULL, 20, NULL, NULL, NULL, 1),
(759, '2024-12-04 12:12:13', 'إدخال الرواتب: { نوفمبر } للموظف(ة) عبد الحميد بركه', 5500.00, 'minus', NULL, NULL, 21, NULL, NULL, NULL, 1),
(760, '2024-12-04 12:12:13', 'إدخال الرواتب: { نوفمبر } للموظف(ة) منة ودادي', 4000.00, 'minus', NULL, NULL, 22, NULL, NULL, NULL, 1),
(761, '2024-12-04 12:12:13', 'إدخال الرواتب: { نوفمبر } للموظف(ة) إدوم باباه', 4500.00, 'minus', NULL, NULL, 23, NULL, NULL, NULL, 1),
(762, '2024-12-04 12:12:13', 'إدخال الرواتب: { نوفمبر } للموظف(ة) محمد إدوم السالم ', 15000.00, 'minus', NULL, NULL, 24, NULL, NULL, NULL, 1),
(763, '2024-12-04 12:12:13', 'إدخال الرواتب: { نوفمبر } للموظف(ة) محمد محمود محمد ', 13000.00, 'minus', NULL, NULL, 25, NULL, NULL, NULL, 1),
(764, '2024-12-04 12:12:13', 'إدخال الرواتب: { نوفمبر } للموظف(ة) حمودى / امّدَّ / اجّوَّ', 10000.00, 'minus', NULL, NULL, 26, NULL, NULL, NULL, 1),
(765, '2024-12-04 12:12:13', 'إدخال الرواتب: { نوفمبر } للموظف(ة) سيدي محمد باب', 12000.00, 'minus', NULL, NULL, 27, NULL, NULL, NULL, 1),
(766, '2024-12-04 12:12:13', 'إدخال الرواتب: { نوفمبر } للموظف(ة) سيداحمد ولد محمد المصطفى', 5000.00, 'minus', NULL, NULL, 28, NULL, NULL, NULL, 1),
(767, '2024-12-04 12:12:13', 'إدخال الرواتب: { نوفمبر } للموظف(ة) يحيى الشيخ الخليفة', 15000.00, 'minus', NULL, NULL, 29, NULL, NULL, NULL, 1),
(768, '2024-12-04 12:12:13', 'إدخال الرواتب: { نوفمبر } للموظف(ة) محمد عبدو ', 9000.00, 'minus', NULL, NULL, 30, NULL, NULL, NULL, 1),
(769, '2024-12-04 12:12:13', 'إدخال الرواتب: { نوفمبر } للموظف(ة) عمر أن محمود', 15000.00, 'minus', NULL, NULL, 31, NULL, NULL, NULL, 1),
(770, '2024-12-04 12:12:13', 'إدخال الرواتب: { نوفمبر } للموظف(ة) محمد ولد عبد القادر', 12000.00, 'minus', NULL, NULL, 32, NULL, NULL, NULL, 1),
(771, '2024-12-04 12:12:13', 'إدخال الرواتب: { نوفمبر } للموظف(ة) زينب ', 6000.00, 'minus', NULL, NULL, 33, NULL, NULL, NULL, 1),
(772, '2024-12-04 12:12:13', 'إدخال الرواتب: { نوفمبر } للموظف(ة) القطب ولد الامام', 10000.00, 'minus', NULL, NULL, 34, NULL, NULL, NULL, 1),
(773, '2024-12-04 12:12:13', 'إدخال الرواتب: { نوفمبر } للموظف(ة) محمد العاقب الامام', 8000.00, 'minus', NULL, NULL, 35, NULL, NULL, NULL, 1),
(774, '2024-12-04 12:12:13', 'إدخال الرواتب: { نوفمبر } للموظف(ة) فاطمة ابراهيم', 6000.00, 'minus', NULL, NULL, 36, NULL, NULL, NULL, 1),
(775, '2024-12-04 12:12:13', 'إدخال الرواتب: { نوفمبر } للموظف(ة) سيد محمد المصطفى', 13000.00, 'minus', NULL, NULL, 38, NULL, NULL, NULL, 1),
(776, '2024-12-04 12:12:13', 'إدخال الرواتب: { نوفمبر } للموظف(ة) اسلم سيدي يحي ', 5500.00, 'minus', NULL, NULL, 40, NULL, NULL, NULL, 1),
(777, '2024-12-04 12:12:13', 'إدخال الرواتب: { نوفمبر } للموظف(ة) مريم امباله ', 8000.00, 'minus', NULL, NULL, 41, NULL, NULL, NULL, 1),
(778, '2024-12-04 12:12:13', 'إدخال الرواتب: { نوفمبر } للموظف(ة) محمد ابوكر ', 13000.00, 'minus', NULL, NULL, 42, NULL, NULL, NULL, 1),
(779, '2024-12-04 12:12:13', 'إدخال الرواتب: { نوفمبر } للموظف(ة)   أحمد محفوظ   أعميرة ', 10000.00, 'minus', NULL, NULL, 43, NULL, NULL, NULL, 1),
(780, '2024-12-04 12:12:13', 'إدخال الرواتب: { نوفمبر } للموظف(ة) القاسم يسلم ', 12000.00, 'minus', NULL, NULL, 44, NULL, NULL, NULL, 1),
(781, '2024-12-04 12:12:13', 'إدخال الرواتب: { نوفمبر } للموظف(ة) اطول عمر سيدي محمد ', 8000.00, 'minus', NULL, NULL, 45, NULL, NULL, NULL, 1),
(782, '2024-12-04 12:12:13', 'إدخال الرواتب: { نوفمبر } للموظف(ة) حدمين سيدي عالي', 4330.00, 'minus', NULL, NULL, 46, NULL, NULL, NULL, 1),
(783, '2024-12-04 12:12:13', 'إدخال الرواتب: { نوفمبر } للموظف(ة) يحيى محمد احمد  محم', 7000.00, 'minus', NULL, NULL, 47, NULL, NULL, NULL, 1),
(784, '2024-12-04 12:12:13', 'إدخال الرواتب: { نوفمبر } للموظف(ة) البكاي الكنتي لخديم ', 10000.00, 'minus', NULL, NULL, 48, NULL, NULL, NULL, 1),
(785, '2024-12-04 12:12:13', 'إدخال الرواتب: { نوفمبر } للموظف(ة) محمد محمد عالي الشيخ ', 8000.00, 'minus', NULL, NULL, 49, NULL, NULL, NULL, 1),
(786, '2024-12-04 12:12:13', 'إدخال الرواتب: { نوفمبر } للموظف(ة) نزيهة محمدو مرحبه', 8000.00, 'minus', NULL, NULL, 50, NULL, NULL, NULL, 1),
(787, '2024-12-04 12:12:13', 'إدخال الرواتب: { نوفمبر } للموظف(ة) مريم سيدي ', 9000.00, 'minus', NULL, NULL, 51, NULL, NULL, NULL, 1),
(788, '2024-12-04 12:12:13', 'إدخال الرواتب: { نوفمبر } للموظف(ة) ميمونة محمد سالم ', 10000.00, 'minus', NULL, NULL, 52, NULL, NULL, NULL, 1),
(789, '2024-12-04 12:12:13', 'إدخال الرواتب: { نوفمبر } للموظف(ة) احمد ديدة محمد الأمين ', 10000.00, 'minus', NULL, NULL, 53, NULL, NULL, NULL, 1),
(790, '2024-12-04 12:12:13', 'إدخال الرواتب: { نوفمبر } للموظف(ة) الشيخ أحمد ينج', 5000.00, 'minus', NULL, NULL, 54, NULL, NULL, NULL, 1),
(791, '2024-12-04 12:12:13', 'إدخال الرواتب: { نوفمبر } للموظف(ة) اسلم امباله', 8500.00, 'minus', NULL, NULL, 55, NULL, NULL, NULL, 1),
(792, '2024-12-04 12:12:13', 'إدخال الرواتب: { نوفمبر } للموظف(ة) محمد أعل محمود   *حمد*', 6000.00, 'minus', NULL, NULL, 56, NULL, NULL, NULL, 1),
(793, '2024-12-04 12:12:13', 'إدخال الرواتب: { نوفمبر } للموظف(ة) عبد الرحمن الشيخ أحمد ', 15000.00, 'minus', NULL, NULL, 57, NULL, NULL, NULL, 1),
(794, '2024-12-04 12:31:39', 'تسديد رسوم: (مريم بنت محمد الحسن) لشهر ديسمبر', 1000.00, 'plus', 1, NULL, NULL, 992, NULL, NULL, 14),
(795, '2024-12-04 12:41:14', 'القطب ولد الامام : تسديد راتب شهر 11-2024', 10700.00, 'minus', NULL, 1, 34, NULL, NULL, NULL, 14),
(796, '2024-12-04 13:15:11', 'تسديد رسوم: (علي الرضى أحمدو) لشهر نوفمبر', 1000.00, 'plus', NULL, 1, NULL, 751, NULL, NULL, 14),
(797, '2024-12-04 13:20:28', 'الوكيل(ة): أعلي الشيخ لمليح دفع(ت)   رسوم لطالب(ة):  اتفرح اعلي الشيخ لمليحالأشهرديسمبر', 1000.00, 'plus', NULL, 1, NULL, 400, 211, NULL, 14),
(798, '2024-12-04 13:20:53', 'الوكيل(ة): أعلي الشيخ لمليح دفع(ت)   رسوم لطالب(ة):  أحمد باب لمليحالأشهرديسمبر', 1000.00, 'plus', NULL, 1, NULL, 609, 211, NULL, 14),
(799, '2024-12-04 13:21:02', 'تسديد رسوم: (محمد يسلم ابراهيم) لشهر ديسمبر', 1000.00, 'plus', 1, NULL, NULL, 254, NULL, NULL, 1),
(800, '2024-12-04 13:21:28', 'الوكيل(ة): أعلي الشيخ لمليح دفع(ت)   رسوم لطالب(ة):  لحبيب اعل الشيخالأشهرديسمبر', 1000.00, 'plus', NULL, 1, NULL, 611, 211, NULL, 14),
(801, '2024-12-04 13:28:10', 'الوكيل(ة): لعزوز لبات  دفع(ت)   رسوم لطالب(ة):  أحمد محمد يسلم الأشهرديسمبر', 1000.00, 'plus', NULL, 1, NULL, 346, 174, NULL, 14),
(802, '2024-12-04 13:29:16', 'الوكيل(ة): لعزوز لبات  دفع(ت)   رسوم لطالب(ة):  فاطمة محمد يسلم الأشهرديسمبر', 1000.00, 'plus', NULL, 1, NULL, 348, 174, NULL, 14),
(803, '2024-12-04 13:36:32', 'الوكيل(ة): سارة أم العيد  دفع(ت)   رسوم لطالب(ة):  سيدي محمد أحمد عبدوالأشهرنوفمبر', 500.00, 'plus', NULL, 3, NULL, 411, 219, NULL, 14),
(804, '2024-12-04 13:36:51', 'الوكيل(ة): سارة أم العيد  دفع(ت)   رسوم لطالب(ة):  فاطمة أحمد عبدوالأشهرنوفمبر', 800.00, 'plus', NULL, 3, NULL, 412, 219, NULL, 14),
(805, '2024-12-04 13:37:16', 'الوكيل(ة): سارة أم العيد  دفع(ت)   رسوم لطالب(ة):  محمد أحمد عبدوالأشهرنوفمبر', 1000.00, 'plus', NULL, 3, NULL, 858, 219, NULL, 14),
(806, '2024-12-04 13:37:55', 'الوكيل(ة): سارة أم العيد  دفع(ت)   رسوم لطالب(ة):  محمد محمود أحمد عبدوالأشهرنوفمبر', 1000.00, 'plus', NULL, 3, NULL, 861, 219, NULL, 14),
(807, '2024-12-04 13:41:56', 'الوكيل(ة): سيد محمد الهادي  دفع(ت)   رسوم لطالب(ة):  محمد سالم محمد الأشهرديسمبر', 1000.00, 'plus', NULL, 1, NULL, 268, 116, NULL, 14),
(808, '2024-12-04 13:44:19', 'الوكيل(ة): خديجة أحمدو سالم دفع(ت)   رسوم لطالب(ة):  علي الرضى أحمدوالأشهرديسمبر', 1000.00, 'plus', NULL, 1, NULL, 751, 391, NULL, 14),
(809, '2024-12-04 13:51:51', 'الوكيل(ة): محمد المصطفى الداهي دفع(ت)   رسوم لطالب(ة):  سيدي ابراهيم محمد المصطفى الداهيالأشهرديسمبر', 800.00, 'plus', NULL, 1, NULL, 735, 386, NULL, 14),
(810, '2024-12-04 13:52:06', 'الوكيل(ة): محمد المصطفى الداهي دفع(ت)   رسوم لطالب(ة):  كريمة محمد المصطفى الداهي الأشهرديسمبر', 800.00, 'plus', NULL, 1, NULL, 786, 386, NULL, 14),
(811, '2024-12-04 14:01:23', 'الوكيل(ة): عيشة اليدالي دفع(ت)   رسوم لطالب(ة):  اميه أعمرالأشهرديسمبر', 1000.00, 'plus', NULL, 1, NULL, 663, 348, NULL, 14),
(812, '2024-12-04 14:03:33', 'الوكيل(ة): عيشة اليدالي دفع(ت)   رسوم لطالب(ة):  عبد الرحمن أعمرالأشهرديسمبر', 1000.00, 'plus', 0, 1, NULL, 738, 348, NULL, 14),
(813, '2024-12-04 14:03:56', 'الوكيل(ة): عيشة اليدالي دفع(ت)   رسوم لطالب(ة):  محمد أعمر الأشهرديسمبر', 1000.00, 'plus', NULL, 1, NULL, 853, 348, NULL, 14),
(814, '2024-12-04 14:06:28', 'تسديد رسوم: (بدرة الحضرامي ) لشهر نوفمبر', 800.00, 'plus', NULL, 1, NULL, 978, NULL, NULL, 14),
(815, '2024-12-04 15:15:00', 'تسديد رسوم: (خدجة محمد) لشهر ديسمبر', 1200.00, 'plus', NULL, 1, NULL, 527, NULL, NULL, 14),
(816, '2024-12-04 15:18:15', 'الوكيل(ة): حفصة أحمد جدو دفع(ت)   رسوم لطالب(ة):  سيدي يحي سيد محمدالأشهرنوفمبر', 1200.00, 'plus', NULL, 1, NULL, 278, 130, NULL, 14),
(817, '2024-12-04 15:20:32', 'الوكيل(ة): حفصة أحمد جدو دفع(ت)   رسوم لطالب(ة):  محمد سيد محمد الأشهرنوفمبر', 1000.00, 'plus', NULL, 1, NULL, 289, 130, NULL, 14),
(818, '2024-12-04 15:46:47', 'الوكيل(ة): فاطمة خطري دفع(ت)   رسوم لطالب(ة):  زينب محمد الأشهرديسمبر', 1200.00, 'plus', NULL, 1, NULL, 531, 284, NULL, 14),
(819, '2024-12-04 15:47:21', 'الوكيل(ة): فاطمة خطري دفع(ت)   رسوم لطالب(ة):  عبد الشكور محمدالأشهرديسمبر', 1200.00, 'plus', NULL, 1, NULL, 750, 284, NULL, 14),
(820, '2024-12-04 16:22:24', 'تسديد رسوم: (محمد سيد ابات) لشهر ديسمبر', 1000.00, 'plus', 1, NULL, NULL, 560, NULL, NULL, 1),
(821, '2024-12-04 16:23:22', 'تسديد رسوم: (محمد سيد ابات) لشهر أكتوبر', 1000.00, 'plus', 1, NULL, NULL, 560, NULL, NULL, 1),
(822, '2024-12-04 16:23:22', 'تسديد رسوم: (محمد سيد ابات) لشهر نوفمبر', 1000.00, 'plus', 1, NULL, NULL, 560, NULL, NULL, 1),
(825, '2024-12-04 16:52:47', ' : محمد الحسن محفوظ  |  شهر 11-2024', 3900.00, 'minus', NULL, 1, 18, NULL, NULL, NULL, 14),
(826, '2024-12-04 17:08:48', '%D8%B3%D9%8A%D8%AF%D9%8A+%D9%85%D8%AD%D9%85%D8%AF+%D8%A8%D8%A7%D8%A8 : تكملة شهر 11', 8000.00, 'minus', NULL, 1, 27, NULL, NULL, NULL, 1),
(827, '2024-12-04 17:18:09', '%D9%85%D8%AD%D9%85%D8%AF+%D8%A3%D8%B9%D9%84+%D9%85%D8%AD%D9%85%D9%88%D8%AF+++%2A%D8%AD%D9%85%D8%AF%2A : دفعة من 11-2024', 2800.00, 'minus', NULL, 3, 56, NULL, NULL, NULL, 1),
(828, '2024-12-04 17:33:59', 'تسديد رسوم: (خطري الحسن احبيب ) لشهر ديسمبر', 4000.00, 'plus', 1, NULL, NULL, 528, NULL, NULL, 1),
(829, '2024-12-04 17:38:59', 'تسديد رسوم: (محمد الأمين النين ) لشهر نوفمبر', 1000.00, 'plus', 1, NULL, NULL, 828, NULL, NULL, 1),
(830, '2024-12-04 17:47:11', 'تسديد رسوم: (شيخنا  محمد يحي ) لشهر ديسمبر', 1200.00, 'plus', 1, NULL, NULL, 162, NULL, NULL, 1),
(831, '2024-12-04 17:54:51', '%D8%B9%D8%A8%D8%AF+%D8%A7%D9%84%D9%88%D8%AF%D9%88%D8%AF+%D8%A3%D8%AD%D9%85%D8%AF+%D8%A8%D8%A7%D8%A8 : تكملة شهر 11', 9300.00, 'minus', NULL, 1, 19, NULL, NULL, NULL, 1),
(832, '2024-12-04 17:59:24', 'الطالب (ة): محمد سيدي { دجمبر 2024 } ', 1000.00, 'plus', 1, NULL, NULL, 970, NULL, NULL, 1),
(833, '2024-12-04 18:01:19', 'الطالب (ة): بداه محمدن الفتى { دجمبر 2024 } ', 3500.00, 'plus', 1, NULL, NULL, 981, NULL, NULL, 1),
(834, '2024-12-04 18:02:08', 'الطالب (ة): أحمد زيدان { دجمبر 2024 } ', 1000.00, 'plus', 1, NULL, NULL, 963, NULL, NULL, 1),
(835, '2024-12-04 18:03:04', 'تسديد رسوم: (محمد محمد المختار) لشهر ديسمبر', 1200.00, 'plus', NULL, 1, NULL, 140, NULL, NULL, 14),
(836, '2024-12-04 18:31:52', '%D8%A7%D9%84%D8%B4%D9%8A%D8%AE+%D8%A3%D8%AD%D9%85%D8%AF+%D9%8A%D9%86%D8%AC : شهر 11', 5000.00, 'minus', NULL, 1, 54, NULL, NULL, NULL, 1),
(837, '2024-12-04 18:35:54', '%D9%85%D8%AD%D9%85%D8%AF+%D8%A7%D9%84%D8%B4%D9%8A%D8%AE+%D8%A3%D8%AD%D9%85%D8%AF+%D9%81%D8%A7%D9%84 : تعويض ش11 كاملا علي شكل دفعات', 6900.00, 'minus', NULL, 1, 16, NULL, NULL, NULL, 1),
(838, '2024-12-04 18:36:44', '%D9%85%D8%AD%D9%85%D8%AF+%D8%B9%D8%A8%D8%AF%D9%88+ : شهر 11', 7000.00, 'minus', NULL, 1, 30, NULL, NULL, NULL, 1),
(839, '2024-12-04 18:39:18', 'تسديد رسوم: (البخاري محمد ماء العينين  ) لشهر ديسمبر', 1500.00, 'plus', NULL, 1, NULL, 671, NULL, NULL, 1),
(840, '2024-12-04 18:42:13', 'حساب : الصيانة و الأدوات  -{ إصلاح الكهرباء - وشراء المصابيح  }-', 270.00, 'minus', 1, NULL, NULL, NULL, NULL, NULL, 14),
(841, '2024-12-04 18:44:07', 'تسديد رسوم: (محمد الأمين أحمد جدو) لشهر ديسمبر', 1500.00, 'plus', NULL, 1, NULL, 494, NULL, NULL, 1),
(842, '2024-12-04 18:58:03', 'الطالب (ة): فاطمة البتول بدي  { فاطمة البتول بدي |  شهر 10-2024 } ', 1000.00, 'plus', 1, NULL, NULL, 201, NULL, NULL, 14),
(845, '2024-12-04 19:04:49', 'الوكيل(ة): إنجيه آمين دفع(ت)   رسوم لطالب(ة):  المصطاف إنجيهالأشهرنوفمبر', 1000.00, 'plus', 1, NULL, NULL, 246, 100, NULL, 1),
(846, '2024-12-04 19:05:00', 'الوكيل(ة): إنجيه آمين دفع(ت)   رسوم لطالب(ة):  السالك إنجيهالأشهرنوفمبر', 1000.00, 'plus', 1, NULL, NULL, 247, 100, NULL, 1),
(848, '2024-12-04 19:05:45', 'الوكيل(ة): إنجيه آمين دفع(ت)   رسوم لطالب(ة):  محمد المختار إنجيهالأشهرنوفمبر', 1000.00, 'plus', 1, NULL, NULL, 248, 100, NULL, 1),
(849, '2024-12-04 19:06:12', 'نقل الأموال من حساب الصندوق الى حساب بنكيلي { صافي اليومية : 04-12-2024 }', 1730.00, 'minus', 1, NULL, NULL, NULL, NULL, NULL, 14),
(850, '2024-12-04 19:06:12', 'نقل الأموال من حساب الصندوق الى حساب بنكيلي { صافي اليومية : 04-12-2024 }', 1730.00, 'plus', NULL, 1, NULL, NULL, NULL, NULL, 14),
(852, '2024-12-04 19:47:10', '%D8%B3%D9%8A%D8%AF+%D9%85%D8%AD%D9%85%D8%AF+%D8%A7%D9%84%D9%85%D8%B5%D8%B7%D9%81%D9%89 : شهر 11', 13000.00, 'minus', NULL, 1, 38, NULL, NULL, NULL, 1),
(853, '2024-12-04 19:50:01', '%D9%85%D8%AD%D9%85%D8%AF+%D8%B9%D8%A8%D8%AF+%D8%A7%D9%84%D9%84%D9%87+%D8%A8%D8%B1%D9%83%D9%87 : شهر11', 4300.00, 'minus', NULL, 1, 20, NULL, NULL, NULL, 1),
(854, '2024-12-04 19:54:05', 'الوكيل(ة): محمد الراجل دفع(ت)   رسوم لطالب(ة):  أحمد محمد الراجلالأشهرديسمبر', 1000.00, 'plus', NULL, 1, NULL, 594, 323, NULL, 1),
(855, '2024-12-04 19:54:23', 'الوكيل(ة): محمد الراجل دفع(ت)   رسوم لطالب(ة):  خالد محمد الراجلالأشهرديسمبر', 1500.00, 'plus', NULL, 1, NULL, 599, 323, NULL, 1),
(856, '2024-12-04 19:56:35', '%D9%85%D8%AD%D9%85%D8%AF+%D8%A3%D8%A8%D9%88%D8%A8%D9%83%D8%B1+ : شهر 11', 13000.00, 'minus', NULL, 1, 17, NULL, NULL, NULL, 1),
(857, '2024-12-04 19:59:46', '%D9%85%D9%8A%D9%85%D9%88%D9%86%D8%A9+%D9%85%D8%AD%D9%85%D8%AF+%D8%B3%D8%A7%D9%84%D9%85+ : شهر 11', 10000.00, 'minus', NULL, 1, 52, NULL, NULL, NULL, 1),
(858, '2024-12-04 20:04:57', '%D8%A7%D8%B3%D9%84%D9%85+%D8%A7%D9%85%D9%8A%D9%84%D9%8A%D8%AF : شهر 11', 5300.00, 'minus', NULL, 1, 40, NULL, NULL, NULL, 1),
(859, '2024-12-04 20:18:45', '%D8%A7%D9%84%D8%A8%D9%83%D8%A7%D9%8A+%D8%A7%D9%84%D9%83%D9%86%D8%AA%D9%8A+%D9%84%D8%AE%D8%AF%D9%8A%D9%85+ : دفعة من 11-2024', 6000.00, 'minus', NULL, 1, 48, NULL, NULL, NULL, 1),
(860, '2024-12-04 20:25:44', '%D8%A7%D9%84%D9%82%D8%A7%D8%B3%D9%85+%D9%8A%D8%B3%D9%84%D9%85+ : دين من شهر11', 500.00, 'minus', 1, NULL, 44, NULL, NULL, NULL, 1),
(861, '2024-12-06 11:23:37', 'تسديد رسوم: (فاطمة محمد محمود) لشهر نوفمبر', 1000.00, 'plus', 1, NULL, NULL, 969, NULL, NULL, 18),
(862, '2024-12-06 11:35:30', 'تسديد رسوم: (جديلة محمد محمود ) لشهر نوفمبر', 500.00, 'plus', NULL, 1, NULL, 984, NULL, NULL, 18),
(863, '2024-12-06 11:35:30', 'تسديد رسوم: (جديلة محمد محمود ) لشهر ديسمبر', 500.00, 'plus', NULL, 1, NULL, 984, NULL, NULL, 18),
(865, '2024-12-06 11:43:21', 'تسديد رسوم: (خديجة محمد محمود ) لشهر ديسمبر', 500.00, 'plus', NULL, 1, NULL, 980, NULL, NULL, 18),
(866, '2024-12-06 11:59:24', 'تسديد رسوم: (صفية مولاي بارداس) لشهر ديسمبر', 1000.00, 'plus', NULL, 1, NULL, 948, NULL, NULL, 18),
(867, '2024-12-06 12:00:16', 'تسديد رسوم: (صفية مولاي بارداس) لشهر ديسمبر', 800.00, 'plus', NULL, 1, NULL, 948, NULL, NULL, 18),
(868, '2024-12-06 12:10:10', 'تسديد رسوم: (زينب محمد كابر ) لشهر ديسمبر', 1000.00, 'plus', NULL, 1, NULL, 949, NULL, NULL, 18),
(869, '2024-12-06 12:11:30', 'تسديد رسوم: (زينب محمد كابر ) لشهر ديسمبر', 800.00, 'plus', NULL, 1, NULL, 949, NULL, NULL, 18),
(870, '2024-12-06 12:11:31', 'تسديد رسوم: (زينب محمد كابر ) لشهر ديسمبر', 800.00, 'plus', NULL, 1, NULL, 949, NULL, NULL, 18),
(871, '2024-12-06 12:31:58', 'تسديد رسوم: (سميه اخليل) لشهر ديسمبر', 800.00, 'plus', 1, NULL, NULL, 950, NULL, NULL, 18),
(872, '2024-12-06 12:32:14', 'تسديد رسوم: (سميه اخليل) لشهر ديسمبر', 800.00, 'plus', NULL, 1, NULL, 950, NULL, NULL, 18),
(873, '2024-12-06 12:32:42', 'تسديد رسوم: (سميه اخليل) لشهر ديسمبر', 800.00, 'plus', NULL, 1, NULL, 950, NULL, NULL, 18),
(874, '2024-12-06 12:33:17', 'تسديد رسوم: (زيري محمد فال ) لشهر ديسمبر', 800.00, 'plus', NULL, 1, NULL, 951, NULL, NULL, 18),
(875, '2024-12-06 12:34:30', 'تسديد رسوم: (منت النبي التقي) لشهر نوفمبر', 800.00, 'plus', NULL, 1, NULL, 953, NULL, NULL, 18),
(876, '2024-12-06 12:34:30', 'تسديد رسوم: (منت النبي التقي) لشهر ديسمبر', 800.00, 'plus', NULL, 1, NULL, 953, NULL, NULL, 18),
(877, '2024-12-06 13:00:26', 'تسديد رسوم: (احمدو محمد فال ) لشهر ديسمبر', 800.00, 'plus', NULL, 1, NULL, 952, NULL, NULL, 18),
(878, '2024-12-06 13:02:31', 'تسديد رسوم: (رحمة ابراهيم) لشهر ديسمبر', 800.00, 'plus', NULL, 1, NULL, 955, NULL, NULL, 18),
(879, '2024-12-06 13:04:19', 'تسديد رسوم: (امريم محمد حبيب) لشهر ديسمبر', 800.00, 'plus', NULL, 1, NULL, 956, NULL, NULL, 18),
(880, '2024-12-06 13:05:28', 'تسديد رسوم: (امريم محمد حبيب) لشهر ديسمبر', 800.00, 'plus', NULL, 1, NULL, 956, NULL, NULL, 18),
(881, '2024-12-06 13:05:28', 'تسديد رسوم: (امريم محمد حبيب) لشهر ديسمبر', 800.00, 'plus', NULL, 1, NULL, 956, NULL, NULL, 18),
(882, '2024-12-06 13:05:29', 'تسديد رسوم: (امريم محمد حبيب) لشهر ديسمبر', 800.00, 'plus', NULL, 1, NULL, 956, NULL, NULL, 18),
(883, '2024-12-06 13:07:56', 'تسديد رسوم: (فايزة محمد بده) لشهر ديسمبر', 800.00, 'plus', NULL, 1, NULL, 957, NULL, NULL, 18),
(884, '2024-12-06 13:08:45', 'تسديد رسوم: (خديجة الكوري) لشهر ديسمبر', 800.00, 'plus', NULL, 1, NULL, 958, NULL, NULL, 18),
(885, '2024-12-06 13:09:58', 'تسديد رسوم: (مام اسماعيل) لشهر ديسمبر', 800.00, 'plus', NULL, 3, NULL, 959, NULL, NULL, 18),
(886, '2024-12-06 13:13:18', 'تسديد رسوم: (محجوبة محمد) لشهر ديسمبر', 800.00, 'plus', NULL, 1, NULL, 960, NULL, NULL, 18),
(887, '2024-12-06 13:21:30', 'تسديد رسوم: (أم كلثوم سيد المختار) لشهر ديسمبر', 800.00, 'plus', NULL, 1, NULL, 973, NULL, NULL, 18),
(888, '2024-12-06 13:23:02', 'تسديد رسوم: (مريم الفاضل) لشهر ديسمبر', 800.00, 'plus', NULL, 1, NULL, 974, NULL, NULL, 18),
(889, '2024-12-06 13:24:17', 'تسديد رسوم: (فاطمة محمدو فال ) لشهر ديسمبر', 800.00, 'plus', NULL, 1, NULL, 975, NULL, NULL, 18),
(890, '2024-12-06 13:24:18', 'تسديد رسوم: (فاطمة محمدو فال ) لشهر ديسمبر', 800.00, 'plus', NULL, 1, NULL, 975, NULL, NULL, 18),
(891, '2024-12-06 13:25:38', 'تسديد رسوم: (آسية محمد سالم ) لشهر ديسمبر', 800.00, 'plus', NULL, 1, NULL, 976, NULL, NULL, 18),
(892, '2024-12-06 13:36:01', 'تسديد رسوم: (ميمونه سيد محمد) لشهر ديسمبر', 1000.00, 'plus', NULL, 1, NULL, 961, NULL, NULL, 18),
(893, '2024-12-06 13:36:44', 'تسديد رسوم: (مريم محمد فال ) لشهر ديسمبر', 800.00, 'plus', NULL, 1, NULL, 972, NULL, NULL, 18),
(894, '2024-12-06 13:46:08', 'تسديد رسوم: (بدرة الحضرامي ) لشهر ديسمبر', 800.00, 'plus', NULL, 1, NULL, 978, NULL, NULL, 18),
(895, '2024-12-06 13:47:01', 'تسديد رسوم: (التبره محمد يسلم ) لشهر ديسمبر', 500.00, 'plus', NULL, 1, NULL, 979, NULL, NULL, 18),
(896, '2024-12-06 13:47:41', 'تسديد رسوم: (مريم اسلمو ابلال) لشهر ديسمبر', 1000.00, 'plus', NULL, 1, NULL, 977, NULL, NULL, 18),
(897, '2024-12-06 13:48:56', 'تسديد رسوم: (خديجة محمد عبد الله) لشهر ديسمبر', 500.00, 'plus', NULL, 1, NULL, 982, NULL, NULL, 18),
(898, '2024-12-06 13:50:29', 'تسديد رسوم: (العربية اسلموا) لشهر ديسمبر', 500.00, 'plus', NULL, 1, NULL, 986, NULL, NULL, 18),
(899, '2024-12-06 13:51:27', 'تسديد رسوم: (عائشة المصطفى) لشهر ديسمبر', 500.00, 'plus', NULL, 1, NULL, 987, NULL, NULL, 18),
(900, '2024-12-06 13:53:55', 'تسديد رسوم: (زينب المصطفى) لشهر ديسمبر', 500.00, 'plus', NULL, 1, NULL, 988, NULL, NULL, 18),
(901, '2024-12-06 13:54:40', 'تسديد رسوم: (فايزة محمد محمود ) لشهر ديسمبر', 500.00, 'plus', NULL, 1, NULL, 989, NULL, NULL, 18),
(902, '2024-12-06 13:59:32', 'تسديد رسوم: (مرادي محمد خالد ) لشهر ديسمبر', 500.00, 'plus', NULL, 1, NULL, 990, NULL, NULL, 18);
INSERT INTO `transactions` (`id`, `transaction_date`, `transaction_description`, `amount`, `transaction_type`, `fund_id`, `bank_account_id`, `employee_id`, `student_id`, `agent_id`, `activitie_id`, `user_id`) VALUES
(903, '2024-12-06 14:01:42', 'تسديد رسوم: (مريم عبد الله ) لشهر ديسمبر', 500.00, 'plus', NULL, 1, NULL, 991, NULL, NULL, 18),
(904, '2024-12-06 14:04:59', 'تسديد رسوم: (محمد المصطفى الكتاب) لشهر ديسمبر', 800.00, 'plus', NULL, 1, NULL, 946, NULL, NULL, 18),
(905, '2024-12-06 15:26:43', 'تسديد رسوم: (أمامه محمد ديدي ) لشهر ديسمبر', 800.00, 'plus', NULL, 1, NULL, 993, NULL, NULL, 18),
(906, '2024-12-06 15:28:29', 'تسديد رسوم: (أمامه محمد ديدي ) لشهر ديسمبر', 800.00, 'plus', NULL, 2, NULL, 993, NULL, NULL, 18),
(907, '2024-12-06 15:41:41', 'تسديد رسوم: (حد زين *محمد الإمام  اشمخ ببانه) لشهر ديسمبر', 1000.00, 'plus', NULL, 1, NULL, 341, NULL, NULL, 1),
(908, '2024-12-06 20:06:24', 'الطالب(ة) سدد(ت)  السعد أحمدو الجنيدي  الأشهر: { نوفمبر } ', 1000.00, 'plus', NULL, 1, NULL, 827, NULL, NULL, 1),
(909, '2024-12-06 20:10:12', 'الطالب(ة) سدد(ت)  أحمد عبد القادر  الأشهر: { ديسمبر } ', 1500.00, 'plus', NULL, 1, NULL, 300, NULL, NULL, 1),
(910, '2024-12-06 20:11:41', 'الوكيل(ة): أحمدو الندى(22433992)  دفع(ت) الأشهر { ديسمبر }لطالب(ة): عيشة الندى', 1200.00, 'plus', NULL, 1, NULL, 407, 218, NULL, 1),
(911, '2024-12-06 20:12:32', 'الوكيل(ة): أحمدو الندى(22433992)  دفع(ت) الأشهر { ديسمبر }لطالب(ة): سيدي محمد الندى ', 1200.00, 'plus', NULL, 1, NULL, 619, 218, NULL, 1),
(912, '2024-12-06 20:13:09', 'الوكيل(ة): أحمدو الندى(22433992)  دفع(ت) الأشهر { ديسمبر }لطالب(ة): أم البنين الندى ', 1200.00, 'plus', NULL, 1, NULL, 658, 218, NULL, 1),
(913, '2024-12-06 20:18:13', 'الوكيل(ة): رقية حمود (36323081)  دفع(ت) الأشهر { ديسمبر }لطالب(ة): محمد محمود الشيخ حمد', 1000.00, 'plus', NULL, 1, NULL, 230, 90, NULL, 1),
(914, '2024-12-06 20:18:38', 'الوكيل(ة): رقية حمود (36323081)  دفع(ت) الأشهر { ديسمبر }لطالب(ة): سيدي مولود سيد الأمين ', 1000.00, 'plus', NULL, 1, NULL, 391, 90, NULL, 1),
(915, '2024-12-06 20:20:46', 'الوكيل(ة): رقية حمود (36323081)  دفع(ت) الأشهر { ديسمبر }لطالب(ة): صلاح الشيخ حمد ', 1000.00, 'plus', NULL, 1, NULL, 395, 90, NULL, 1),
(916, '2024-12-07 09:20:19', 'الطالب(ة) سدد(ت)  المصطفى محمد سالم الأشهر: { ديسمبر } ', 1200.00, 'plus', 1, NULL, NULL, 747, NULL, NULL, 1),
(917, '2024-12-07 09:34:42', 'الوكيل(ة): ميمات سيدي  محمود(22162300)  دفع(ت) الأشهر { ديسمبر }لطالب(ة): خديجة محفوظ', 1000.00, 'plus', 1, NULL, NULL, 382, 199, NULL, 14),
(919, '2024-12-07 09:49:54', 'الوكيل(ة): مليكة ماء العينين (48174343)  دفع(ت) الأشهر { ديسمبر }لطالب(ة): تحي حمود ', 800.00, 'plus', 1, NULL, NULL, 467, 156, NULL, 14),
(920, '2024-12-07 09:52:05', 'الوكيل(ة): حداه(34411718)  دفع(ت) الأشهر { ديسمبر }لطالب(ة): عبد الحي حداه', 1000.00, 'plus', 1, NULL, NULL, 867, 179, NULL, 1),
(921, '2024-12-07 09:52:18', 'الوكيل(ة): حداه(34411718)  دفع(ت) الأشهر { ديسمبر }لطالب(ة): محمد يحظيه حداه', 1000.00, 'plus', 1, NULL, NULL, 589, 179, NULL, 1),
(922, '2024-12-07 09:52:36', 'الوكيل(ة): حداه(34411718)  دفع(ت) الأشهر { ديسمبر }لطالب(ة): عبد الله حداه ', 1000.00, 'plus', 1, NULL, NULL, 355, 179, NULL, 1),
(923, '2024-12-07 09:56:34', 'الطالب(ة) سدد(ت)  السالمة عبد القادر الأشهر: { ديسمبر } ', 1400.00, 'plus', 1, NULL, NULL, 511, NULL, NULL, 14),
(924, '2024-12-07 10:03:31', 'الوكيل(ة): لالة عابدين (47076357)  دفع(ت) الأشهر { ديسمبر }لطالب(ة): خديخة خيري', 1000.00, 'plus', NULL, 4, NULL, 994, 464, NULL, 14),
(925, '2024-12-07 10:17:20', 'الطالب(ة) سدد(ت)  سلمى الحسن  الأشهر: { ديسمبر } ', 1200.00, 'plus', 1, NULL, NULL, 427, NULL, NULL, 1),
(926, '2024-12-07 11:10:37', 'الطالب(ة): اعزيزة لقلال  { دفع رسوم اكتوبر } ', 1000.00, 'plus', NULL, 1, NULL, 384, NULL, NULL, 17),
(927, '2024-12-07 11:10:37', 'الطالب(ة) سدد(ت)  اعزيزة لقلال  الأشهر: { نوفمبر } ', 1000.00, 'plus', NULL, 1, NULL, 384, NULL, NULL, 17),
(928, '2024-12-07 11:12:52', 'الوكيل(ة): فوكهم سيد محمد(43308320)  دفع(ت) الأشهر { ديسمبر }لطالب(ة): غلانه محمد الامين', 1000.00, 'plus', 1, NULL, NULL, 461, 246, NULL, 14),
(929, '2024-12-07 11:13:10', 'الوكيل(ة): فوكهم سيد محمد(43308320)  دفع(ت) الأشهر { ديسمبر }لطالب(ة): العزة محمد الامين', 1000.00, 'plus', 1, NULL, NULL, 462, 246, NULL, 14),
(930, '2024-12-07 11:13:11', 'الطالب(ة) سدد(ت)  عبدو الله محمد  الأشهر: { نوفمبر } ', 1000.00, 'plus', 1, NULL, NULL, 694, NULL, NULL, 17),
(931, '2024-12-07 11:13:21', 'الوكيل(ة): فوكهم سيد محمد(43308320)  دفع(ت) الأشهر { ديسمبر }لطالب(ة): فاطمة زيدان', 1000.00, 'plus', 1, NULL, NULL, 464, 246, NULL, 14),
(932, '2024-12-07 11:18:52', ' الموظف(ة): احمد ديدة محمد الأمين ,  شهر 11', 10000.00, 'minus', NULL, 1, 53, NULL, NULL, NULL, 1),
(933, '2024-12-07 11:42:58', 'الوكيل(ة): فاطمة (44739172)  دفع(ت) الأشهر { ديسمبر }لطالب(ة): مصعب سيدي محمد ', 1200.00, 'plus', 1, NULL, NULL, 264, 119, NULL, 17),
(934, '2024-12-07 11:43:05', 'الوكيل(ة): فاطمة (44739172)  دفع(ت) الأشهر { ديسمبر }لطالب(ة): مريم محمد', 1200.00, 'plus', 1, NULL, NULL, 265, 119, NULL, 17),
(935, '2024-12-07 12:00:40', ' الموظف(ة): عبد الحميد بركه,  تسديد الباقي من راتب شهر 11-2024', 4000.00, 'minus', NULL, 1, 21, NULL, NULL, NULL, 14),
(936, '2024-12-07 12:00:50', 'الوكيل(ة): محمد المختار(26754444)  دفع(ت) الأشهر { ديسمبر }لطالب(ة): محمد فال محمد المختار', 1000.00, 'plus', NULL, 1, NULL, 249, 101, NULL, 17),
(937, '2024-12-07 12:01:00', 'الوكيل(ة): محمد المختار(26754444)  دفع(ت) الأشهر { ديسمبر }لطالب(ة): أحمد محمد المختار', 1000.00, 'plus', NULL, 1, NULL, 736, 101, NULL, 17),
(938, '2024-12-07 12:05:03', ' الموظف(ة): محمد العاقب الامام,  تسديد : راتب شهر 11-2024', 8000.00, 'minus', NULL, 1, 35, NULL, NULL, NULL, 14),
(939, '2024-12-07 15:30:58', 'الوكيل(ة): لمات بنت محمذن فال(33336806)  دفع(ت) الأشهر { ديسمبر }لطالب(ة): عيشة دداه ', 1200.00, 'plus', 1, NULL, NULL, 386, 203, NULL, 14),
(940, '2024-12-07 16:11:38', 'الوكيل(ة): عيشة بوبالي(32329080)  دفع(ت) الأشهر { نوفمبر }لطالب(ة): سيدنا عبد الفتاح', 1200.00, 'plus', NULL, 1, NULL, 235, 92, NULL, 17),
(941, '2024-12-07 16:11:56', 'الوكيل(ة): عيشة بوبالي(32329080)  دفع(ت) الأشهر { نوفمبر }لطالب(ة): عبد الله القرشي', 1200.00, 'plus', NULL, 1, NULL, 233, 92, NULL, 17),
(942, '2024-12-07 16:12:14', 'الوكيل(ة): زينب أحمد(42109680)  دفع(ت) الأشهر { ديسمبر }لطالب(ة): آمنة سيدي محمد ', 900.00, 'plus', 1, NULL, NULL, 995, 425, NULL, 14),
(943, '2024-12-07 16:13:24', 'الوكيل(ة): ياسر الكيحل(33335243)  دفع(ت) الأشهر { ديسمبر }لطالب(ة): مريم الطاهر ', 1200.00, 'plus', 1, NULL, NULL, 515, 271, NULL, 14),
(944, '2024-12-07 16:13:34', 'الوكيل(ة): ياسر الكيحل(33335243)  دفع(ت) الأشهر { ديسمبر }لطالب(ة): السالكة الطاهر ', 1200.00, 'plus', 1, NULL, NULL, 518, 271, NULL, 14),
(945, '2024-12-07 17:25:25', 'الطالب(ة) سدد(ت)  محمد يحي سيدي محمد الأشهر: { ديسمبر } ', 1200.00, 'plus', NULL, 1, NULL, 633, NULL, NULL, 17),
(946, '2024-12-07 17:26:29', 'الطالب(ة) سدد(ت)  البتول الطالب دحمان  الأشهر: { ديسمبر } ', 1000.00, 'plus', NULL, 1, NULL, 814, NULL, NULL, 17),
(947, '2024-12-07 17:48:45', 'الوكيل(ة): اشريفة الشيخ(22660484)  دفع(ت) الأشهر { ديسمبر }لطالب(ة): سارة محمد محمود', 1500.00, 'plus', NULL, 1, NULL, 352, 175, NULL, 17),
(949, '2024-12-07 17:50:41', 'الوكيل(ة): اشريفة الشيخ(22660484)  دفع(ت) الأشهر { ديسمبر }لطالب(ة): مريم أحمد', 800.00, 'plus', NULL, 1, NULL, 572, 175, NULL, 17),
(950, '2024-12-07 17:51:23', 'الوكيل(ة): اشريفة الشيخ(22660484)  دفع(ت)  { نصف شهر 10/2024 لجميع الأفراد }لطالب(ة): محمد محمد محمود', 1500.00, 'plus', NULL, 1, NULL, 632, 175, NULL, 17),
(951, '2024-12-07 17:51:23', 'الوكيل(ة): اشريفة الشيخ(22660484)  دفع(ت) الأشهر { ديسمبر }لطالب(ة): محمد محمد محمود', 1000.00, 'plus', NULL, 1, NULL, 632, 175, NULL, 17),
(954, '2024-12-07 17:52:06', 'الوكيل(ة): اشريفة الشيخ(22660484)  دفع(ت) الأشهر { ديسمبر }لطالب(ة): محمد السالم محمد محمود', 1200.00, 'plus', NULL, 1, NULL, 684, 175, NULL, 17),
(955, '2024-12-07 18:04:28', 'الطالب(ة) سدد(ت)  الشيخ بان محمد عبد الله  الأشهر: { ديسمبر } ', 1000.00, 'plus', NULL, 1, NULL, 996, NULL, NULL, 17),
(956, '2024-12-07 18:41:50', 'الوكيل(ة): بشرى البشير (34175616)  دفع(ت) الأشهر { نوفمبر }لطالب(ة): فاطمة الزهراء السالك ', 1000.00, 'plus', NULL, 1, NULL, 451, 241, NULL, 17),
(957, '2024-12-07 18:42:37', 'الوكيل(ة): بشرى البشير (34175616)  دفع(ت) الأشهر { نوفمبر }لطالب(ة): محمد السالك', 1000.00, 'plus', NULL, 1, NULL, 540, 241, NULL, 17),
(958, '2024-12-07 18:42:47', 'الوكيل(ة): بشرى البشير (34175616)  دفع(ت) الأشهر { نوفمبر }لطالب(ة): حميدة السالك', 1000.00, 'plus', NULL, 1, NULL, 824, 241, NULL, 17),
(959, '2024-12-07 18:47:25', 'الوكيل(ة): عيشة ابوك(26443309)  دفع(ت) الأشهر { نوفمبر }لطالب(ة): محمد فاضل محمدن ', 3500.00, 'plus', NULL, 1, NULL, 530, 283, NULL, 17),
(960, '2024-12-07 18:51:07', 'الطالب(ة) سدد(ت)  بادي محمد  الأشهر: { ديسمبر } ', 1500.00, 'plus', NULL, 1, NULL, 849, NULL, NULL, 17),
(961, '2024-12-07 19:08:58', ' الموظف(ة): زينب ,  تسديد راتب شهر 11-2024', 6000.00, 'minus', 1, NULL, 33, NULL, NULL, NULL, 14),
(962, '2024-12-07 19:10:05', ' الموظف(ة): حدمين سيدي عالي,  راتب 13-يوم من شهر 11-2024', 4330.00, 'minus', 1, NULL, 46, NULL, NULL, NULL, 14),
(963, '2024-12-07 19:20:27', 'الطالب(ة) سدد(ت)  المصطفى ألمين فال  الأشهر: { ديسمبر } ', 3500.00, 'plus', NULL, 1, NULL, 523, NULL, NULL, 17),
(964, '2024-12-07 19:28:03', 'الوكيل(ة): فاطمة  المعزوز(48930177)  دفع(ت) الأشهر { ديسمبر }لطالب(ة): محمد عبد القادر السالك ', 1500.00, 'plus', NULL, 1, NULL, 512, 268, NULL, 17),
(965, '2024-12-07 19:28:19', 'الوكيل(ة): فاطمة  المعزوز(48930177)  دفع(ت) الأشهر { ديسمبر }لطالب(ة): أم كلثوم السالك ', 1000.00, 'plus', NULL, 1, NULL, 608, 268, NULL, 17),
(966, '2024-12-07 19:29:45', 'الطالب(ة) سدد(ت)  الناجي يب الأشهر: { ديسمبر } ', 3500.00, 'plus', NULL, 1, NULL, 313, NULL, NULL, 17),
(967, '2024-12-07 21:11:38', 'الطالب(ة) سدد(ت)  سعد بوه محمد فال الأشهر: { ديسمبر } ', 1200.00, 'plus', NULL, 1, NULL, 860, NULL, NULL, 17),
(968, '2024-12-07 22:07:37', 'الطالب(ة) سدد(ت)  محمد محمود يحي الأشهر: { ديسمبر } ', 1200.00, 'plus', NULL, 1, NULL, 707, NULL, NULL, 17),
(969, '2024-12-07 22:20:11', 'الطالب(ة) سدد(ت)  جمال محمد الأشهر: { ديسمبر } ', 1000.00, 'plus', NULL, 1, NULL, 848, NULL, NULL, 17),
(970, '2024-12-08 08:59:11', 'الوكيل(ة): نفيسة عالى (26303653)  دفع(ت) الأشهر { نوفمبر }لطالب(ة): رقية محمد الأمين ', 1000.00, 'plus', NULL, 1, NULL, 216, 80, NULL, 17),
(971, '2024-12-08 08:59:28', 'الوكيل(ة): نفيسة عالى (26303653)  دفع(ت) الأشهر { نوفمبر }لطالب(ة): البتول محمد الأمين ', 1500.00, 'plus', NULL, 1, NULL, 424, 80, NULL, 17),
(972, '2024-12-08 09:13:36', 'الوكيل(ة): نفيسة عالى (26303653)  دفع(ت) الأشهر { نوفمبر }لطالب(ة): معاذ محمد الأمين ', 3500.00, 'plus', NULL, 1, NULL, 516, 80, NULL, 17),
(973, '2024-12-08 09:35:00', 'الطالب(ة) سدد(ت)  محمد محمد سالم مسعود الأشهر: { ديسمبر } ', 1000.00, 'plus', 1, NULL, NULL, 715, NULL, NULL, 17),
(974, '2024-12-08 09:50:33', 'الطالب(ة) سدد(ت)  جميلة عمر الأشهر: { ديسمبر } ', 800.00, 'plus', 1, NULL, NULL, 662, NULL, NULL, 14),
(975, '2024-12-08 09:51:08', ' الموظف(ة): مريم سيدي ,  تكملة شهر 11', 5000.00, 'minus', 1, NULL, 51, NULL, NULL, NULL, 17),
(976, '2024-12-08 09:52:05', ' الموظف(ة): منة ودادي,  شهر 11 ', 4000.00, 'minus', 1, NULL, 22, NULL, NULL, NULL, 17),
(977, '2024-12-08 09:55:20', 'حساب : المشتريات  -{ كدو+كاز+ }-', 200.00, 'minus', 1, NULL, NULL, NULL, NULL, NULL, 17),
(978, '2024-12-08 10:23:22', 'الطالب(ة) سدد(ت)  مريم يحي الأشهر: { نوفمبر } ', 800.00, 'plus', 1, NULL, NULL, 452, NULL, NULL, 14),
(979, '2024-12-08 17:33:06', 'الطالب(ة) سدد(ت)  محمد فال محمد سالم  الأشهر: { ديسمبر } ', 1000.00, 'plus', NULL, 1, NULL, 218, NULL, NULL, 1),
(980, '2024-12-08 17:38:26', 'الوكيل(ة): حمود (22315612)  دفع(ت) الأشهر { نوفمبر }لطالب(ة): عائشة أحمد حمود ', 1000.00, 'plus', NULL, 1, NULL, 435, 232, NULL, 17),
(981, '2024-12-08 17:38:38', 'الوكيل(ة): حمود (22315612)  دفع(ت) الأشهر { نوفمبر }لطالب(ة): توت أحمد حمود', 800.00, 'plus', NULL, 1, NULL, 659, 232, NULL, 17),
(982, '2024-12-08 17:38:48', 'الوكيل(ة): حمود (22315612)  دفع(ت) الأشهر { نوفمبر }لطالب(ة): محمد أحمد حمود', 1000.00, 'plus', NULL, 1, NULL, 704, 232, NULL, 17),
(983, '2024-12-08 17:41:16', 'الوكيل(ة): حمود (22315612)  دفع(ت) الأشهر { نوفمبر }لطالب(ة): أمينة حمود', 1000.00, 'plus', NULL, 1, NULL, 326, 232, NULL, 17),
(985, '2024-12-08 18:15:02', 'الوكيل(ة): مريم مولاي عبد الرحمن(22315770)  دفع(ت) الأشهر { نوفمبر, ديسمبر }لطالب(ة): مولاي محمد فال', 2000.00, 'plus', 1, NULL, NULL, 583, 320, NULL, 17),
(986, '2024-12-08 18:15:16', 'الوكيل(ة): مريم مولاي عبد الرحمن(22315770)  دفع(ت) الأشهر { نوفمبر, ديسمبر }لطالب(ة): حمود محمود فال', 2000.00, 'plus', 1, NULL, NULL, 584, 320, NULL, 17),
(988, '2024-12-08 18:29:24', 'الطالب(ة) سدد(ت)  أسماء البو الأشهر: { نوفمبر } ', 1000.00, 'plus', NULL, 1, NULL, 648, NULL, NULL, 17),
(990, '2024-12-09 08:50:56', 'الطالب (ة): النعمة سيدي محمد عبد الله { دجمبر 2024 } ', 1000.00, 'plus', 1, NULL, NULL, 1000, NULL, NULL, 1),
(991, '2024-12-09 09:32:31', ' الموظف(ة): امحمد أحمدو امباله,  حولي +المنزل ', 650.00, 'minus', 1, NULL, 15, NULL, NULL, NULL, 17),
(992, '2024-12-09 09:36:37', 'حساب : المشتريات  -{ أواني  }-', 4020.00, 'minus', 1, NULL, NULL, NULL, NULL, NULL, 17),
(993, '2024-12-09 09:38:51', 'حساب : الأجور  -{ لصالح حمد السفرة  }-', 3500.00, 'minus', 1, NULL, NULL, NULL, NULL, NULL, 17),
(994, '2024-12-09 10:35:23', ' الموظف(ة): عمر أن محمود,  نوفمبر2024', 9000.00, 'minus', NULL, 1, 31, NULL, NULL, NULL, 1),
(995, '2024-12-09 10:58:14', 'الوكيل(ة): محمد الشيخ النعمة(42116355)  دفع(ت) الأشهر { نوفمبر }لطالب(ة): إبراهيم محمد', 1000.00, 'plus', NULL, NULL, NULL, 592, 222, NULL, 14),
(996, '2024-12-09 10:58:35', 'الوكيل(ة): محمد الشيخ النعمة(42116355)  دفع(ت) الأشهر { نوفمبر }لطالب(ة): فاطمة محمد', 1000.00, 'plus', NULL, 1, NULL, 614, 222, NULL, 14),
(997, '2024-12-09 10:58:47', 'الوكيل(ة): محمد الشيخ النعمة(42116355)  دفع(ت) الأشهر { نوفمبر }لطالب(ة): خديجة محمد ', 1000.00, 'plus', NULL, 1, NULL, 615, 222, NULL, 14),
(998, '2024-12-09 10:59:00', 'الوكيل(ة): محمد الشيخ النعمة(42116355)  دفع(ت) الأشهر { نوفمبر }لطالب(ة): عبد الله محمد الشيخ النعمة', 1000.00, 'plus', NULL, 1, NULL, 767, 222, NULL, 14),
(999, '2024-12-09 10:59:22', 'الوكيل(ة): محمد الشيخ النعمة(42116355)  دفع(ت) الأشهر { نوفمبر }لطالب(ة): الداه الشيخ النعمة ', 1000.00, 'plus', NULL, 1, NULL, 933, 222, NULL, 14),
(1000, '2024-12-09 11:00:19', 'الوكيل(ة): محمد الشيخ النعمة(42116355) دفع(ت) { حصة تقوية لصالح : وكيلة أبناء الشيخ النعة }لطالب(ة): ', 500.00, 'plus', NULL, 1, NULL, 0, 222, NULL, 14),
(1001, '2024-12-09 17:03:30', 'حساب : الصيانة و الأدوات  -{ إصلاح مقعد إدارة الدروس  }-', 100.00, 'minus', 1, NULL, NULL, NULL, NULL, NULL, 14),
(1002, '2024-12-07 17:04:15', 'حساب : المشتريات  -{ مشتريات متفرقة  }-', 50.00, 'minus', 1, NULL, NULL, NULL, NULL, NULL, 14),
(1003, '2024-12-07 17:22:27', 'حساب : الأجور  -{ الموظف حدمين - تكملة 13-يوم  }-', 430.00, 'minus', 1, NULL, NULL, NULL, NULL, NULL, 14),
(1004, '2024-12-07 17:23:25', ' الموظف(ة): محمد الشيخ أحمد فال,  شهر 12-2024', 50.00, 'minus', 1, NULL, 16, NULL, NULL, NULL, 14),
(1005, '2024-12-08 17:29:41', 'نقل الأموال من حساب الصندوق الى حساب بنكيلي { صافي يومية 08-12-2024 }', 1600.00, 'minus', 1, NULL, NULL, NULL, NULL, NULL, 14),
(1006, '2024-12-08 17:29:41', 'نقل الأموال من حساب الصندوق الى حساب بنكيلي { صافي يومية 08-12-2024 }', 1600.00, 'plus', 0, 1, NULL, NULL, NULL, NULL, 14),
(1007, '2024-12-09 17:45:59', 'الوكيل(ة): سعدنا سيدي عبد الرحمن(22083545)  دفع(ت) الأشهر { نوفمبر, ديسمبر }لطالب(ة): عاتكة سعدنا', 1600.00, 'plus', NULL, 1, NULL, 385, 202, NULL, 14),
(1008, '2024-12-09 17:46:14', 'الوكيل(ة): سعدنا سيدي عبد الرحمن(22083545)  دفع(ت) الأشهر { نوفمبر, ديسمبر }لطالب(ة): عيشة سعدنا ', 1600.00, 'plus', NULL, 1, NULL, 431, 202, NULL, 14),
(1009, '2024-12-09 17:46:33', 'الوكيل(ة): سعدنا سيدي عبد الرحمن(22083545)  دفع(ت) الأشهر { نوفمبر, ديسمبر }لطالب(ة): المعنية سعدنا ', 1600.00, 'plus', NULL, 1, NULL, 495, 202, NULL, 14),
(1010, '2024-12-09 17:46:50', 'الوكيل(ة): سعدنا سيدي عبد الرحمن(22083545)  دفع(ت) الأشهر { نوفمبر, ديسمبر }لطالب(ة): فاطمة سعدنا ', 1600.00, 'plus', NULL, 1, NULL, 499, 202, NULL, 14),
(1011, '2024-12-09 17:47:06', 'الوكيل(ة): سعدنا سيدي عبد الرحمن(22083545)  دفع(ت) الأشهر { نوفمبر, ديسمبر }لطالب(ة): سيدي سعدنا ', 1600.00, 'plus', NULL, 1, NULL, 734, 202, NULL, 14),
(1012, '2024-12-09 17:51:27', 'الوكيل(ة): السالمة محمد المختار(22066030)  دفع(ت) الأشهر { ديسمبر }لطالب(ة): فاطمة الزهراء محمد المختار', 1200.00, 'plus', NULL, 1, NULL, 436, 233, NULL, 14),
(1013, '2024-12-09 17:51:51', 'الوكيل(ة): السالمة محمد المختار(22066030)  دفع(ت) الأشهر { ديسمبر }لطالب(ة): أمنة محمد المختار', 1200.00, 'plus', NULL, 1, NULL, 437, 233, NULL, 14),
(1014, '2024-12-09 17:52:16', 'الوكيل(ة): السالمة محمد المختار(22066030)  دفع(ت) الأشهر { ديسمبر }لطالب(ة): أمنة محمد المختار', 1200.00, 'plus', NULL, 1, NULL, 437, 233, NULL, 14),
(1015, '2024-12-09 23:40:49', 'الطالب(ة) سدد(ت)  ممين محمد الأمين الأشهر: { ديسمبر } ', 1000.00, 'plus', NULL, 1, NULL, 153, NULL, NULL, 1),
(1016, '2024-12-10 08:47:50', 'الوكيل(ة): زينب يعقوب(49375958)  دفع(ت) الأشهر { نوفمبر }لطالب(ة): فاطمة أحمد', 1200.00, 'plus', NULL, 1, NULL, 285, 133, NULL, 17),
(1017, '2024-12-10 08:48:01', 'الوكيل(ة): زينب يعقوب(49375958)  دفع(ت) الأشهر { نوفمبر }لطالب(ة): يوسف أحمد', 1500.00, 'plus', NULL, 1, NULL, 298, 133, NULL, 17),
(1018, '2024-12-10 08:48:18', 'الوكيل(ة): زينب يعقوب(49375958)  دفع(ت) الأشهر { نوفمبر }لطالب(ة): محمد الأمين أحمد ', 2500.00, 'plus', NULL, 1, NULL, 485, 133, NULL, 17),
(1019, '2024-12-10 08:56:43', 'الطالب(ة) سدد(ت)  الشيخ باي الخليل  الأشهر: { ديسمبر } ', 1500.00, 'plus', NULL, 1, NULL, 491, NULL, NULL, 17),
(1020, '2024-12-10 09:14:57', 'الطالب(ة) سدد(ت)  مولاي الحسن الحسين  الأشهر: { ديسمبر } ', 1300.00, 'plus', NULL, 1, NULL, 498, NULL, NULL, 17),
(1021, '2024-12-10 09:44:09', 'الطالب(ة) سدد(ت)  أحمد ياسين أحمدو الأشهر: { نوفمبر, ديسمبر } ', 2400.00, 'plus', NULL, 1, NULL, 673, NULL, NULL, 17),
(1022, '2024-12-10 14:13:35', 'الوكيل(ة): آمنة محمد عالي(32611677)  دفع(ت) الأشهر { ديسمبر }لطالب(ة): محمد عالي محمد فال', 1000.00, 'plus', NULL, 1, NULL, 360, 181, NULL, 14),
(1023, '2024-12-10 14:14:05', 'الوكيل(ة): آمنة محمد عالي(32611677)  دفع(ت) الأشهر { ديسمبر }لطالب(ة): سيدي محمد محمد فال', 1000.00, 'plus', NULL, 1, NULL, 361, 181, NULL, 14),
(1024, '2024-12-10 14:14:33', 'الوكيل(ة): آمنة محمد عالي(32611677)  دفع(ت) الأشهر { ديسمبر }لطالب(ة): مريم محمد فال', 1500.00, 'plus', NULL, 1, NULL, 420, 181, NULL, 14),
(1025, '2024-12-10 14:14:58', 'الوكيل(ة): آمنة محمد عالي(32611677)  دفع(ت) الأشهر { ديسمبر }لطالب(ة): تحي محمد فال', 1500.00, 'plus', NULL, 1, NULL, 421, 181, NULL, 14),
(1026, '2024-12-10 15:08:21', 'الطالب(ة) سدد(ت)  الناها النعمة  الأشهر: { ديسمبر } ', 1000.00, 'plus', 1, NULL, NULL, 213, NULL, NULL, 17),
(1027, '2024-12-10 16:28:23', 'الوكيل(ة): لمات الداهيه(27671905)  دفع(ت) الأشهر { ديسمبر }لطالب(ة): آمنة أحمد طالب ', 1000.00, 'plus', NULL, 1, NULL, 401, 212, NULL, 17),
(1028, '2024-12-10 16:28:39', 'الوكيل(ة): لمات الداهيه(27671905)  دفع(ت) الأشهر { ديسمبر }لطالب(ة): سليمان أحمد طالب ', 1200.00, 'plus', NULL, 1, NULL, 402, 212, NULL, 17),
(1029, '2024-12-10 16:28:49', 'الوكيل(ة): لمات الداهيه(27671905)  دفع(ت) الأشهر { ديسمبر }لطالب(ة): عائشة أحمد طالب', 1200.00, 'plus', NULL, 1, NULL, 470, 212, NULL, 17),
(1030, '2024-12-10 16:38:10', 'الطالب(ة) سدد(ت)  الطيب محمد عبد الله الإمام الأشهر: { نوفمبر } ', 2000.00, 'plus', NULL, 1, NULL, 489, NULL, NULL, 17),
(1031, '2024-12-10 16:56:51', 'الطالب(ة) سدد(ت)  الطيب محمد عبد الله الإمام الأشهر: { ديسمبر } ', 2000.00, 'plus', 1, NULL, NULL, 489, NULL, NULL, 17),
(1032, '2024-12-10 17:01:09', 'الوكيل(ة): فاطمة محمد عبد الله(36244871)  دفع(ت) الأشهر { ديسمبر }لطالب(ة): بداه سيدي محمد', 1200.00, 'plus', NULL, 1, NULL, 677, 356, NULL, 17),
(1033, '2024-12-10 17:01:20', 'الوكيل(ة): فاطمة محمد عبد الله(36244871)  دفع(ت) الأشهر { ديسمبر }لطالب(ة): عثمان سيدي محمد', 1000.00, 'plus', NULL, 1, NULL, 678, 356, NULL, 17),
(1034, '2024-12-10 17:01:31', 'الوكيل(ة): فاطمة محمد عبد الله(36244871)  دفع(ت) الأشهر { ديسمبر }لطالب(ة): اسماعيل سيدي محمد ', 1200.00, 'plus', NULL, 1, NULL, 679, 356, NULL, 17),
(1035, '2024-12-10 17:01:44', 'الوكيل(ة): فاطمة محمد عبد الله(36244871)  دفع(ت) الأشهر { ديسمبر }لطالب(ة): محمد عبد الله سيدي محمد', 1000.00, 'plus', NULL, 1, NULL, 680, 356, NULL, 17),
(1036, '2024-12-10 18:09:33', 'الوكيل(ة): محمد عبد الرحمن (37135125)  دفع(ت) الأشهر { ديسمبر }لطالب(ة): سيد محمد عبد الرحمن ', 1000.00, 'plus', NULL, 1, NULL, 817, 313, NULL, 14),
(1037, '2024-12-10 18:10:09', 'الوكيل(ة): محمد عبد الرحمن (37135125) دفع(ت) { ديسمبر  }لطالب(ة): فاطمة عبد الرحمن ', 1200.00, 'plus', NULL, 1, NULL, 506, 313, NULL, 14),
(1038, '2024-12-10 18:21:42', 'الطالب(ة) سدد(ت)  آية محمد سيدي  الأشهر: { ديسمبر } ', 1000.00, 'plus', NULL, 2, NULL, 207, NULL, NULL, 14),
(1039, '2024-12-10 18:32:07', 'الوكيل(ة): فاطمة محمد (36464747)  دفع(ت) الأشهر { نوفمبر }لطالب(ة): خديجة سعدبوه ', 1000.00, 'plus', NULL, 1, NULL, 474, 248, NULL, 14),
(1040, '2024-12-10 18:32:18', 'الوكيل(ة): فاطمة محمد (36464747)  دفع(ت) الأشهر { نوفمبر }لطالب(ة): آية سعد بوه ', 1000.00, 'plus', NULL, 1, NULL, 571, 248, NULL, 14),
(1041, '2024-12-10 18:32:38', 'الوكيل(ة): فاطمة محمد (36464747)  دفع(ت) الأشهر { نوفمبر }لطالب(ة): فاطمة محمد', 1000.00, 'plus', NULL, 1, NULL, 997, 248, NULL, 14),
(1042, '2024-12-10 18:38:41', ' الموظف(ة): يحيى محمد احمد  محم,  تسديد راتب شهر 11-2024', 7000.00, 'minus', NULL, 1, 47, NULL, NULL, NULL, 14),
(1043, '2024-12-10 18:39:37', ' الموظف(ة): محمد ولد عبد القادر,  تسديد راتب شهر 11-2024', 9000.00, 'minus', NULL, 1, 32, NULL, NULL, NULL, 14),
(1044, '2024-12-10 18:40:04', ' الموظف(ة): فاطمة ابراهيم,  تسديد راتب شهر 11-2024', 6000.00, 'minus', NULL, 1, 36, NULL, NULL, NULL, 14),
(1045, '2024-12-10 18:40:21', 'الوكيل(ة): مريم (22001489)  دفع(ت) الأشهر { ديسمبر }لطالب(ة): يوكيها محمد نافع ', 1000.00, 'plus', NULL, 1, NULL, 312, 153, NULL, 17),
(1046, '2024-12-10 18:40:32', 'الوكيل(ة): مريم (22001489)  دفع(ت) الأشهر { ديسمبر }لطالب(ة): أحمد محمد نافع ', 1200.00, 'plus', NULL, 1, NULL, 316, 153, NULL, 17),
(1047, '2024-12-10 18:41:15', ' الموظف(ة): يحيى الشيخ الخليفة,  مقدم شــ  12-2024', 4500.00, 'minus', NULL, 2, 29, NULL, NULL, NULL, 14),
(1048, '2024-12-10 18:41:49', 'الوكيل(ة): مريم (22001489)  دفع(ت) الأشهر { ديسمبر }لطالب(ة): الناه محمد نافع', 1000.00, 'plus', NULL, 1, NULL, 852, 153, NULL, 17),
(1049, '2024-12-10 18:42:03', 'الوكيل(ة): مريم (22001489)  دفع(ت) الأشهر { ديسمبر }لطالب(ة): الشيخ محمد نافع', 800.00, 'plus', NULL, 1, NULL, 930, 153, NULL, 17),
(1050, '2024-12-10 19:06:47', 'الطالب(ة) سدد(ت)  ميمونه احمد ولد سيدي الأشهر: { ديسمبر } ', 1000.00, 'plus', NULL, 2, NULL, 822, NULL, NULL, 14),
(1051, '2024-12-10 19:07:43', 'الوكيل(ة): أحمد عالي (22316646)  دفع(ت) الأشهر { ديسمبر }لطالب(ة): سيدي محمد محمد محمود ', 1200.00, 'plus', NULL, 1, NULL, 185, 59, NULL, 17),
(1052, '2024-12-10 19:08:02', 'الوكيل(ة): أحمد عالي (22316646)  دفع(ت) الأشهر { ديسمبر }لطالب(ة): محمد أحمد عالي', 1200.00, 'plus', NULL, 1, NULL, 236, 59, NULL, 17),
(1053, '2024-12-10 19:08:13', 'الوكيل(ة): أحمد عالي (22316646)  دفع(ت) الأشهر { ديسمبر }لطالب(ة): أحمد عالي', 1200.00, 'plus', NULL, 1, NULL, 238, 59, NULL, 17),
(1054, '2024-12-10 19:08:23', 'الوكيل(ة): أحمد عالي (22316646)  دفع(ت) الأشهر { ديسمبر }لطالب(ة): سيد أحمد أحمد', 1200.00, 'plus', NULL, 1, NULL, 242, 59, NULL, 17),
(1055, '2024-12-10 19:08:33', 'الوكيل(ة): أحمد عالي (22316646)  دفع(ت) الأشهر { ديسمبر }لطالب(ة): محمد محمد محمود', 1200.00, 'plus', NULL, 1, NULL, 245, 59, NULL, 17),
(1056, '2024-12-10 19:43:52', 'الطالب(ة) سدد(ت)  شهاب الدين ابوه  الأشهر: { ديسمبر } ', 1200.00, 'plus', 1, NULL, NULL, 964, NULL, NULL, 17),
(1057, '2024-12-10 20:09:07', 'الوكيل(ة): عمر السالك (36941596)  دفع(ت) الأشهر { نوفمبر }لطالب(ة): فاطمة عمر ', 800.00, 'plus', NULL, 1, NULL, 710, 372, NULL, 17),
(1058, '2024-12-10 20:09:18', 'الوكيل(ة): عمر السالك (36941596)  دفع(ت) الأشهر { نوفمبر }لطالب(ة): آسية عمر', 800.00, 'plus', NULL, 1, NULL, 712, 372, NULL, 17),
(1059, '2024-12-10 20:10:00', 'الوكيل(ة): عمر السالك (36941596)  دفع(ت) الأشهر { نوفمبر }لطالب(ة): مارية عمر ', 800.00, 'plus', NULL, 1, NULL, 713, 372, NULL, 17),
(1060, '2024-12-10 20:51:48', 'الطالب (ة): ليلى سيد محمد  { طالبة جديدة } ', 800.00, 'plus', NULL, 1, NULL, 1001, NULL, NULL, 18),
(1061, '2024-12-11 11:40:12', 'الوكيل(ة): عيشة (36905656)  دفع(ت) الأشهر { ديسمبر }لطالب(ة): مصطافة الطيب', 1000.00, 'plus', NULL, 1, NULL, 244, 99, NULL, 14),
(1062, '2024-12-11 11:40:40', 'الوكيل(ة): عيشة (36905656)  دفع(ت) الأشهر { ديسمبر }لطالب(ة): مريم محمد الأمين', 1000.00, 'plus', NULL, 1, NULL, 455, 99, NULL, 14),
(1063, '2024-12-11 12:23:58', 'الوكيل(ة): بنين (38066692)  دفع(ت) الأشهر { نوفمبر }لطالب(ة): مريم لحبيب ', 1000.00, 'plus', NULL, 1, NULL, 779, 401, NULL, 14),
(1064, '2024-12-11 12:24:16', 'الوكيل(ة): بنين (38066692)  دفع(ت) الأشهر { نوفمبر }لطالب(ة): فاطمة امباركه لحبيب', 1000.00, 'plus', NULL, 1, NULL, 800, 401, NULL, 14),
(1065, '2024-12-11 12:24:44', 'الوكيل(ة): بنين (38066692)  دفع(ت) الأشهر { نوفمبر }لطالب(ة): محمد الأمين لحبيب', 1000.00, 'plus', NULL, 1, NULL, 805, 401, NULL, 14),
(1067, '2024-12-11 12:36:25', 'الوكيل(ة): امحمد امباله(26056959)  دفع(ت) الأشهر { فبراير }لطالب(ة): أم كلثوم  امباله ', 1000.00, 'plus', NULL, NULL, NULL, 368, 187, NULL, 14),
(1068, '2024-12-11 12:36:26', 'الوكيل(ة): آمنة عابدين(46004029)  دفع(ت) الأشهر { ديسمبر }لطالب(ة): إبراهيم محمد القاضي', 1000.00, 'plus', 1, NULL, NULL, 532, 286, NULL, 17),
(1069, '2024-12-11 12:36:35', 'الوكيل(ة): آمنة عابدين(46004029)  دفع(ت) الأشهر { ديسمبر }لطالب(ة): أم كلثوم محمد القاضي ', 1000.00, 'plus', 1, NULL, NULL, 579, 286, NULL, 17),
(1070, '2024-12-11 12:36:43', 'الوكيل(ة): آمنة عابدين(46004029)  دفع(ت) الأشهر { ديسمبر }لطالب(ة): منة محمد عابدين ', 1000.00, 'plus', 1, NULL, NULL, 774, 286, NULL, 17),
(1071, '2024-12-11 13:10:53', 'الوكيل(ة): مليكة ماء العينين (48174343)  دفع(ت) الأشهر { أكتوبر, نوفمبر }لطالب(ة): محمد سالم الطيب ', 1400.00, 'plus', 1, NULL, NULL, 318, 156, NULL, 14),
(1072, '2024-12-11 13:29:23', 'الوكيل(ة): فاطمة ماء العينين (20600484)  دفع(ت) الأشهر { نوفمبر }لطالب(ة): زيدان الداهية ', 1000.00, 'plus', 1, NULL, NULL, 334, 166, NULL, 14),
(1074, '2024-12-11 13:36:46', 'الوكيل(ة): فاطمة ماء العينين (20600484) دفع(ت) { رسوم  10-2024 }لطالب(ة): عيشة ادوم ', 500.00, 'plus', 1, NULL, NULL, 465, 166, NULL, 14),
(1075, '2024-12-11 15:57:59', 'الوكيل(ة): منينه سيدي عالي(46559396)  دفع(ت) الأشهر { ديسمبر }لطالب(ة): محمد مامبن ', 1000.00, 'plus', NULL, 1, NULL, 305, 327, NULL, 17),
(1076, '2024-12-11 15:58:10', 'الوكيل(ة): منينه سيدي عالي(46559396)  دفع(ت) الأشهر { ديسمبر }لطالب(ة): أم الفضل مامين ', 1200.00, 'plus', NULL, 1, NULL, 628, 327, NULL, 17),
(1077, '2024-12-11 15:58:20', 'الوكيل(ة): منينه سيدي عالي(46559396)  دفع(ت) الأشهر { ديسمبر }لطالب(ة): مريم مامين ', 1200.00, 'plus', NULL, 1, NULL, 630, 327, NULL, 17),
(1078, '2024-12-11 15:58:32', 'الوكيل(ة): منينه سيدي عالي(46559396)  دفع(ت) الأشهر { ديسمبر }لطالب(ة): محمد فاضل مامين', 1000.00, 'plus', NULL, 1, NULL, 764, 327, NULL, 17),
(1079, '2024-12-11 16:01:14', 'الوكيل(ة): زينب سيد محمد (43135418)  دفع(ت) الأشهر { ديسمبر }لطالب(ة): محمد الأمين محمد محمود', 1000.00, 'plus', NULL, 1, NULL, 723, 380, NULL, 17),
(1080, '2024-12-11 16:02:41', 'الوكيل(ة): زينب سيد محمد (43135418)  دفع(ت) الأشهر { ديسمبر }لطالب(ة): خيرات محمد محمود', 1000.00, 'plus', NULL, 1, NULL, 725, 380, NULL, 17),
(1081, '2024-12-11 16:06:38', 'الطالب(ة) سدد(ت)  أنس أحمد الأشهر: { نوفمبر } ', 1200.00, 'plus', NULL, 1, NULL, 757, NULL, NULL, 17),
(1082, '2024-12-11 16:08:35', 'الطالب(ة) سدد(ت)  عبد الدائم أعمر محمد  الأشهر: { ديسمبر } ', 1000.00, 'plus', 1, NULL, NULL, 593, NULL, NULL, 17),
(1083, '2024-12-11 16:11:14', 'الوكيل(ة): بادي  يسلم (32995441)  دفع(ت) الأشهر { نوفمبر }لطالب(ة): لمينة سيد محمد مولاي أعل ', 1000.00, 'plus', 1, NULL, NULL, 793, 382, NULL, 17),
(1084, '2024-12-11 16:11:36', 'الوكيل(ة): بادي  يسلم (32995441)  دفع(ت) الأشهر { نوفمبر }لطالب(ة): مولاي ارشيد سيدي محمد', 1000.00, 'plus', 1, NULL, NULL, 728, 382, NULL, 17),
(1085, '2024-12-11 16:15:26', 'الوكيل(ة): فاطمة النمين (32924092)  دفع(ت) الأشهر { ديسمبر }لطالب(ة): سيد عبد الله الناجي الحاج ابراهيم ', 1000.00, 'plus', NULL, 1, NULL, 803, 411, NULL, 17),
(1086, '2024-12-11 16:19:56', 'الوكيل(ة): فاطمة النمين (32924092)  دفع(ت) الأشهر { ديسمبر }لطالب(ة): المصطفى الناجي الحاج ابراهيم', 1200.00, 'plus', NULL, 1, NULL, 851, 411, NULL, 17),
(1087, '2024-12-11 16:22:26', 'الوكيل(ة): سيدي محمد(36345850)  دفع(ت) الأشهر { ديسمبر }لطالب(ة): محمد الامين سيد محمد', 1000.00, 'plus', NULL, 1, NULL, 565, 312, NULL, 17),
(1088, '2024-12-11 16:22:35', 'الوكيل(ة): سيدي محمد(36345850)  دفع(ت) الأشهر { ديسمبر }لطالب(ة): ديدار سيدي محمد', 1000.00, 'plus', NULL, 1, NULL, 576, 312, NULL, 17),
(1089, '2024-12-11 16:22:51', 'الوكيل(ة): سيدي محمد(36345850)  دفع(ت) الأشهر { ديسمبر }لطالب(ة): محمد محمود سيد محمد', 1000.00, 'plus', NULL, 1, NULL, 578, 312, NULL, 17),
(1090, '2024-12-11 17:14:38', 'الطالب(ة) سدد(ت)  مريم بنت أوداع الأشهر: { ديسمبر } ', 1000.00, 'plus', NULL, 1, NULL, 171, NULL, NULL, 14),
(1091, '2024-12-11 18:04:39', ' الموظف(ة): اسلم امباله,  شهر 11', 8500.00, 'minus', NULL, 1, 55, NULL, NULL, NULL, 17),
(1094, '2024-12-11 18:59:56', 'الطالب(ة) سدد(ت)  إدوم السالك فال  الأشهر: { نوفمبر } ', 1200.00, 'plus', 1, NULL, NULL, 261, NULL, NULL, 17),
(1095, '2024-12-11 19:43:49', 'الطالب(ة) سدد(ت)  ميمونة أحمدو  الأشهر: { ديسمبر } ', 1500.00, 'plus', NULL, 1, NULL, 429, NULL, NULL, 17),
(1096, '2024-12-11 19:58:08', 'الوكيل(ة): فيروز (37047284)  دفع(ت) الأشهر { ديسمبر }لطالب(ة): عزة محمد الحافظ', 1000.00, 'plus', 1, NULL, NULL, 488, 258, NULL, 17),
(1097, '2024-12-11 19:58:22', 'الوكيل(ة): فيروز (37047284)  دفع(ت) الأشهر { ديسمبر }لطالب(ة): محمدن محمد الحافظ', 1000.00, 'plus', 1, NULL, NULL, 693, 258, NULL, 17),
(1099, '2024-12-11 20:27:03', 'الوكيل(ة): زبيدة الداه (22629626)  دفع(ت) الأشهر { ديسمبر }لطالب(ة): فطوم عبد القادر', 1000.00, 'plus', NULL, 1, NULL, 176, 42, NULL, 1),
(1100, '2024-12-11 20:27:17', 'الوكيل(ة): زبيدة الداه (22629626)  دفع(ت) الأشهر { ديسمبر }لطالب(ة): طه عبد القادر', 1200.00, 'plus', NULL, 1, NULL, 219, 42, NULL, 1),
(1101, '2024-12-11 20:27:26', 'الوكيل(ة): زبيدة الداه (22629626)  دفع(ت) الأشهر { ديسمبر }لطالب(ة): مصعب عبد القادر', 1200.00, 'plus', NULL, 1, NULL, 220, 42, NULL, 1),
(1102, '2024-12-12 20:31:50', 'الوكيل(ة): الطالب محمد فال (20000653)  دفع(ت) الأشهر { يناير }لطالب(ة): باب الطالب', 1000.00, 'plus', 1, NULL, NULL, 647, 341, NULL, 1),
(1103, '2024-12-12 20:41:58', 'الوكيل(ة): الطالب محمد فال (20000653)  دفع(ت) الأشهر { فبراير }لطالب(ة): باب الطالب', 1000.00, 'plus', NULL, NULL, NULL, 647, 341, NULL, 1),
(1104, '2024-12-12 20:44:55', 'الوكيل(ة): الطالب محمد فال (20000653)  دفع(ت)  رسوم تسجيل لطالب(ة)  : خالد الطالب ', 200.00, 'plus', 1, NULL, NULL, 644, 341, NULL, 1),
(1105, '2024-12-12 20:44:55', 'الوكيل(ة): الطالب محمد فال (20000653)  دفع(ت) الأشهر { يناير }لطالب(ة): خالد الطالب ', 1000.00, 'plus', 1, NULL, NULL, 644, 341, NULL, 1),
(1106, '2024-12-12 20:46:37', 'الوكيل(ة): الطالب محمد فال (20000653)  دفع(ت)  رسوم تسجيل لطالب(ة)  : باب الطالب', 2347.00, 'plus', 1, NULL, NULL, 647, 341, NULL, 1),
(1107, '2024-12-12 20:46:37', 'الوكيل(ة): الطالب محمد فال (20000653)  دفع(ت) الأشهر { أكتوبر }لطالب(ة): باب الطالب', 1000.00, 'plus', 1, NULL, NULL, 647, 341, NULL, 1),
(1108, '2024-12-12 20:47:54', 'الوكيل(ة): الطالب محمد فال (20000653)  دفع(ت)  رسوم تسجيل لطالب(ة)  : باب الطالب', 200.00, 'plus', 1, NULL, NULL, 647, 341, NULL, 1),
(1109, '2024-12-12 21:06:54', 'الوكيل(ة): الطالب محمد فال (20000653)  دفع(ت)  رسوم تسجيل لطالب(ة)  : خالد الطالب ', 234.00, 'plus', 1, NULL, NULL, 644, 341, NULL, 1),
(1110, '2024-12-12 21:07:03', 'الوكيل(ة): الطالب محمد فال (20000653)  دفع(ت)  رسوم تسجيل لطالب(ة)  : باب الطالب', 234.00, 'plus', 1, NULL, NULL, 647, 341, NULL, 1),
(1111, '2024-12-13 21:38:23', 'الوكيل(ة): الطالب محمد فال (20000653)  دفع(ت) الأشهر { نوفمبر }لطالب(ة): باب الطالب', 1000.00, 'plus', 1, NULL, NULL, 647, 341, NULL, 1),
(1112, '2024-12-13 22:47:16', 'الوكيل(ة): الطالب محمد فال (20000653)  دفع(ت) الأشهر { مايو }لطالب(ة): خالد الطالب ', 1000.00, 'plus', 1, NULL, NULL, 644, 341, NULL, 1),
(1113, '2024-12-13 22:47:48', 'الوكيل(ة): الطالب محمد فال (20000653)  دفع(ت) الأشهر { مايو }لطالب(ة): باب الطالب', 1000.00, 'plus', 1, NULL, NULL, 647, 341, NULL, 1),
(1114, '2024-12-15 11:42:45', 'الوكيل(ة): بشرى البشير (34175616)  دفع(ت) الأشهر { ديسمبر }لطالب(ة): فاطمة الزهراء السالك ', 1000.00, 'plus', 1, NULL, NULL, 451, 241, NULL, 1),
(1115, '2024-12-15 14:16:39', 'الوكيل(ة): بشرى البشير (34175616)  دفع(ت) الأشهر { فبراير }لطالب(ة): حميدة السالك', 500.00, 'plus', 1, NULL, NULL, 824, 241, NULL, 1),
(1116, '2024-12-15 15:38:36', 'الوكيل(ة): بشرى البشير (34175616)  دفع(ت) الأشهر { أكتوبر, نوفمبر, ديسمبر }لطالب(ة): فاطمة الزهراء السالك ', 1000.00, 'plus', 1, NULL, NULL, NULL, 241, NULL, 1),
(1117, '2024-12-15 15:54:08', 'الوكيل(ة): بشرى البشير (34175616)  دفع(ت) الأشهر { ديسمبر }لطالب(ة): فاطمة الزهراء السالك ', 1000.00, 'plus', 1, NULL, NULL, NULL, 241, NULL, 1),
(1118, '2024-12-15 15:56:17', 'الوكيل(ة): بشرى البشير (34175616)  دفع(ت) الأشهر { مايو }لطالب(ة): فاطمة الزهراء السالك ', 1500.00, 'plus', 1, NULL, NULL, 451, 241, NULL, 1),
(1119, '2024-12-15 20:33:43', 'الطالب(ة) سدد(ت)  عبد العزيز أحمدو الأشهر: { ديسمبر } ', 1200.00, 'plus', 1, NULL, NULL, 144, NULL, NULL, 1),
(1120, '2024-12-15 22:16:05', 'الوكيل(ة): السالمة محمد المختار(22066030)  دفع(ت) الأشهر { مارس }لطالب(ة): فاطمة الزهراء محمد المختار', 1200.00, 'plus', 1, NULL, NULL, 436, 233, NULL, 1),
(1121, '2024-12-16 11:14:01', 'الوكيل(ة): الطالب محمد فال (20000653)  دفع(ت) الأشهر { أبريل }لطالب(ة): خالد الطالب ', 1000.00, 'plus', 1, NULL, NULL, 644, 341, NULL, 1),
(1122, '2024-12-16 11:14:01', 'الوكيل(ة): الطالب محمد فال (20000653)  دفع(ت) الأشهر { أبريل }لطالب(ة): باب الطالب', 1000.00, 'plus', 1, NULL, NULL, 647, 341, NULL, 1),
(1123, '2024-12-16 11:14:50', 'الوكيل(ة): الطالب محمد فال (20000653)  دفع(ت)  رسوم تسجيل لطالب(ة)  : خالد الطالب ', 100.00, 'plus', NULL, 3, NULL, 644, 341, NULL, 1),
(1124, '2024-12-16 11:14:50', 'الوكيل(ة): الطالب محمد فال (20000653)  دفع(ت) الأشهر { يوليو }لطالب(ة): خالد الطالب ', 1000.00, 'plus', NULL, 3, NULL, 644, 341, NULL, 1),
(1125, '2024-12-16 11:14:50', 'الوكيل(ة): الطالب محمد فال (20000653)  دفع(ت)  رسوم تسجيل لطالب(ة)  : باب الطالب', 100.00, 'plus', NULL, 3, NULL, 647, 341, NULL, 1),
(1126, '2024-12-16 11:14:50', 'الوكيل(ة): الطالب محمد فال (20000653)  دفع(ت) الأشهر { يوليو }لطالب(ة): باب الطالب', 1000.00, 'plus', NULL, 3, NULL, 647, 341, NULL, 1),
(1127, '2024-12-16 11:21:49', 'الوكيل(ة): الطالب محمد فال (20000653)  دفع(ت) الأشهر { أغسطس,سبتمبر }لطالب(ة): خالد الطالب ', 2000.00, 'plus', NULL, 5, NULL, 644, 341, NULL, 1),
(1128, '2024-12-16 11:21:49', 'الوكيل(ة): الطالب محمد فال (20000653)  دفع(ت) الأشهر { أغسطس,سبتمبر }لطالب(ة): باب الطالب', 2000.00, 'plus', NULL, 5, NULL, 647, 341, NULL, 1),
(1129, '2024-12-16 12:47:14', 'الوكيل(ة): الطالب محمد فال (20000653)  دفع(ت)  رسوم تسجيل لطالب(ة)  : خالد الطالب ', 100.00, 'plus', 1, NULL, NULL, 644, 341, NULL, 1),
(1130, '2024-12-16 12:47:14', 'الوكيل(ة): الطالب محمد فال (20000653)  دفع(ت) الأشهر { أغسطس }لطالب(ة): خالد الطالب ', 1000.00, 'plus', 1, NULL, NULL, 644, 341, NULL, 1),
(1131, '2024-12-16 12:47:14', 'الوكيل(ة): الطالب محمد فال (20000653)  دفع(ت)  رسوم تسجيل لطالب(ة)  : باب الطالب', 100.00, 'plus', 1, NULL, NULL, 647, 341, NULL, 1),
(1132, '2024-12-16 12:47:14', 'الوكيل(ة): الطالب محمد فال (20000653)  دفع(ت) الأشهر { أغسطس }لطالب(ة): باب الطالب', 1000.00, 'plus', 1, NULL, NULL, 647, 341, NULL, 1),
(1133, '2024-12-16 12:50:29', 'الوكيل(ة): الطالب محمد فال (20000653)  دفع(ت)  رسوم تسجيل لطالب(ة)  : خالد الطالب ', 117.00, 'plus', 1, NULL, NULL, 644, 341, NULL, 1),
(1134, '2024-12-16 12:50:29', 'الوكيل(ة): الطالب محمد فال (20000653)  دفع(ت) الأشهر { سبتمبر }لطالب(ة): خالد الطالب ', 1000.00, 'plus', 1, NULL, NULL, 644, 341, NULL, 1),
(1135, '2024-12-16 12:50:29', 'الوكيل(ة): الطالب محمد فال (20000653)  دفع(ت)  رسوم تسجيل لطالب(ة)  : باب الطالب', 117.00, 'plus', 1, NULL, NULL, 647, 341, NULL, 1),
(1136, '2024-12-16 12:50:29', 'الوكيل(ة): الطالب محمد فال (20000653)  دفع(ت) الأشهر { سبتمبر }لطالب(ة): باب الطالب', 1000.00, 'plus', 1, NULL, NULL, 647, 341, NULL, 1),
(1137, '2024-12-16 13:19:43', 'الوكيل(ة): الطالب محمد فال (20000653)  دفع(ت)  رسوم تسجيل لطالب(ة)  : خالد الطالب ', 1000.00, 'plus', 1, NULL, NULL, 644, 341, NULL, 1),
(1138, '2024-12-16 13:19:43', 'الوكيل(ة): الطالب محمد فال (20000653)  دفع(ت) الأشهر { مارس,يونيو }لطالب(ة): خالد الطالب ', 2000.00, 'plus', 1, NULL, NULL, 644, 341, NULL, 1),
(1139, '2024-12-16 13:27:13', 'الوكيل(ة): الطالب محمد فال (20000653)  دفع(ت)  رسوم تسجيل لطالب(ة)  : خالد الطالب ', 1000.00, 'plus', 1, NULL, NULL, 644, 341, NULL, 1),
(1140, '2024-12-16 13:27:14', 'الوكيل(ة): الطالب محمد فال (20000653)  دفع(ت) الأشهر { مارس,يونيو }لطالب(ة): خالد الطالب ', 2000.00, 'plus', 1, NULL, NULL, 644, 341, NULL, 1),
(1141, '2024-12-16 13:31:14', 'الوكيل(ة): الطالب محمد فال (20000653)  دفع(ت)  رسوم تسجيل لطالب(ة)  : خالد الطالب ', 1000.00, 'plus', 1, NULL, NULL, 644, 341, NULL, 1),
(1142, '2024-12-16 13:31:14', 'الوكيل(ة): الطالب محمد فال (20000653)  دفع(ت) الأشهر { مارس,يونيو }لطالب(ة): خالد الطالب ', 2000.00, 'plus', 1, NULL, NULL, 644, 341, NULL, 1),
(1143, '2024-12-16 13:31:14', 'الوكيل(ة): الطالب محمد فال (20000653)  دفع(ت)  رسوم تسجيل لطالب(ة)  : باب الطالب', 1000.00, 'plus', 1, NULL, NULL, 647, 341, NULL, 1),
(1144, '2024-12-16 13:31:14', 'الوكيل(ة): الطالب محمد فال (20000653)  دفع(ت) الأشهر { مارس,يونيو }لطالب(ة): باب الطالب', 2000.00, 'plus', 1, NULL, NULL, 647, 341, NULL, 1),
(1145, '2024-12-16 13:35:23', 'الوكيل(ة): الطالب محمد فال (20000653)  دفع(ت) الأشهر { فبراير,أبريل }لطالب(ة): خالد الطالب ', 1000.00, 'plus', 1, NULL, NULL, 644, 341, NULL, 1),
(1146, '2024-12-16 13:36:22', 'الوكيل(ة): الطالب محمد فال (20000653)  دفع(ت) الأشهر { فبراير,أبريل }لطالب(ة): خالد الطالب ', 1000.00, 'plus', 1, NULL, NULL, 644, 341, NULL, 1),
(1147, '2024-12-16 13:36:22', 'الوكيل(ة): الطالب محمد فال (20000653)  دفع(ت) الأشهر { فبراير,أبريل }لطالب(ة): باب الطالب', 1000.00, 'plus', 1, NULL, NULL, 647, 341, NULL, 1),
(1148, '2024-12-16 13:45:26', 'الوكيل(ة): الطالب محمد فال (20000653)  دفع(ت) الأشهر { فبراير }لطالب(ة): خالد الطالب ', 500.00, 'plus', 1, NULL, NULL, 644, 341, NULL, 1),
(1149, '2024-12-16 13:45:26', 'الوكيل(ة): الطالب محمد فال (20000653)  دفع(ت) الأشهر { فبراير }لطالب(ة): باب الطالب', 500.00, 'plus', 1, NULL, NULL, 647, 341, NULL, 1),
(1150, '2024-12-16 13:55:43', 'الوكيل(ة): الطالب محمد فال (20000653)  دفع(ت) الأشهر { فبراير }لطالب(ة): خالد الطالب ', 500.00, 'plus', 1, NULL, NULL, 644, 341, NULL, 1),
(1151, '2024-12-16 13:55:43', 'الوكيل(ة): الطالب محمد فال (20000653)  دفع(ت) الأشهر { فبراير }لطالب(ة): باب الطالب', 500.00, 'plus', 1, NULL, NULL, 647, 341, NULL, 1),
(1152, '2024-12-16 14:47:43', 'الوكيل(ة): الطالب محمد فال (20000653)  دفع(ت) الأشهر { فبراير }لطالب(ة): خالد الطالب ', 500.00, 'plus', 1, NULL, NULL, 644, 341, NULL, 1),
(1153, '2024-12-16 15:20:31', 'الوكيل(ة): الطالب محمد فال (20000653)  دفع(ت) الأشهر { فبراير }لطالب(ة): خالد الطالب ', 500.00, 'plus', 1, NULL, NULL, 644, 341, NULL, 1),
(1154, '2024-12-16 15:26:28', 'الوكيل(ة): الطالب محمد فال (20000653)  دفع(ت) الأشهر { فبراير }لطالب(ة): خالد الطالب ', 500.00, 'plus', 1, NULL, NULL, 644, 341, NULL, 1),
(1155, '2024-12-16 15:32:29', 'الوكيل(ة): الطالب محمد فال (20000653)  دفع(ت)  رسوم تسجيل لطالب(ة)  : خالد الطالب ', 117.00, 'plus', 1, NULL, NULL, 644, 341, NULL, 1),
(1156, '2024-12-16 15:32:29', 'الوكيل(ة): الطالب محمد فال (20000653)  دفع(ت) الأشهر { فبراير }لطالب(ة): خالد الطالب ', 500.00, 'plus', 1, NULL, NULL, 644, 341, NULL, 1),
(1157, '2024-12-16 15:32:29', 'الوكيل(ة): الطالب محمد فال (20000653)  دفع(ت)  رسوم تسجيل لطالب(ة)  : باب الطالب', 117.00, 'plus', 1, NULL, NULL, 647, 341, NULL, 1),
(1158, '2024-12-16 15:32:29', 'الوكيل(ة): الطالب محمد فال (20000653)  دفع(ت) الأشهر { فبراير }لطالب(ة): باب الطالب', 500.00, 'plus', 1, NULL, NULL, 647, 341, NULL, 1),
(1159, '2024-12-16 15:59:39', 'الوكيل(ة): الطالب محمد فال (20000653)  دفع(ت)  رسوم تسجيل لطالب(ة)  : خالد الطالب ', 1173.50, 'plus', 1, NULL, NULL, NULL, 341, NULL, 1),
(1160, '2024-12-16 15:59:39', 'الوكيل(ة): الطالب محمد فال (20000653)  دفع(ت)  رسوم تسجيل لطالب(ة)  : باب الطالب', 1173.50, 'plus', 1, NULL, NULL, NULL, 341, NULL, 1),
(1161, '2024-12-16 16:00:08', 'الوكيل(ة): الطالب محمد فال (20000653)  دفع(ت)  رسوم تسجيل لطالب(ة)  : خالد الطالب ', 50.00, 'plus', 1, NULL, NULL, NULL, 341, NULL, 1),
(1162, '2024-12-16 16:00:08', 'الوكيل(ة): الطالب محمد فال (20000653) دفع(ت) { تم دفع بعض الأشهر }لطالب(ة): خالد الطالب ', 150.00, 'plus', 1, NULL, NULL, NULL, 341, NULL, 1),
(1163, '2024-12-16 16:00:08', 'الوكيل(ة): الطالب محمد فال (20000653)  دفع(ت)  رسوم تسجيل لطالب(ة)  : باب الطالب', 50.00, 'plus', 1, NULL, NULL, NULL, 341, NULL, 1),
(1164, '2024-12-16 16:00:08', 'الوكيل(ة): الطالب محمد فال (20000653) دفع(ت) { تم دفع بعض الأشهر }لطالب(ة): باب الطالب', 150.00, 'plus', 1, NULL, NULL, NULL, 341, NULL, 1),
(1165, '2024-12-16 16:05:09', 'الوكيل(ة): الطالب محمد فال (20000653)  دفع(ت)  رسوم تسجيل لطالب(ة)  : خالد الطالب ', 100.00, 'plus', 1, NULL, NULL, 644, 341, NULL, 1),
(1166, '2024-12-16 16:05:09', 'الوكيل(ة): الطالب محمد فال (20000653) دفع(ت) { تم دفع بعض الأشهر }لطالب(ة): خالد الطالب ', 150.00, 'plus', 1, NULL, NULL, 644, 341, NULL, 1),
(1167, '2024-12-16 16:05:09', 'الوكيل(ة): الطالب محمد فال (20000653)  دفع(ت)  رسوم تسجيل لطالب(ة)  : باب الطالب', 100.00, 'plus', 1, NULL, NULL, 647, 341, NULL, 1),
(1168, '2024-12-16 16:05:09', 'الوكيل(ة): الطالب محمد فال (20000653) دفع(ت) { تم دفع بعض الأشهر }لطالب(ة): باب الطالب', 150.00, 'plus', 1, NULL, NULL, 647, 341, NULL, 1),
(1169, '2024-12-16 20:35:55', 'الوكيل(ة): الطالب محمد فال (20000653)  دفع(ت) الأشهر { مارس }لطالب(ة): خالد الطالب ', 1000.00, 'plus', 1, NULL, NULL, 644, 341, NULL, 1),
(1170, '2024-12-16 20:50:44', 'الوكيل(ة): الطالب محمد فال (20000653)  دفع(ت) الأشهر { مارس }لطالب(ة): خالد الطالب ', 1000.00, 'plus', 1, NULL, NULL, 644, 341, NULL, 1),
(1171, '2024-12-16 20:50:44', 'الوكيل(ة): الطالب محمد فال (20000653)  دفع(ت) الأشهر { مارس }لطالب(ة): باب الطالب', 1000.00, 'plus', 1, NULL, NULL, 647, 341, NULL, 1),
(1172, '2024-12-16 20:51:13', 'الوكيل(ة): الطالب محمد فال (20000653)  دفع(ت) الأشهر { أبريل }لطالب(ة): باب الطالب', 1000.00, 'plus', 1, NULL, NULL, 647, 341, NULL, 1),
(1173, '2024-12-16 20:58:46', 'الوكيل(ة): الطالب محمد فال (20000653)  دفع(ت) الأشهر { فبراير,يونيو }لطالب(ة): خالد الطالب ', 1500.00, 'plus', 1, NULL, NULL, 644, 341, NULL, 1),
(1174, '2024-12-16 20:58:46', 'الوكيل(ة): الطالب محمد فال (20000653)  دفع(ت) الأشهر { فبراير,يونيو }لطالب(ة): باب الطالب', 1500.00, 'plus', 1, NULL, NULL, 647, 341, NULL, 1),
(1175, '2024-12-16 21:05:53', 'الوكيل(ة): الطالب محمد فال (20000653)  دفع(ت) الأشهر { نوفمبر,مارس }لطالب(ة): خالد الطالب ', 2000.00, 'plus', 1, NULL, NULL, 644, 341, NULL, 1),
(1176, '2024-12-16 21:05:53', 'الوكيل(ة): الطالب محمد فال (20000653)  دفع(ت) الأشهر { نوفمبر,مارس }لطالب(ة): باب الطالب', 2000.00, 'plus', 1, NULL, NULL, 647, 341, NULL, 1),
(1197, '2024-12-17 20:31:49', 'الوكيل(ة): الطالب محمد فال (20000653)  دفع(ت) الأشهر { فبراير }لطالب(ة): خالد الطالب ', 1000.00, 'plus', 1, NULL, NULL, 644, 341, NULL, 1),
(1198, '2024-12-17 20:31:49', 'الوكيل(ة): الطالب محمد فال (20000653)  دفع(ت) الأشهر { فبراير }لطالب(ة): باب الطالب', 1000.00, 'plus', 1, NULL, NULL, 647, 341, NULL, 1),
(1199, '2024-12-17 20:32:25', 'الوكيل(ة): الطالب محمد فال (20000653)  دفع(ت) الأشهر { يناير }لطالب(ة): باب الطالب', 1000.00, 'plus', 1, NULL, NULL, 647, 341, NULL, 1),
(1200, '2024-12-17 20:32:35', 'الوكيل(ة): الطالب محمد فال (20000653)  دفع(ت) الأشهر { يناير,أبريل }لطالب(ة): خالد الطالب ', 500.00, 'plus', 1, NULL, NULL, 644, 341, NULL, 1),
(1201, '2024-12-17 20:32:35', 'الوكيل(ة): الطالب محمد فال (20000653)  دفع(ت) الأشهر { أبريل }لطالب(ة): باب الطالب', 1000.00, 'plus', 1, NULL, NULL, 647, 341, NULL, 1),
(1202, '2024-12-17 20:40:28', 'الوكيل(ة): الطالب محمد فال (20000653)  دفع(ت) الأشهر { يناير,أبريل }لطالب(ة): خالد الطالب ', 500.00, 'plus', 1, NULL, NULL, 644, 341, NULL, 1),
(1203, '2024-12-17 20:40:28', 'الوكيل(ة): الطالب محمد فال (20000653)  دفع(ت) الأشهر { أبريل }لطالب(ة): باب الطالب', 1000.00, 'plus', 1, NULL, NULL, 647, 341, NULL, 1),
(1204, '2024-12-17 20:43:27', 'الوكيل(ة): الطالب محمد فال (20000653)  دفع(ت) الأشهر { يناير,أبريل }لطالب(ة): خالد الطالب ', 1000.00, 'plus', 1, NULL, NULL, 644, 341, NULL, 1),
(1205, '2024-12-17 20:43:27', 'الوكيل(ة): الطالب محمد فال (20000653)  دفع(ت) الأشهر { أبريل }لطالب(ة): باب الطالب', 1000.00, 'plus', 1, NULL, NULL, 647, 341, NULL, 1),
(1206, '2024-12-17 20:52:58', 'الوكيل(ة): الطالب محمد فال (20000653)  دفع(ت) الأشهر { يناير }لطالب(ة): خالد الطالب ', 1000.00, 'plus', 1, NULL, NULL, 644, 341, NULL, 1),
(1207, '2024-12-17 20:52:58', 'الوكيل(ة): الطالب محمد فال (20000653)  دفع(ت) الأشهر { أبريل }لطالب(ة): خالد الطالب ', 1000.00, 'plus', 1, NULL, NULL, 644, 341, NULL, 1),
(1208, '2024-12-17 20:52:58', 'الوكيل(ة): الطالب محمد فال (20000653)  دفع(ت) الأشهر { أبريل }لطالب(ة): باب الطالب', 1000.00, 'plus', 1, NULL, NULL, 647, 341, NULL, 1),
(1209, '2024-12-17 20:55:52', 'الوكيل(ة): الطالب محمد فال (20000653)  دفع(ت) الأشهر { مايو }لطالب(ة): خالد الطالب ', 1000.00, 'plus', 1, NULL, NULL, 644, 341, NULL, 1),
(1210, '2024-12-17 20:55:52', 'الوكيل(ة): الطالب محمد فال (20000653)  دفع(ت) الأشهر { أغسطس }لطالب(ة): خالد الطالب ', 1000.00, 'plus', 1, NULL, NULL, 644, 341, NULL, 1),
(1211, '2024-12-17 20:55:52', 'الوكيل(ة): الطالب محمد فال (20000653)  دفع(ت) الأشهر { مايو }لطالب(ة): باب الطالب', 1000.00, 'plus', 1, NULL, NULL, 647, 341, NULL, 1),
(1212, '2024-12-17 20:55:52', 'الوكيل(ة): الطالب محمد فال (20000653)  دفع(ت) الأشهر { أغسطس }لطالب(ة): باب الطالب', 1000.00, 'plus', 1, NULL, NULL, 647, 341, NULL, 1),
(1213, '2024-12-17 20:56:20', 'الوكيل(ة): الطالب محمد فال (20000653)  دفع(ت) الأشهر { مارس }لطالب(ة): خالد الطالب ', 1000.00, 'plus', 1, NULL, NULL, 644, 341, NULL, 1),
(1214, '2024-12-17 20:56:20', 'الوكيل(ة): الطالب محمد فال (20000653)  دفع(ت) الأشهر { يونيو }لطالب(ة): خالد الطالب ', 1000.00, 'plus', 1, NULL, NULL, 644, 341, NULL, 1),
(1215, '2024-12-17 20:56:20', 'الوكيل(ة): الطالب محمد فال (20000653)  دفع(ت) الأشهر { مارس }لطالب(ة): باب الطالب', 1000.00, 'plus', 1, NULL, NULL, 647, 341, NULL, 1),
(1216, '2024-12-17 20:56:20', 'الوكيل(ة): الطالب محمد فال (20000653)  دفع(ت) الأشهر { يونيو }لطالب(ة): باب الطالب', 1000.00, 'plus', 1, NULL, NULL, 647, 341, NULL, 1),
(1217, '2024-12-17 21:07:57', 'الوكيل(ة): الطالب محمد فال (20000653)  دفع(ت) الأشهر { يوليو }لطالب(ة): خالد الطالب ', 1000.00, 'plus', 1, NULL, NULL, 644, 341, NULL, 1),
(1218, '2024-12-17 21:07:57', 'الوكيل(ة): الطالب محمد فال (20000653)  دفع(ت) الأشهر { سبتمبر }لطالب(ة): خالد الطالب ', 1000.00, 'plus', 1, NULL, NULL, 644, 341, NULL, 1),
(1219, '2024-12-17 21:07:57', 'الوكيل(ة): الطالب محمد فال (20000653)  دفع(ت) الأشهر { يوليو }لطالب(ة): باب الطالب', 1000.00, 'plus', 1, NULL, NULL, 647, 341, NULL, 1),
(1220, '2024-12-17 21:07:57', 'الوكيل(ة): الطالب محمد فال (20000653)  دفع(ت) الأشهر { سبتمبر }لطالب(ة): باب الطالب', 1000.00, 'plus', 1, NULL, NULL, 647, 341, NULL, 1),
(1221, '2024-12-17 21:16:39', 'الوكيل(ة): الطالب محمد فال (20000653)  دفع(ت) الأشهر { يوليو }لطالب(ة): خالد الطالب ', 1000.00, 'plus', 1, NULL, NULL, 644, 341, NULL, 1),
(1222, '2024-12-17 21:16:40', 'الوكيل(ة): الطالب محمد فال (20000653)  دفع(ت) الأشهر { أغسطس }لطالب(ة): خالد الطالب ', 1000.00, 'plus', 1, NULL, NULL, 644, 341, NULL, 1),
(1223, '2024-12-17 21:16:40', 'الوكيل(ة): الطالب محمد فال (20000653)  دفع(ت) الأشهر { يوليو }لطالب(ة): باب الطالب', 1000.00, 'plus', 1, NULL, NULL, 647, 341, NULL, 1),
(1224, '2024-12-17 21:16:40', 'الوكيل(ة): الطالب محمد فال (20000653)  دفع(ت) الأشهر { أغسطس }لطالب(ة): باب الطالب', 1000.00, 'plus', 1, NULL, NULL, 647, 341, NULL, 1),
(1225, '2024-12-17 21:28:27', 'الوكيل(ة): الطالب محمد فال (20000653)  دفع(ت) الأشهر { يوليو,أغسطس } ', 0.00, 'plus', 1, NULL, NULL, 644, 341, NULL, 1),
(1226, '2024-12-17 21:28:27', 'الوكيل(ة): الطالب محمد فال (20000653)  دفع(ت) الأشهر { يوليو,أغسطس } ', 0.00, 'plus', 1, NULL, NULL, 644, 341, NULL, 1),
(1227, '2024-12-17 21:28:27', 'الوكيل(ة): الطالب محمد فال (20000653)  دفع(ت) الأشهر { يوليو,أغسطس } ', 0.00, 'plus', 1, NULL, NULL, 647, 341, NULL, 1),
(1228, '2024-12-17 21:28:27', 'الوكيل(ة): الطالب محمد فال (20000653)  دفع(ت) الأشهر { يوليو,أغسطس } ', 0.00, 'plus', 1, NULL, NULL, 647, 341, NULL, 1),
(1229, '2024-12-17 21:30:51', 'الوكيل(ة): الطالب محمد فال (20000653)  دفع(ت) الأشهر { يوليو,أغسطس } ', 0.00, 'plus', 1, NULL, NULL, 644, 341, NULL, 1),
(1230, '2024-12-17 21:30:51', 'الوكيل(ة): الطالب محمد فال (20000653)  دفع(ت) الأشهر { يوليو,أغسطس } ', 0.00, 'plus', 1, NULL, NULL, 644, 341, NULL, 1),
(1231, '2024-12-17 21:30:51', 'الوكيل(ة): الطالب محمد فال (20000653)  دفع(ت) الأشهر { يوليو,أغسطس } ', 0.00, 'plus', 1, NULL, NULL, 647, 341, NULL, 1),
(1232, '2024-12-17 21:30:51', 'الوكيل(ة): الطالب محمد فال (20000653)  دفع(ت) الأشهر { يوليو,أغسطس } ', 0.00, 'plus', 1, NULL, NULL, 647, 341, NULL, 1),
(1233, '2024-12-17 21:32:11', 'الوكيل(ة): الطالب محمد فال (20000653)  دفع(ت) الأشهر { يوليو }لطالب(ة): خالد الطالب ', 1000.00, 'plus', 1, NULL, NULL, 644, 341, NULL, 1),
(1234, '2024-12-17 21:32:11', 'الوكيل(ة): الطالب محمد فال (20000653)  دفع(ت) الأشهر { أغسطس }لطالب(ة): خالد الطالب ', 1000.00, 'plus', 1, NULL, NULL, 644, 341, NULL, 1),
(1235, '2024-12-17 21:32:11', 'الوكيل(ة): الطالب محمد فال (20000653)  دفع(ت) الأشهر { يوليو }لطالب(ة): باب الطالب', 1000.00, 'plus', 1, NULL, NULL, 647, 341, NULL, 1),
(1236, '2024-12-17 21:32:11', 'الوكيل(ة): الطالب محمد فال (20000653)  دفع(ت) الأشهر { أغسطس }لطالب(ة): باب الطالب', 1000.00, 'plus', 1, NULL, NULL, 647, 341, NULL, 1),
(1237, '2024-12-18 20:34:15', 'الوكيل(ة): الطالب محمد فال (20000653)  دفع(ت) الأشهر { يونيو }لطالب(ة): خالد الطالب ', 1000.00, 'plus', 1, NULL, NULL, 644, 341, NULL, 1),
(1238, '2024-12-18 20:34:15', 'الوكيل(ة): الطالب محمد فال (20000653)  دفع(ت) الأشهر { مايو }لطالب(ة): باب الطالب', 1000.00, 'plus', 1, NULL, NULL, 647, 341, NULL, 1),
(1239, '2024-12-18 20:34:15', 'الوكيل(ة): الطالب محمد فال (20000653)  دفع(ت) الأشهر { يونيو }لطالب(ة): باب الطالب', 600.00, 'plus', 1, NULL, NULL, 647, 341, NULL, 1),
(1240, '2024-12-18 20:41:41', 'الوكيل(ة): الطالب محمد فال (20000653)  دفع(ت) الأشهر { نوفمبر }لطالب(ة): خالد الطالب ', 1000.00, 'plus', 1, NULL, NULL, 644, 341, NULL, 1),
(1241, '2024-12-18 20:41:41', 'الوكيل(ة): الطالب محمد فال (20000653)  دفع(ت) الأشهر { نوفمبر }لطالب(ة): باب الطالب', 1000.00, 'plus', 1, NULL, NULL, 647, 341, NULL, 1),
(1242, '2024-12-18 21:00:59', 'الوكيل(ة): الطالب محمد فال (20000653)  دفع(ت) الأشهر { فبراير }لطالب(ة): خالد الطالب ', 0.00, 'plus', 1, NULL, NULL, 644, 341, NULL, 1),
(1243, '2024-12-18 21:00:59', 'الوكيل(ة): الطالب محمد فال (20000653)  دفع(ت) الأشهر { فبراير }لطالب(ة): باب الطالب', 0.00, 'plus', 1, NULL, NULL, 647, 341, NULL, 1);
INSERT INTO `transactions` (`id`, `transaction_date`, `transaction_description`, `amount`, `transaction_type`, `fund_id`, `bank_account_id`, `employee_id`, `student_id`, `agent_id`, `activitie_id`, `user_id`) VALUES
(1244, '2024-12-18 21:02:07', 'الوكيل(ة): الطالب محمد فال (20000653)  دفع(ت) الأشهر { يناير }لطالب(ة): خالد الطالب ', 1000.00, 'plus', 1, NULL, NULL, 644, 341, NULL, 1),
(1245, '2024-12-18 21:02:07', 'الوكيل(ة): الطالب محمد فال (20000653)  دفع(ت) الأشهر { يناير }لطالب(ة): باب الطالب', 0.00, 'plus', 1, NULL, NULL, 647, 341, NULL, 1),
(1246, '2024-12-18 21:03:08', 'الوكيل(ة): الطالب محمد فال (20000653)  دفع(ت) الأشهر { أبريل }لطالب(ة): خالد الطالب ', 1000.00, 'plus', 1, NULL, NULL, 644, 341, NULL, 1),
(1247, '2024-12-18 21:03:08', 'الوكيل(ة): الطالب محمد فال (20000653)  دفع(ت) الأشهر { أبريل }لطالب(ة): باب الطالب', 800.00, 'plus', 1, NULL, NULL, 647, 341, NULL, 1),
(1248, '2024-12-18 21:04:00', 'الوكيل(ة): الطالب محمد فال (20000653)  دفع(ت) الأشهر { مايو }لطالب(ة): باب الطالب', 1000.00, 'plus', 1, NULL, NULL, 647, 341, NULL, 1),
(1249, '2024-12-18 21:04:14', 'الوكيل(ة): الطالب محمد فال (20000653)  دفع(ت) الأشهر { مايو }لطالب(ة): خالد الطالب ', 1000.00, 'plus', 1, NULL, NULL, 644, 341, NULL, 1),
(1250, '2024-12-18 21:04:14', 'الوكيل(ة): الطالب محمد فال (20000653)  دفع(ت) الأشهر { أغسطس }لطالب(ة): خالد الطالب ', 1000.00, 'plus', 1, NULL, NULL, 644, 341, NULL, 1),
(1251, '2024-12-18 21:04:14', 'الوكيل(ة): الطالب محمد فال (20000653)  دفع(ت) الأشهر { أغسطس }لطالب(ة): باب الطالب', 800.00, 'plus', 1, NULL, NULL, 647, 341, NULL, 1),
(1252, '2024-12-19 00:23:54', 'الوكيل(ة): الطالب محمد فال (20000653)  سدد(ت) متأخرات  لطالب(ة): خالد الطالب ', 1000.00, 'plus', 1, NULL, NULL, 644, 341, NULL, 1),
(1253, '2024-12-19 00:23:54', 'الوكيل(ة): الطالب محمد فال (20000653)  سدد(ت) متأخرات  لطالب(ة): باب الطالب', 2000.00, 'plus', 1, NULL, NULL, 647, 341, NULL, 1),
(1254, '2024-12-19 00:24:32', 'الوكيل(ة): الطالب محمد فال (20000653)  سدد(ت) متأخرات  لطالب(ة): باب الطالب', 200.00, 'plus', 1, NULL, NULL, 647, 341, NULL, 1);

-- --------------------------------------------------------

--
-- Structure de la table `users`
--

CREATE TABLE `users` (
  `id` int(11) NOT NULL,
  `username` varchar(100) NOT NULL,
  `password` varchar(255) NOT NULL,
  `role_id` int(11) DEFAULT NULL
) ENGINE=InnoDB DEFAULT CHARSET=utf8mb4 COLLATE=utf8mb4_general_ci;

--
-- Déchargement des données de la table `users`
--

INSERT INTO `users` (`id`, `username`, `password`, `role_id`) VALUES
(1, 'admin', '23112015', 1),
(14, 'يحيى', '26511001', 3),
(15, 'ابوه', '26604450', 2),
(16, 'محمد إدوم', '32202300', 2),
(17, 'الحاج الشيخ أحمد', '36826263', 3),
(18, 'فتيحة محمد', '1357', 5),
(19, 'محمد اعل محمود', 'sb7an lah', 4),
(21, 'يحيى', '12345678bah', 4),
(22, 'الولي محمد المصطفى', '22675737', 2);

-- --------------------------------------------------------

--
-- Structure de la table `user_activity_log`
--

CREATE TABLE `user_activity_log` (
  `id` int(11) NOT NULL,
  `user_id` int(11) NOT NULL,
  `transaction_description` text NOT NULL,
  `amount` decimal(10,2) NOT NULL,
  `transaction_date` datetime DEFAULT current_timestamp(),
  `transaction_type` varchar(10) DEFAULT NULL
) ENGINE=InnoDB DEFAULT CHARSET=utf8mb4 COLLATE=utf8mb4_general_ci;

--
-- Index pour les tables déchargées
--

--
-- Index pour la table `absences`
--
ALTER TABLE `absences`
  ADD PRIMARY KEY (`absence_id`),
  ADD KEY `student_id` (`student_id`);

--
-- Index pour la table `academic_years`
--
ALTER TABLE `academic_years`
  ADD PRIMARY KEY (`year_id`);

--
-- Index pour la table `activities`
--
ALTER TABLE `activities`
  ADD PRIMARY KEY (`id`),
  ADD KEY `fk_student` (`student_id`);

--
-- Index pour la table `activities_payments`
--
ALTER TABLE `activities_payments`
  ADD PRIMARY KEY (`id`),
  ADD KEY `student_activity_id` (`student_activity_id`),
  ADD KEY `bank_id` (`bank_id`);

--
-- Index pour la table `agents`
--
ALTER TABLE `agents`
  ADD PRIMARY KEY (`agent_id`);

--
-- Index pour la table `attendance`
--
ALTER TABLE `attendance`
  ADD PRIMARY KEY (`event_id`);

--
-- Index pour la table `bank_accounts`
--
ALTER TABLE `bank_accounts`
  ADD PRIMARY KEY (`account_id`);

--
-- Index pour la table `branches`
--
ALTER TABLE `branches`
  ADD PRIMARY KEY (`branch_id`);

--
-- Index pour la table `classes`
--
ALTER TABLE `classes`
  ADD PRIMARY KEY (`class_id`),
  ADD KEY `branch_id` (`branch_id`);

--
-- Index pour la table `combined_transactions`
--
ALTER TABLE `combined_transactions`
  ADD PRIMARY KEY (`id`);

--
-- Index pour la table `donate_accounts`
--
ALTER TABLE `donate_accounts`
  ADD PRIMARY KEY (`id`);

--
-- Index pour la table `donate_transactions`
--
ALTER TABLE `donate_transactions`
  ADD PRIMARY KEY (`id`);

--
-- Index pour la table `employees`
--
ALTER TABLE `employees`
  ADD PRIMARY KEY (`id`),
  ADD KEY `job_id` (`job_id`);

--
-- Index pour la table `expense_accounts`
--
ALTER TABLE `expense_accounts`
  ADD PRIMARY KEY (`id`);

--
-- Index pour la table `expense_transaction`
--
ALTER TABLE `expense_transaction`
  ADD PRIMARY KEY (`id`),
  ADD KEY `expense_account_id` (`expense_account_id`),
  ADD KEY `bank_id` (`bank_id`);

--
-- Index pour la table `fire_employee`
--
ALTER TABLE `fire_employee`
  ADD PRIMARY KEY (`id`),
  ADD KEY `employee_id` (`employee_id`);

--
-- Index pour la table `funds`
--
ALTER TABLE `funds`
  ADD PRIMARY KEY (`id`);

--
-- Index pour la table `jobs`
--
ALTER TABLE `jobs`
  ADD PRIMARY KEY (`id`);

--
-- Index pour la table `levels`
--
ALTER TABLE `levels`
  ADD PRIMARY KEY (`id`);

--
-- Index pour la table `months_not_paid`
--
ALTER TABLE `months_not_paid`
  ADD PRIMARY KEY (`id`);

--
-- Index pour la table `parametres`
--
ALTER TABLE `parametres`
  ADD PRIMARY KEY (`id`);

--
-- Index pour la table `payments`
--
ALTER TABLE `payments`
  ADD PRIMARY KEY (`payment_id`),
  ADD KEY `student_id` (`student_id`),
  ADD KEY `bank_id` (`bank_id`),
  ADD KEY `fk_payments_agent` (`agent_id`);

--
-- Index pour la table `processed_salaries`
--
ALTER TABLE `processed_salaries`
  ADD PRIMARY KEY (`id`),
  ADD UNIQUE KEY `unique_month_year` (`month`,`year`);

--
-- Index pour la table `receipts`
--
ALTER TABLE `receipts`
  ADD PRIMARY KEY (`receipt_id`);

--
-- Index pour la table `receipt_payments`
--
ALTER TABLE `receipt_payments`
  ADD PRIMARY KEY (`receipt_id`,`transaction_id`),
  ADD KEY `transaction_id` (`transaction_id`);

--
-- Index pour la table `roles`
--
ALTER TABLE `roles`
  ADD PRIMARY KEY (`id`);

--
-- Index pour la table `students`
--
ALTER TABLE `students`
  ADD PRIMARY KEY (`id`),
  ADD KEY `fk_class` (`class_id`),
  ADD KEY `fk_branch` (`branch_id`),
  ADD KEY `fk_agent` (`agent_id`),
  ADD KEY `fk_level_id` (`level_id`);

--
-- Index pour la table `student_activities`
--
ALTER TABLE `student_activities`
  ADD PRIMARY KEY (`id`),
  ADD KEY `student_id` (`student_id`),
  ADD KEY `activity_id` (`activity_id`);

--
-- Index pour la table `student_performance`
--
ALTER TABLE `student_performance`
  ADD PRIMARY KEY (`id`),
  ADD UNIQUE KEY `student_id` (`student_id`,`quarter`);

--
-- Index pour la table `suspended_employees`
--
ALTER TABLE `suspended_employees`
  ADD PRIMARY KEY (`suspension_id`);

--
-- Index pour la table `suspended_students`
--
ALTER TABLE `suspended_students`
  ADD PRIMARY KEY (`suspended_id`),
  ADD KEY `student_id` (`student_id`);

--
-- Index pour la table `tblemployees`
--
ALTER TABLE `tblemployees`
  ADD PRIMARY KEY (`id`);

--
-- Index pour la table `transactions`
--
ALTER TABLE `transactions`
  ADD PRIMARY KEY (`id`),
  ADD KEY `fund_id` (`fund_id`),
  ADD KEY `bank_account_id` (`bank_account_id`),
  ADD KEY `employee_id` (`employee_id`),
  ADD KEY `fk_transactions_student` (`student_id`),
  ADD KEY `fk_agent_id` (`agent_id`),
  ADD KEY `fk_activitie_id` (`activitie_id`);

--
-- Index pour la table `users`
--
ALTER TABLE `users`
  ADD PRIMARY KEY (`id`),
  ADD KEY `role_id` (`role_id`);

--
-- Index pour la table `user_activity_log`
--
ALTER TABLE `user_activity_log`
  ADD PRIMARY KEY (`id`),
  ADD KEY `user_id` (`user_id`);

--
-- AUTO_INCREMENT pour les tables déchargées
--

--
-- AUTO_INCREMENT pour la table `absences`
--
ALTER TABLE `absences`
  MODIFY `absence_id` int(11) NOT NULL AUTO_INCREMENT, AUTO_INCREMENT=1241;

--
-- AUTO_INCREMENT pour la table `academic_years`
--
ALTER TABLE `academic_years`
  MODIFY `year_id` int(11) NOT NULL AUTO_INCREMENT, AUTO_INCREMENT=14;

--
-- AUTO_INCREMENT pour la table `activities`
--
ALTER TABLE `activities`
  MODIFY `id` int(11) NOT NULL AUTO_INCREMENT, AUTO_INCREMENT=3;

--
-- AUTO_INCREMENT pour la table `activities_payments`
--
ALTER TABLE `activities_payments`
  MODIFY `id` int(11) NOT NULL AUTO_INCREMENT, AUTO_INCREMENT=23;

--
-- AUTO_INCREMENT pour la table `agents`
--
ALTER TABLE `agents`
  MODIFY `agent_id` int(11) NOT NULL AUTO_INCREMENT, AUTO_INCREMENT=468;

--
-- AUTO_INCREMENT pour la table `attendance`
--
ALTER TABLE `attendance`
  MODIFY `event_id` int(11) NOT NULL AUTO_INCREMENT;

--
-- AUTO_INCREMENT pour la table `bank_accounts`
--
ALTER TABLE `bank_accounts`
  MODIFY `account_id` int(11) NOT NULL AUTO_INCREMENT, AUTO_INCREMENT=17;

--
-- AUTO_INCREMENT pour la table `branches`
--
ALTER TABLE `branches`
  MODIFY `branch_id` int(11) NOT NULL AUTO_INCREMENT, AUTO_INCREMENT=26;

--
-- AUTO_INCREMENT pour la table `classes`
--
ALTER TABLE `classes`
  MODIFY `class_id` int(11) NOT NULL AUTO_INCREMENT, AUTO_INCREMENT=46;

--
-- AUTO_INCREMENT pour la table `combined_transactions`
--
ALTER TABLE `combined_transactions`
  MODIFY `id` int(11) NOT NULL AUTO_INCREMENT, AUTO_INCREMENT=1048;

--
-- AUTO_INCREMENT pour la table `donate_accounts`
--
ALTER TABLE `donate_accounts`
  MODIFY `id` int(11) NOT NULL AUTO_INCREMENT, AUTO_INCREMENT=10005;

--
-- AUTO_INCREMENT pour la table `donate_transactions`
--
ALTER TABLE `donate_transactions`
  MODIFY `id` int(11) NOT NULL AUTO_INCREMENT, AUTO_INCREMENT=6;

--
-- AUTO_INCREMENT pour la table `employees`
--
ALTER TABLE `employees`
  MODIFY `id` int(11) NOT NULL AUTO_INCREMENT, AUTO_INCREMENT=61;

--
-- AUTO_INCREMENT pour la table `expense_accounts`
--
ALTER TABLE `expense_accounts`
  MODIFY `id` int(11) NOT NULL AUTO_INCREMENT, AUTO_INCREMENT=22;

--
-- AUTO_INCREMENT pour la table `expense_transaction`
--
ALTER TABLE `expense_transaction`
  MODIFY `id` int(11) NOT NULL AUTO_INCREMENT, AUTO_INCREMENT=78;

--
-- AUTO_INCREMENT pour la table `fire_employee`
--
ALTER TABLE `fire_employee`
  MODIFY `id` int(11) NOT NULL AUTO_INCREMENT;

--
-- AUTO_INCREMENT pour la table `funds`
--
ALTER TABLE `funds`
  MODIFY `id` int(11) NOT NULL AUTO_INCREMENT, AUTO_INCREMENT=2;

--
-- AUTO_INCREMENT pour la table `jobs`
--
ALTER TABLE `jobs`
  MODIFY `id` int(11) NOT NULL AUTO_INCREMENT, AUTO_INCREMENT=6;

--
-- AUTO_INCREMENT pour la table `levels`
--
ALTER TABLE `levels`
  MODIFY `id` int(11) NOT NULL AUTO_INCREMENT, AUTO_INCREMENT=21;

--
-- AUTO_INCREMENT pour la table `months_not_paid`
--
ALTER TABLE `months_not_paid`
  MODIFY `id` int(11) NOT NULL AUTO_INCREMENT, AUTO_INCREMENT=839;

--
-- AUTO_INCREMENT pour la table `payments`
--
ALTER TABLE `payments`
  MODIFY `payment_id` int(11) NOT NULL AUTO_INCREMENT, AUTO_INCREMENT=954;

--
-- AUTO_INCREMENT pour la table `processed_salaries`
--
ALTER TABLE `processed_salaries`
  MODIFY `id` int(11) NOT NULL AUTO_INCREMENT, AUTO_INCREMENT=8;

--
-- AUTO_INCREMENT pour la table `receipts`
--
ALTER TABLE `receipts`
  MODIFY `receipt_id` int(11) NOT NULL AUTO_INCREMENT, AUTO_INCREMENT=973;

--
-- AUTO_INCREMENT pour la table `roles`
--
ALTER TABLE `roles`
  MODIFY `id` int(11) NOT NULL AUTO_INCREMENT, AUTO_INCREMENT=6;

--
-- AUTO_INCREMENT pour la table `students`
--
ALTER TABLE `students`
  MODIFY `id` int(11) NOT NULL AUTO_INCREMENT, AUTO_INCREMENT=1002;

--
-- AUTO_INCREMENT pour la table `student_activities`
--
ALTER TABLE `student_activities`
  MODIFY `id` int(11) NOT NULL AUTO_INCREMENT, AUTO_INCREMENT=10;

--
-- AUTO_INCREMENT pour la table `student_performance`
--
ALTER TABLE `student_performance`
  MODIFY `id` int(11) NOT NULL AUTO_INCREMENT, AUTO_INCREMENT=1040;

--
-- AUTO_INCREMENT pour la table `suspended_employees`
--
ALTER TABLE `suspended_employees`
  MODIFY `suspension_id` int(11) NOT NULL AUTO_INCREMENT, AUTO_INCREMENT=4;

--
-- AUTO_INCREMENT pour la table `suspended_students`
--
ALTER TABLE `suspended_students`
  MODIFY `suspended_id` int(11) NOT NULL AUTO_INCREMENT, AUTO_INCREMENT=59;

--
-- AUTO_INCREMENT pour la table `tblemployees`
--
ALTER TABLE `tblemployees`
  MODIFY `id` int(11) NOT NULL AUTO_INCREMENT, AUTO_INCREMENT=17;

--
-- AUTO_INCREMENT pour la table `transactions`
--
ALTER TABLE `transactions`
  MODIFY `id` int(11) NOT NULL AUTO_INCREMENT, AUTO_INCREMENT=1255;

--
-- AUTO_INCREMENT pour la table `users`
--
ALTER TABLE `users`
  MODIFY `id` int(11) NOT NULL AUTO_INCREMENT, AUTO_INCREMENT=24;

--
-- AUTO_INCREMENT pour la table `user_activity_log`
--
ALTER TABLE `user_activity_log`
  MODIFY `id` int(11) NOT NULL AUTO_INCREMENT;

--
-- Contraintes pour les tables déchargées
--

--
-- Contraintes pour la table `absences`
--
ALTER TABLE `absences`
  ADD CONSTRAINT `absences_ibfk_1` FOREIGN KEY (`student_id`) REFERENCES `students` (`id`) ON DELETE CASCADE;

--
-- Contraintes pour la table `activities`
--
ALTER TABLE `activities`
  ADD CONSTRAINT `fk_student` FOREIGN KEY (`student_id`) REFERENCES `students` (`id`);

--
-- Contraintes pour la table `activities_payments`
--
ALTER TABLE `activities_payments`
  ADD CONSTRAINT `activities_payments_ibfk_1` FOREIGN KEY (`student_activity_id`) REFERENCES `student_activities` (`id`),
  ADD CONSTRAINT `activities_payments_ibfk_2` FOREIGN KEY (`bank_id`) REFERENCES `bank_accounts` (`account_id`);

--
-- Contraintes pour la table `classes`
--
ALTER TABLE `classes`
  ADD CONSTRAINT `classes_ibfk_1` FOREIGN KEY (`branch_id`) REFERENCES `branches` (`branch_id`) ON DELETE CASCADE ON UPDATE CASCADE;

--
-- Contraintes pour la table `employees`
--
ALTER TABLE `employees`
  ADD CONSTRAINT `employees_ibfk_1` FOREIGN KEY (`job_id`) REFERENCES `jobs` (`id`) ON DELETE CASCADE;

--
-- Contraintes pour la table `expense_transaction`
--
ALTER TABLE `expense_transaction`
  ADD CONSTRAINT `expense_transaction_ibfk_1` FOREIGN KEY (`expense_account_id`) REFERENCES `expense_accounts` (`id`) ON DELETE CASCADE,
  ADD CONSTRAINT `expense_transaction_ibfk_2` FOREIGN KEY (`bank_id`) REFERENCES `bank_accounts` (`account_id`) ON DELETE SET NULL;

--
-- Contraintes pour la table `payments`
--
ALTER TABLE `payments`
  ADD CONSTRAINT `fk_payments_agent` FOREIGN KEY (`agent_id`) REFERENCES `agents` (`agent_id`),
  ADD CONSTRAINT `payments_ibfk_1` FOREIGN KEY (`student_id`) REFERENCES `students` (`id`) ON DELETE CASCADE,
  ADD CONSTRAINT `payments_ibfk_2` FOREIGN KEY (`bank_id`) REFERENCES `bank_accounts` (`account_id`);

--
-- Contraintes pour la table `receipt_payments`
--
ALTER TABLE `receipt_payments`
  ADD CONSTRAINT `receipt_payments_ibfk_1` FOREIGN KEY (`receipt_id`) REFERENCES `receipts` (`receipt_id`),
  ADD CONSTRAINT `receipt_payments_ibfk_2` FOREIGN KEY (`transaction_id`) REFERENCES `combined_transactions` (`id`) ON DELETE CASCADE;

--
-- Contraintes pour la table `students`
--
ALTER TABLE `students`
  ADD CONSTRAINT `fk_level_id` FOREIGN KEY (`level_id`) REFERENCES `levels` (`id`) ON DELETE SET NULL;

--
-- Contraintes pour la table `student_performance`
--
ALTER TABLE `student_performance`
  ADD CONSTRAINT `student_performance_ibfk_1` FOREIGN KEY (`student_id`) REFERENCES `students` (`id`) ON DELETE CASCADE;
COMMIT;

/*!40101 SET CHARACTER_SET_CLIENT=@OLD_CHARACTER_SET_CLIENT */;
/*!40101 SET CHARACTER_SET_RESULTS=@OLD_CHARACTER_SET_RESULTS */;
/*!40101 SET COLLATION_CONNECTION=@OLD_COLLATION_CONNECTION */;
